cst_id,cst_key,cst_firstname,cst_lastname,cst_marital_status,cst_gndr,cst_create_date
20000,EG00020000,Omar,Ibrahim,M,M,2023-06-21
20001,EG00020001,Aliaa,Fathy,M,f,2022-09-09
20002,EG00020002,Youssef,Hamdy,S,Male,2023-12-13
20003,EG00020003,Adel,Rashad,M,m,2024-01-11
20004,EG00020004,Omar,Fathy,M,M,2024-01-10
20005,EG00020005,Aliaa,Rashad,S,Female,2024-03-26
20006,EG00020006,Marwa,Farid,S,f,2023-10-12
20007,EG00020007,Hany,Hamdy,married,m,2022-09-22
20008,EG00020008,Marwa,Mahmoud,S,f,2022-11-28
20009,EG00020009,Dina,Ezzat,S,F,2023-05-29
20010,EG00020010,Adel,Fouad,,M,2024-10-26
20011,EG00020011,Ashraf,Tolba,single,Male,2025-02-28
20012,EG00020012, Ahmed,Hassan,,Male,2025-08-26
20013,EG00020013,Ashraf,Farid ,single,Male,2025-08-07
20014,EG00020014,Radwa,Abdel Rahman,S,,2022-05-30
20015,EG00020015,Mahmoud,Hamdy,S,m,2023-10-03
20016,EG00020016,Mona,Shawky,,F,2023-10-16
20017,EG00020017,Hany,Ali,S,M,2023-08-18
20018,EG00020018,Doaa,Farid,M,Female,2025-03-29
20019,EG00020019,Heba,El-Sayed,M,Female,2024-10-15
20020,EG00020020,Youssef,Shawky,M,Male,2022-04-10
20021,EG00020021,Tarek,El-Masry,single,,2023-08-09
20022,EG00020022,Omar,Farid,S,,2024-01-20
20023,EG00020023,Ali,Mahmoud,,Male,2022-05-31
20024,EG00020024,Marwa,Hamdy,,F,2022-09-21
20025,EG00020025,Ali,Ezzat,S,m,2023-02-12
20026,EG00020026, Marwa,Mahmoud,S,,2024-11-29
20027,EG00020027,Yasmin,Zaki,,Female,2022-11-29
20028,EG00020028,Doaa,Nabil,,,2025-02-26
20029,EG00020029,Radwa,Ibrahim,M,Female,2025-07-12
20030,EG00020030,Ayman,El-Masry,married,m,2022-04-16
20031,EG00020031,Rana,Saad,married,,2022-10-30
20032,EG00020032,Mohamed,Tolba ,S,,2023-10-05
20033,EG00020033,Yasmin,Farid,married,,2022-05-08
20034,EG00020034,Sameh,Fathy,M,,2023-10-05
20035,EG00020035,Hany,Rashad,married,Male,2025-06-03
20036,EG00020036,Heba,Abdel Rahman,S,Female,2023-03-01
20037,EG00020037,Reem,El-Masry,married,Female,2023-08-13
20038,EG00020038,Ashraf,Rashad,married,Male,2022-10-27
20039,EG00020039,Sara,Nabil ,M,Female,2024-09-08
20040,EG00020040,Amr,Rashad,S,m,2022-08-12
20041,EG00020041,Khaled,Mahmoud,single,m,2022-04-18
20042,EG00020042,Mostafa,Gaber ,married,m,2022-01-11
20043,EG00020043,Mostafa,El-Masry,S,Male,2023-08-08
20044,EG00020044,Youssef,Tolba,married,M,2022-12-25
20045,EG00020045,Rana,Mahmoud,M,f,2023-08-16
20046,EG00020046,Ahmed,Nabil ,S,Male,2024-07-19
20047,EG00020047,Yasmin,Saad,S,Female,2022-11-29
20048,EG00020048, Aya,El-Sayed,S,f,2022-12-26
20049,EG00020049,Hend,Saad,S,f,2022-10-15
20050,EG00020050, Reem,Abdel Rahman,M,Female,2023-11-07
20051,EG00020051, Eman,Tolba,single,f,2022-05-08
20052,EG00020052,Hany,Nabil,single,Male,2022-08-29
20053,EG00020053,Mona,Zaki,M,f,2024-07-20
20054,EG00020054,Hend,Rashad,married,f,2023-05-22
20055,EG00020055,Sameh,Hamdy,,M,2022-05-07
20056,EG00020056,Ashraf,Rashad,,,2022-08-27
20057,EG00020057, Ashraf,El-Masry,married,M,2024-07-17
20058,EG00020058,Sameh,Farid ,M,Male,2022-02-14
20059,EG00020059,Aya,Ibrahim,S,,2023-12-07
20060,EG00020060,Adel,Mahmoud ,M,M,2023-08-11
20061,EG00020061,Rana,Kamel,single,,2024-02-06
20062,EG00020062,Aliaa,Shawky,single,f,2025-08-31
20063,EG00020063,Nour,El-Sayed,M,f,2022-01-08
20064,EG00020064,Tarek,Hamdy,,,2023-04-16
20065,EG00020065,Hany,Ezzat,single,M,2022-03-07
20066,EG00020066,Doaa,Ibrahim ,,F,2024-07-03
20067,EG00020067,Khaled,Mahmoud,M,M,2022-10-14
20068,EG00020068,Dina,Tolba,single,Female,2023-05-01
20069,EG00020069,Yasmin,Saad,S,f,2025-07-06
20070,EG00020070, Shaimaa,El-Masry,single,,2024-12-10
20071,EG00020071,Hend,Farid,married,,2023-05-09
20072,EG00020072,Tarek,Kamel,,,2024-05-03
20073,EG00020073,Ali,Abdel Rahman,S,,2024-01-30
20074,EG00020074, Adel,Fathy,,M,2022-05-30
20075,EG00020075,Ashraf,Rashad,S,Male,2022-02-01
20076,EG00020076,Amr,Ali,M,m,2024-03-23
20077,EG00020077,Adel,Gaber,,Male,2023-09-24
20078,EG00020078,Mona,Saad,married,,2023-10-18
20079,EG00020079,Sherif,Gaber,M,m,2022-02-03
20080,EG00020080,Shaimaa,Tolba,M,f,2023-11-07
20081,EG00020081,Ali,Tolba,single,Male,2023-06-12
20082,EG00020082,Radwa,Hamdy,M,f,2025-01-24
20083,EG00020083,Rana,Rashad,,F,2022-06-02
20084,EG00020084,Ahmed,Farid,S,m,2022-01-19
20085,EG00020085,Sameh,Hamdy,single,,2025-09-12
20086,EG00020086,Mariam,Ibrahim,S,Female,2025-01-02
20087,EG00020087,Mariam,Saad,married,f,2022-08-08
20088,EG00020088,Sameh,Kamel,S,Male,2023-07-02
20089,EG00020089,Fatma,Ezzat,M,f,2023-09-07
20090,EG00020090,Mohamed,Hassan,M,M,2025-07-28
20091,EG00020091,Mahmoud,Hassan,married,Male,2025-03-04
20092,EG00020092,Sameh,Mahmoud,single,,2023-07-10
20093,EG00020093,Youssef,Fouad,S,m,2023-10-07
20094,EG00020094,Amr,Tolba,married,,2022-06-07
20095,EG00020095,Rana,Tolba,M,Female,2024-02-26
20096,EG00020096,Youssef,Saad,S,,2023-04-21
20097,EG00020097,Ibrahim,Zaki,M,Male,2022-03-02
20098,EG00020098,Aliaa,El-Masry,M,,2023-01-16
20099,EG00020099,Fatma,Zaki,S,F,2023-07-03
20100,EG00020100,Ali,Kamel,S,M,2022-01-11
20101,EG00020101,Aliaa,Ezzat ,S,f,2024-06-01
20102,EG00020102,Shaimaa,Rashad ,S,Female,2025-02-09
20103,EG00020103,Ayman,Zaki,S,Male,2024-04-27
20104,EG00020104,Fatma,Rashad,,f,2024-02-19
20105,EG00020105,Karim,Fouad,S,m,2024-06-09
20106,EG00020106,Hend,Nabil ,S,f,2025-07-04
20107,EG00020107,Doaa,Zaki ,S,F,2024-03-21
20108,EG00020108,Doaa,Shawky,S,,2025-08-26
20109,EG00020109,Tarek,Gaber,M,Male,2022-12-30
20110,EG00020110,Reem,Nabil,,f,2023-10-30
20111,EG00020111,Aya,Shawky,M,f,2025-01-31
20112,EG00020112,Hany,Fathy,single,M,2024-04-17
20113,EG00020113,Yasmin,Nabil,single,,2024-02-12
20114,EG00020114,Hany,Zaki,,,2025-01-18
20115,EG00020115,Sherif,Rashad,S,m,2025-09-08
20116,EG00020116, Rana,Zaki,single,,2023-11-11
20117,EG00020117, Nour,Ibrahim,single,f,2024-07-01
20118,EG00020118,Nourhan,Hamdy,,f,2023-12-08
20119,EG00020119,Wael,Ali,S,M,2022-10-18
20120,EG00020120,Salma,Gaber,M,Female,2024-09-02
20121,EG00020121,Hany,Hamdy,married,M,2022-02-16
20122,EG00020122,Nour,El-Sayed,,f,2025-02-04
20123,EG00020123,Ibrahim,Rashad,married,,2025-07-13
20124,EG00020124,Mahmoud,Farid,M,,2025-04-27
20125,EG00020125,Nourhan,Ibrahim,married,F,2025-03-28
20126,EG00020126,Adel,El-Sayed,S,Male,2024-09-29
20127,EG00020127,Doaa,Shawky,S,Female,2024-07-26
20128,EG00020128,Tarek,Zaki,S,M,2023-05-04
20129,EG00020129,Nour,El-Sayed,M,,2025-05-06
20130,EG00020130,Ashraf,Shawky,,m,2025-02-10
20131,EG00020131,Wael,Nabil,M,M,2024-01-06
20132,EG00020132,Wael,Kamel,,,2024-04-17
20133,EG00020133,Hend,Hamdy ,S,f,2023-08-22
20134,EG00020134,Hassan,Abdel Rahman,M,,2025-01-30
20135,EG00020135,Ashraf,Ali,S,M,2024-06-22
20136,EG00020136,Mostafa,Ali,M,Male,2022-03-08
20137,EG00020137,Aya,Ezzat ,married,F,2023-05-01
20138,EG00020138,Ashraf,Ezzat,M,m,2025-06-15
20139,EG00020139,Amr,Fathy,,Male,2025-05-07
20140,EG00020140,Ibrahim,Nabil,married,M,2022-10-05
20141,EG00020141,Sara,Fouad,married,f,2023-05-27
20142,EG00020142,Ibrahim,Abdel Rahman,M,m,2025-03-28
20143,EG00020143,Hend,Shawky,married,F,2024-04-05
20144,EG00020144,Mona,Hamdy,S,F,2024-07-27
20145,EG00020145,Fatma,Rashad,married,f,2024-10-10
20146,EG00020146,Reem,Nabil,,,2023-12-05
20147,EG00020147,Mohamed,Ali,S,M,2022-11-20
20148,EG00020148,Aliaa,Ibrahim,single,f,2025-08-24
20149,EG00020149, Rana,Fouad,S,Female,2025-09-22
20150,EG00020150,Mohamed,Shawky,married,m,2024-05-29
20151,EG00020151,Omar,Ibrahim ,,m,2024-11-29
20152,EG00020152,Mariam,Ibrahim,married,,2022-09-28
20153,EG00020153,Fatma,Abdel Rahman,S,F,2023-10-04
20154,EG00020154,Salma,Kamel,married,f,2025-08-06
20155,EG00020155,Youssef,Saad,M,,2023-12-21
20156,EG00020156,Karim,Farid,M,M,2022-07-25
20157,EG00020157,Omar,Tolba,M,Male,2022-10-14
20158,EG00020158,Hassan,Hassan,single,Male,2022-02-24
20159,EG00020159,Heba,Saad,M,Female,2025-08-16
20160,EG00020160,Khaled,El-Masry,single,M,2024-12-17
20161,EG00020161,Sherif,Gaber,,,2024-01-19
20162,EG00020162, Wael,Hassan ,S,m,2022-03-23
20163,EG00020163,Ali,Saad,married,,2024-05-17
20164,EG00020164,Fatma,Rashad,S,Female,2022-06-11
20165,EG00020165,Karim,Rashad,married,M,2023-09-28
20166,EG00020166,Dina,Mahmoud,S,,2025-06-07
20167,EG00020167, Tarek,El-Sayed,single,M,2022-12-02
20168,EG00020168,Mona,Saad,S,f,2024-02-01
20169,EG00020169,Hassan,Ali ,married,,2023-07-12
20170,EG00020170,Hassan,Tolba,,Male,2022-04-24
20171,EG00020171,Eman,El-Sayed,S,F,2023-04-13
20172,EG00020172,Mohamed,Ibrahim,M,m,2023-01-02
20173,EG00020173,Adel,Farid,single,Male,2023-07-10
20174,EG00020174, Ashraf,Ezzat,S,m,2023-04-03
20175,EG00020175,Ali,Hassan,married,Male,2023-11-02
20176,EG00020176, Adel,Hamdy,,Male,2025-06-29
20177,EG00020177,Hany,Ezzat,married,m,2025-01-24
20178,EG00020178,Karim,Ibrahim ,,Male,2025-07-26
20179,EG00020179,Ibrahim,Ibrahim,single,Male,2022-08-01
20180,EG00020180,Sameh,Abdel Rahman,M,Male,2022-07-10
20181,EG00020181,Khaled,Saad,M,M,2025-04-04
20182,EG00020182,Sameh,Kamel,,M,2024-06-09
20183,EG00020183,Khaled,Nabil,married,,2023-10-31
20184,EG00020184,Aliaa,Fouad,M,F,2022-11-15
20185,EG00020185,Mahmoud,Hamdy,,Male,2023-03-02
20186,EG00020186,Salma,Hamdy ,M,Female,2025-05-20
20187,EG00020187,Amr,Gaber,S,,2024-11-17
20188,EG00020188,Tarek,Fouad,M,,2025-02-12
20189,EG00020189, Omar,Hamdy,S,M,2022-05-07
20190,EG00020190,Karim,Fathy,single,M,2025-04-07
20191,EG00020191,Fatma,Ibrahim,single,,2022-09-21
20192,EG00020192, Ibrahim,Ali,M,,2024-03-19
20193,EG00020193,Mariam,Shawky,M,f,2023-07-18
20194,EG00020194, Aliaa,Kamel,M,Female,2024-10-18
20195,EG00020195, Shaimaa,El-Masry,M,,2023-02-13
20196,EG00020196,Adel,Ibrahim,S,,2025-01-20
20197,EG00020197,Mona,Tolba,M,F,2023-10-16
20198,EG00020198, Ahmed,Fouad,,Male,2025-04-11
20199,EG00020199,Mahmoud,Ali,,M,2023-03-26
20200,EG00020200,Mona,El-Sayed,married,Female,2025-04-26
20201,EG00020201,Sherif,Tolba,M,,2025-01-15
20202,EG00020202, Rana,El-Masry ,,f,2022-02-10
20203,EG00020203,Mariam,Gaber,M,Female,2022-12-30
20204,EG00020204,Sara,Ibrahim,M,F,2024-12-13
20205,EG00020205,Fatma,Ezzat,,F,2023-11-21
20206,EG00020206,Reem,Kamel,M,,2025-08-22
20207,EG00020207,Rana,Rashad,married,Female,2023-04-03
20208,EG00020208,Ali,Nabil,M,M,2025-03-19
20209,EG00020209,Eman,Mahmoud,married,f,2025-08-02
20210,EG00020210,Wael,Kamel ,S,Male,2022-12-10
20211,EG00020211, Ibrahim,Hamdy,single,M,2023-12-19
20212,EG00020212, Nour,Ibrahim,M,f,2024-04-27
20213,EG00020213,Nourhan,Ezzat ,M,f,2022-11-30
20214,EG00020214,Fatma,Mahmoud,S,F,2023-12-02
20215,EG00020215,Ali,El-Sayed,S,Male,2025-05-01
20216,EG00020216,Mariam,Farid,M,f,2022-04-20
20217,EG00020217,Ibrahim,Fathy,,Male,2025-09-14
20218,EG00020218, Salma,Abdel Rahman,,,2022-11-11
20219,EG00020219,Sherif,Ibrahim,single,,2023-02-13
20220,EG00020220,Ahmed,Fathy,S,,2022-08-25
20221,EG00020221,Nourhan,El-Masry,S,,2023-01-14
20222,EG00020222,Nourhan,Ezzat ,M,,2023-06-24
20223,EG00020223, Hassan,Tolba,single,M,2022-06-25
20224,EG00020224,Shaimaa,Farid,,F,2024-03-03
20225,EG00020225,Shaimaa,El-Masry,S,F,2024-03-19
20226,EG00020226,Sameh,Tolba,single,m,2022-09-04
20227,EG00020227,Rana,El-Sayed,M,F,2024-05-17
20228,EG00020228,Mostafa,Fathy,married,Male,2023-10-17
20229,EG00020229,Youssef,Shawky,married,Male,2024-11-30
20230,EG00020230,Mariam,Zaki,S,,2022-11-03
20231,EG00020231,Ashraf,Tolba,S,M,2025-02-26
20232,EG00020232,Tarek,Rashad,S,,2025-09-03
20233,EG00020233,Eman,Zaki,M,f,2025-06-20
20234,EG00020234,Sara,Shawky,M,F,2024-08-31
20235,EG00020235,Mona,Ibrahim,S,Female,2024-10-03
20236,EG00020236,Khaled,Kamel,married,Male,2023-07-06
20237,EG00020237,Doaa,Hassan,married,,2024-09-19
20238,EG00020238,Sara,Saad ,single,,2022-10-05
20239,EG00020239,Mahmoud,Fathy,S,m,2022-03-09
20240,EG00020240,Sara,Ezzat,married,,2024-10-31
20241,EG00020241,Nour,Ibrahim,M,f,2024-08-29
20242,EG00020242,Mona,El-Sayed,married,F,2023-08-07
20243,EG00020243,Ali,Mahmoud,M,m,2025-08-18
20244,EG00020244,Amr,Fouad,married,M,2024-08-28
20245,EG00020245,Mahmoud,Zaki,,Male,2025-08-09
20246,EG00020246,Hend,Shawky,M,,2023-09-11
20247,EG00020247, Eman,Ali,married,Female,2025-02-23
20248,EG00020248,Salma,Ali,S,Female,2023-07-22
20249,EG00020249,Salma,Fathy,S,,2025-09-14
20250,EG00020250,Yasmin,Ibrahim,S,,2024-04-08
20251,EG00020251,Sara,Tolba,M,Female,2023-04-01
20252,EG00020252,Mona,Saad,single,f,2023-08-25
20253,EG00020253,Wael,Kamel,,m,2023-11-19
20254,EG00020254,Khaled,Ezzat,M,Male,2024-02-01
20255,EG00020255,Eman,Nabil ,S,F,2024-08-25
20256,EG00020256,Sameh,Ali,S,,2022-04-21
20257,EG00020257,Karim,Fathy,M,m,2023-10-10
20258,EG00020258,Youssef,El-Masry,S,M,2022-01-10
20259,EG00020259,Aya,Fathy,married,f,2024-09-29
20260,EG00020260,Karim,Zaki,M,,2024-02-25
20261,EG00020261,Mohamed,Rashad,S,Male,2024-12-23
20262,EG00020262,Ahmed,Ibrahim,single,Male,2023-10-02
20263,EG00020263,Omar,Shawky,S,M,2023-09-03
20264,EG00020264,Aliaa,Saad,single,f,2023-12-03
20265,EG00020265,Mona,Fathy,married,,2022-02-09
20266,EG00020266,Khaled,Kamel ,,m,2022-09-10
20267,EG00020267,Sara,Shawky,,F,2025-05-01
20268,EG00020268, Omar,Ibrahim ,M,,2022-09-11
20269,EG00020269,Radwa,Kamel,S,Female,2024-05-11
20270,EG00020270,Sameh,Fouad,M,M,2024-11-13
20271,EG00020271,Tarek,Ali,,m,2023-06-23
20272,EG00020272,Sherif,Farid ,M,m,2024-09-11
20273,EG00020273, Dina,Ibrahim ,S,,2022-11-02
20274,EG00020274,Sameh,Hassan ,S,m,2024-07-24
20275,EG00020275, Aya,Hamdy,married,F,2023-08-19
20276,EG00020276,Reem,Farid ,married,F,2022-01-20
20277,EG00020277,Mahmoud,Gaber,,Male,2022-07-10
20278,EG00020278, Reem,El-Sayed,M,Female,2024-02-29
20279,EG00020279, Hend,El-Sayed,S,f,2022-08-01
20280,EG00020280,Eman,El-Masry,M,,2024-01-05
20281,EG00020281,Karim,El-Masry ,M,,2022-04-05
20282,EG00020282, Hassan,Gaber,,m,2023-11-24
20283,EG00020283,Mostafa,Abdel Rahman,single,,2022-11-01
20284,EG00020284,Ahmed,El-Sayed,M,m,2022-06-03
20285,EG00020285,Reem,Abdel Rahman,,f,2025-02-01
20286,EG00020286, Nourhan,Abdel Rahman,,,2022-06-30
20287,EG00020287, Aliaa,Gaber,single,F,2022-07-30
20288,EG00020288,Hend,Mahmoud ,S,Female,2024-11-07
20289,EG00020289,Hany,Gaber ,M,,2023-11-11
20290,EG00020290, Mona,Hamdy,M,F,2023-12-01
20291,EG00020291,Salma,Rashad,S,f,2024-10-05
20292,EG00020292,Mostafa,Ali,S,,2023-03-18
20293,EG00020293, Heba,Gaber,single,F,2024-07-11
20294,EG00020294,Eman,Saad,,F,2025-02-07
20295,EG00020295,Eman,El-Masry,M,f,2022-09-20
20296,EG00020296,Ali,Zaki,M,,2025-06-01
20297,EG00020297,Hassan,Shawky,M,m,2022-10-10
20298,EG00020298,Doaa,Saad,married,Female,2025-02-07
20299,EG00020299,Amr,Fathy,S,m,2025-08-24
20300,EG00020300,Sameh,Rashad,S,Male,2025-02-25
20301,EG00020301,Eman,Tolba,single,Female,2024-05-15
20302,EG00020302, Sameh,Ali,single,M,2023-02-14
20303,EG00020303,Rana,Nabil,S,Female,2023-02-22
20304,EG00020304, Sherif,Hamdy,single,m,2025-08-18
20305,EG00020305,Dina,Saad,S,F,2024-02-21
20306,EG00020306,Hend,Gaber ,single,Female,2023-02-20
20307,EG00020307,Dina,Ezzat,,f,2023-02-01
20308,EG00020308,Aliaa,El-Sayed ,M,F,2024-02-12
20309,EG00020309,Mostafa,Fouad,,Male,2022-01-12
20310,EG00020310, Aliaa,Kamel,,F,2025-07-04
20311,EG00020311,Radwa,Tolba ,single,Female,2024-12-12
20312,EG00020312, Mahmoud,Saad,M,,2022-07-08
20313,EG00020313,Dina,Fathy,S,f,2025-06-20
20314,EG00020314, Shaimaa,Ibrahim,M,f,2022-03-23
20315,EG00020315,Nourhan,Ali,S,F,2024-11-24
20316,EG00020316,Marwa,Saad ,single,f,2023-10-19
20317,EG00020317,Omar,El-Sayed,,M,2025-07-07
20318,EG00020318,Amr,Fathy,S,m,2025-01-06
20319,EG00020319, Fatma,Kamel,S,F,2022-05-31
20320,EG00020320,Mahmoud,Fouad,M,Male,2024-04-14
20321,EG00020321,Aliaa,Shawky ,single,F,2024-12-31
20322,EG00020322,Ayman,Hassan,single,M,2024-01-03
20323,EG00020323,Tarek,Nabil,M,,2024-03-20
20324,EG00020324,Wael,El-Sayed,M,Male,2025-07-22
20325,EG00020325,Tarek,Ezzat ,married,m,2022-09-10
20326,EG00020326,Ahmed,Tolba,S,Male,2023-03-07
20327,EG00020327,Heba,Farid,M,f,2023-01-12
20328,EG00020328,Ayman,Fouad,married,M,2025-01-29
20329,EG00020329,Shaimaa,Hassan ,S,f,2025-04-04
20330,EG00020330,Reem,Ezzat,S,Female,2025-06-22
20331,EG00020331,Amr,Gaber,single,Male,2025-04-11
20332,EG00020332,Ashraf,Tolba,M,m,2022-01-10
20333,EG00020333,Dina,Abdel Rahman,S,Female,2022-10-03
20334,EG00020334,Radwa,Hamdy,M,F,2022-12-26
20335,EG00020335,Hassan,Kamel,single,M,2022-06-04
20336,EG00020336,Sameh,Ibrahim,married,m,2022-03-17
20337,EG00020337,Shaimaa,Rashad,S,,2023-04-03
20338,EG00020338,Yasmin,Hamdy ,S,F,2025-09-19
20339,EG00020339,Ayman,El-Sayed,M,m,2025-03-05
20340,EG00020340, Wael,Ezzat,M,M,2023-06-26
20341,EG00020341,Dina,Mahmoud,married,Female,2024-03-05
20342,EG00020342, Aliaa,Mahmoud,S,Female,2023-06-24
20343,EG00020343,Ali,Shawky,married,M,2024-11-24
20344,EG00020344,Nourhan,Abdel Rahman,married,Female,2024-09-24
20345,EG00020345,Doaa,Ibrahim,M,f,2022-06-07
20346,EG00020346,Heba,Kamel,single,F,2025-09-15
20347,EG00020347,Mostafa,Gaber,M,,2023-03-08
20348,EG00020348,Mostafa,Ibrahim,,m,2022-10-03
20349,EG00020349, Ashraf,Kamel,M,,2025-05-12
20350,EG00020350,Tarek,Hassan,M,,2022-12-16
20351,EG00020351,Mostafa,Zaki,married,m,2025-06-30
20352,EG00020352,Rana,Gaber,S,f,2024-02-14
20353,EG00020353, Yasmin,Ali,,,2022-11-03
20354,EG00020354,Mahmoud,El-Masry,married,M,2022-07-10
20355,EG00020355,Yasmin,Zaki ,married,,2024-12-05
20356,EG00020356,Mona,Mahmoud,married,,2024-02-20
20357,EG00020357, Eman,Tolba,M,f,2022-06-21
20358,EG00020358,Doaa,Rashad,single,F,2025-03-29
20359,EG00020359,Sameh,Ibrahim,married,Male,2024-04-17
20360,EG00020360,Nour,Kamel,S,,2025-03-02
20361,EG00020361,Doaa,Fouad,M,,2025-02-04
20362,EG00020362,Rana,Ezzat,S,Female,2024-03-26
20363,EG00020363,Omar,Abdel Rahman,M,M,2023-03-16
20364,EG00020364,Reem,Rashad,S,f,2024-03-07
20365,EG00020365,Youssef,Kamel,S,M,2023-06-23
20366,EG00020366,Sherif,Hassan,M,Male,2025-05-08
20367,EG00020367,Mahmoud,El-Masry,single,Male,2023-02-03
20368,EG00020368,Ayman,Saad,M,M,2024-01-07
20369,EG00020369, Ahmed,El-Sayed,M,Male,2024-03-20
20370,EG00020370,Eman,Fathy,S,F,2025-01-30
20371,EG00020371,Shaimaa,Tolba,S,f,2025-05-26
20372,EG00020372,Hany,Shawky,M,M,2025-02-18
20373,EG00020373,Sameh,Nabil ,,Male,2025-01-06
20374,EG00020374,Aliaa,Shawky,married,Female,2024-07-28
20375,EG00020375,Eman,Ibrahim,M,f,2023-04-16
20376,EG00020376,Hend,Ezzat ,married,Female,2023-05-24
20377,EG00020377,Fatma,Shawky,S,f,2024-09-02
20378,EG00020378,Mona,Fathy,single,f,2024-10-18
20379,EG00020379,Khaled,Abdel Rahman,M,m,2025-06-20
20380,EG00020380, Yasmin,Ali ,single,,2025-06-11
20381,EG00020381,Adel,Mahmoud,S,,2025-03-22
20382,EG00020382,Radwa,El-Sayed,S,,2023-03-31
20383,EG00020383,Mohamed,Saad,,M,2024-10-26
20384,EG00020384,Nourhan,El-Sayed,,,2023-10-09
20385,EG00020385,Ahmed,Fathy ,S,Male,2023-01-19
20386,EG00020386,Dina,Fouad,S,f,2024-10-18
20387,EG00020387,Heba,Farid,married,,2023-07-27
20388,EG00020388,Rana,Tolba,M,F,2023-07-07
20389,EG00020389,Adel,Farid,married,m,2024-08-26
20390,EG00020390,Mahmoud,Farid,married,Male,2024-09-23
20391,EG00020391,Aya,Rashad ,S,f,2022-05-03
20392,EG00020392,Hassan,El-Masry ,single,Male,2023-06-17
20393,EG00020393,Mona,Rashad,S,F,2024-04-23
20394,EG00020394,Sherif,Zaki,single,m,2023-08-06
20395,EG00020395,Reem,Saad,S,,2025-06-10
20396,EG00020396,Aliaa,Kamel,S,,2025-07-16
20397,EG00020397,Fatma,Hassan,S,Female,2023-07-02
20398,EG00020398,Aya,Hamdy,single,,2024-04-27
20399,EG00020399,Mahmoud,Ibrahim,S,M,2023-03-08
20400,EG00020400, Ali,Ali,M,M,2022-02-23
20401,EG00020401, Marwa,Hassan,S,,2023-09-26
20402,EG00020402,Khaled,Nabil,,m,2022-02-28
20403,EG00020403,Sherif,Gaber,married,Male,2025-01-28
20404,EG00020404,Yasmin,Rashad,single,,2024-12-08
20405,EG00020405,Mona,El-Masry,M,Female,2024-01-20
20406,EG00020406,Aya,Kamel ,married,f,2023-12-06
20407,EG00020407, Radwa,Rashad,married,,2023-09-06
20408,EG00020408,Mostafa,Nabil,,Male,2023-01-22
20409,EG00020409,Shaimaa,Farid,single,,2024-02-14
20410,EG00020410,Hassan,Hassan,married,Male,2023-08-07
20411,EG00020411,Hend,Fathy,S,F,2025-07-28
20412,EG00020412,Doaa,Hamdy,M,Female,2022-02-09
20413,EG00020413, Mohamed,Rashad,S,Male,2022-09-14
20414,EG00020414, Mariam,Abdel Rahman ,M,Female,2024-05-10
20415,EG00020415,Radwa,Ezzat,S,F,2022-10-27
20416,EG00020416, Hassan,Shawky,M,Male,2024-02-21
20417,EG00020417,Omar,Abdel Rahman,M,M,2023-02-12
20418,EG00020418,Nour,Saad,M,Female,2023-10-24
20419,EG00020419,Mohamed,Rashad,single,Male,2023-02-11
20420,EG00020420,Sara,Fathy,M,Female,2022-01-31
20421,EG00020421, Hassan,Tolba,S,M,2025-04-05
20422,EG00020422,Doaa,Kamel ,M,,2022-07-07
20423,EG00020423,Sara,Mahmoud,,F,2022-09-15
20424,EG00020424,Dina,Gaber,married,Female,2024-06-17
20425,EG00020425,Ahmed,Shawky,S,,2024-06-15
20426,EG00020426,Shaimaa,El-Masry,S,Female,2024-08-17
20427,EG00020427,Doaa,Rashad,M,Female,2023-06-24
20428,EG00020428,Aliaa,Ibrahim,single,f,2022-02-08
20429,EG00020429,Doaa,Abdel Rahman ,,,2023-01-24
20430,EG00020430,Shaimaa,Kamel,single,Female,2022-08-15
20431,EG00020431, Sameh,Hassan,M,M,2023-02-18
20432,EG00020432, Wael,Fathy,married,,2025-09-09
20433,EG00020433,Marwa,Zaki,S,f,2025-05-25
20434,EG00020434,Ahmed,Fathy,married,M,2024-08-16
20435,EG00020435,Sherif,Rashad,married,Male,2022-04-30
20436,EG00020436,Marwa,Mahmoud,S,f,2024-11-29
20437,EG00020437,Omar,Abdel Rahman,,m,2025-03-13
20438,EG00020438,Adel,Rashad ,single,Male,2024-07-28
20439,EG00020439,Nour,El-Sayed,,Female,2025-09-08
20440,EG00020440,Adel,Zaki,S,Male,2024-02-01
20441,EG00020441,Hend,Gaber,M,,2025-01-31
20442,EG00020442,Mona,Hamdy,single,F,2023-08-06
20443,EG00020443,Sameh,Kamel,S,m,2023-03-16
20444,EG00020444,Mariam,Fouad,,f,2022-07-13
20445,EG00020445,Hany,Ezzat,,m,2023-04-23
20446,EG00020446,Salma,Hassan,M,F,2023-10-27
20447,EG00020447,Rana,El-Masry,,F,2025-05-04
20448,EG00020448,Sara,Tolba,married,Female,2023-12-14
20449,EG00020449,Hend,Ali,single,F,2025-07-22
20450,EG00020450,Sara,Nabil,,f,2023-11-01
20451,EG00020451,Karim,Mahmoud,M,M,2023-03-31
20452,EG00020452,Salma,Shawky,M,F,2025-01-27
20453,EG00020453,Aya,Hassan,single,f,2022-10-04
20454,EG00020454,Shaimaa,Fathy,M,f,2023-05-12
20455,EG00020455,Hassan,Farid,S,M,2024-04-27
20456,EG00020456,Mona,Ezzat,single,F,2023-09-17
20457,EG00020457,Sherif,Zaki,,m,2024-06-21
20458,EG00020458,Khaled,Fathy,single,M,2022-08-19
20459,EG00020459,Khaled,Zaki,married,Male,2022-01-29
20460,EG00020460,Nour,Nabil ,M,f,2023-02-22
20461,EG00020461,Shaimaa,El-Masry,single,F,2024-02-11
20462,EG00020462, Hassan,El-Sayed,single,Male,2022-04-19
20463,EG00020463,Mariam,Hassan,married,Female,2022-08-09
20464,EG00020464,Tarek,Shawky,single,M,2023-10-09
20465,EG00020465, Doaa,Rashad,M,F,2022-03-23
20466,EG00020466,Sameh,Nabil,M,M,2023-12-12
20467,EG00020467,Mona,Nabil,,Female,2022-05-07
20468,EG00020468,Nourhan,Ibrahim,M,f,2023-12-01
20469,EG00020469,Yasmin,Hassan,single,f,2024-05-04
20470,EG00020470,Ashraf,Kamel,,Male,2024-07-08
20471,EG00020471,Amr,Kamel,M,m,2023-09-25
20472,EG00020472,Mostafa,Kamel,M,Male,2022-05-19
20473,EG00020473,Mahmoud,Gaber,S,Male,2024-04-27
20474,EG00020474,Salma,Hamdy,single,Female,2022-11-08
20475,EG00020475,Omar,Kamel,,Male,2025-05-25
20476,EG00020476,Ayman,Abdel Rahman ,S,,2022-10-02
20477,EG00020477,Mona,El-Sayed,M,f,2023-01-31
20478,EG00020478,Mohamed,Farid ,S,,2023-04-01
20479,EG00020479,Amr,Hassan,M,,2023-10-28
20480,EG00020480,Dina,Farid ,single,,2023-10-03
20481,EG00020481,Doaa,Tolba,single,F,2024-12-02
20482,EG00020482,Hany,Hamdy ,M,,2022-03-22
20483,EG00020483,Marwa,Mahmoud,S,Female,2024-08-02
20484,EG00020484,Mostafa,Nabil ,,m,2024-08-07
20485,EG00020485, Fatma,Saad,single,f,2024-03-16
20486,EG00020486, Reem,Hamdy,single,f,2024-07-20
20487,EG00020487,Hassan,Gaber,married,m,2022-09-11
20488,EG00020488,Omar,Hamdy ,single,,2024-11-13
20489,EG00020489,Ali,Rashad,S,m,2022-11-29
20490,EG00020490,Mahmoud,Mahmoud,married,,2023-08-15
20491,EG00020491,Omar,Kamel ,married,Male,2022-01-26
20492,EG00020492,Radwa,El-Masry ,M,f,2023-03-21
20493,EG00020493,Aliaa,Farid,S,f,2025-01-25
20494,EG00020494,Doaa,Rashad,M,f,2022-04-23
20495,EG00020495,Sara,Kamel,married,Female,2023-11-10
20496,EG00020496,Mohamed,Ali,single,Male,2025-06-05
20497,EG00020497,Hany,Tolba ,married,Male,2023-10-24
20498,EG00020498,Nourhan,Hassan,S,Female,2024-08-22
20499,EG00020499,Omar,Fouad,M,m,2025-06-07
20500,EG00020500,Omar,Tolba,S,,2025-05-23
20501,EG00020501,Hend,Zaki,,Female,2022-09-23
20502,EG00020502,Marwa,El-Masry,,f,2023-08-18
20503,EG00020503, Ahmed,Ali,S,m,2025-06-14
20504,EG00020504,Hend,Mahmoud,single,f,2022-01-24
20505,EG00020505,Tarek,Fouad,,Male,2022-01-13
20506,EG00020506,Ibrahim,Gaber,S,m,2023-02-02
20507,EG00020507,Reem,El-Masry,single,f,2024-09-13
20508,EG00020508,Hany,Rashad,married,,2022-04-25
20509,EG00020509,Eman,Gaber ,,Female,2023-12-26
20510,EG00020510,Karim,Fouad,M,m,2025-03-15
20511,EG00020511, Rana,Zaki,S,Female,2022-03-06
20512,EG00020512,Hend,Hassan,M,Female,2023-03-19
20513,EG00020513,Rana,Ali ,M,F,2024-06-27
20514,EG00020514,Wael,Saad,M,Male,2023-11-02
20515,EG00020515,Omar,Saad,single,M,2024-07-29
20516,EG00020516, Marwa,Ali,single,F,2023-11-14
20517,EG00020517,Sara,Ali,S,F,2025-03-28
20518,EG00020518,Heba,Gaber,,Female,2024-06-22
20519,EG00020519,Hassan,Kamel ,,M,2023-02-28
20520,EG00020520,Shaimaa,Gaber,married,Female,2025-03-21
20521,EG00020521,Mahmoud,Hassan,,,2022-04-14
20522,EG00020522,Ahmed,El-Masry ,M,M,2022-06-26
20523,EG00020523,Nourhan,El-Sayed,single,,2025-06-16
20524,EG00020524,Salma,Gaber,single,F,2024-08-11
20525,EG00020525, Youssef,Hamdy,single,,2024-08-21
20526,EG00020526,Khaled,Kamel,S,,2023-01-11
20527,EG00020527,Reem,Hamdy ,S,Female,2024-09-07
20528,EG00020528,Rana,Nabil,M,F,2024-04-10
20529,EG00020529,Ibrahim,Rashad,,,2024-03-31
20530,EG00020530,Dina,Zaki,M,,2022-05-16
20531,EG00020531,Heba,Tolba,,Female,2025-01-20
20532,EG00020532,Mahmoud,Hassan,married,,2022-08-23
20533,EG00020533, Reem,Rashad,S,,2022-05-23
20534,EG00020534,Ayman,Shawky,S,M,2023-03-22
20535,EG00020535,Ashraf,Ibrahim,M,Male,2024-03-09
20536,EG00020536,Heba,Fathy,,Female,2024-06-09
20537,EG00020537, Fatma,Tolba,M,f,2023-08-26
20538,EG00020538,Sherif,Rashad ,,Male,2022-08-13
20539,EG00020539,Mariam,Abdel Rahman,single,Female,2024-02-23
20540,EG00020540,Nourhan,Farid,M,f,2023-01-21
20541,EG00020541,Mona,Farid,single,f,2022-10-03
20542,EG00020542,Youssef,Ibrahim,single,,2022-10-06
20543,EG00020543,Karim,Farid,single,,2025-06-30
20544,EG00020544,Hany,Saad,M,Male,2023-04-08
20545,EG00020545, Mostafa,Zaki,single,m,2024-10-24
20546,EG00020546,Hend,Rashad ,S,,2024-01-25
20547,EG00020547,Ashraf,El-Masry ,single,Male,2024-08-10
20548,EG00020548, Sameh,Zaki,single,M,2025-07-21
20549,EG00020549,Doaa,Mahmoud,S,,2024-07-18
20550,EG00020550,Eman,Gaber,married,Female,2023-08-16
20551,EG00020551,Mohamed,Zaki,,Male,2022-05-06
20552,EG00020552,Eman,El-Sayed,S,F,2023-08-11
20553,EG00020553,Fatma,Kamel,S,Female,2022-09-29
20554,EG00020554, Aya,Fouad ,M,f,2025-09-11
20555,EG00020555,Mona,El-Sayed,M,f,2024-12-16
20556,EG00020556,Ibrahim,Hassan,married,m,2024-10-12
20557,EG00020557,Nourhan,Abdel Rahman,M,f,2025-03-29
20558,EG00020558,Sara,Fouad ,M,,2024-03-27
20559,EG00020559,Salma,El-Masry,,f,2024-02-17
20560,EG00020560,Radwa,Fouad,S,Female,2024-07-08
20561,EG00020561,Reem,Saad ,,Female,2024-06-03
20562,EG00020562,Reem,Fouad ,single,,2024-08-02
20563,EG00020563,Ashraf,Fathy,M,Male,2025-01-26
20564,EG00020564, Ahmed,Hassan ,S,,2023-12-21
20565,EG00020565,Tarek,Fouad ,S,M,2025-05-01
20566,EG00020566,Ayman,Ali ,married,m,2024-02-09
20567,EG00020567,Omar,El-Sayed,S,,2023-07-21
20568,EG00020568,Reem,Fouad ,married,F,2024-02-23
20569,EG00020569,Reem,Mahmoud,M,,2022-05-23
20570,EG00020570,Heba,Zaki,S,f,2025-01-12
20571,EG00020571,Heba,Zaki,single,Female,2022-07-31
20572,EG00020572,Youssef,Hassan,M,M,2024-10-16
20573,EG00020573,Ahmed,Mahmoud,single,Male,2024-03-12
20574,EG00020574,Sameh,El-Masry,single,M,2025-01-11
20575,EG00020575,Ahmed,Shawky,M,M,2025-03-07
20576,EG00020576,Reem,Nabil,single,F,2024-01-19
20577,EG00020577,Fatma,Hamdy,M,f,2025-02-09
20578,EG00020578,Ali,Fathy,S,Male,2024-09-23
20579,EG00020579,Hany,Fathy,single,m,2024-09-28
20580,EG00020580,Fatma,Rashad,married,,2022-02-03
20581,EG00020581,Ibrahim,Mahmoud,M,M,2023-03-10
20582,EG00020582,Shaimaa,Kamel,S,F,2022-10-17
20583,EG00020583,Mariam,El-Masry,M,f,2022-01-30
20584,EG00020584,Mohamed,Nabil ,,m,2025-04-25
20585,EG00020585,Omar,Ali,M,M,2023-02-20
20586,EG00020586,Reem,Shawky,,f,2023-10-21
20587,EG00020587,Mohamed,Tolba ,S,m,2024-04-30
20588,EG00020588,Sherif,Rashad,,M,2022-10-01
20589,EG00020589,Ayman,Shawky ,M,M,2022-01-14
20590,EG00020590,Mahmoud,Hassan,S,,2024-09-01
20591,EG00020591,Amr,Kamel,M,m,2022-12-24
20592,EG00020592,Ayman,El-Sayed,S,Male,2023-12-14
20593,EG00020593,Mariam,Rashad ,,F,2025-06-21
20594,EG00020594,Shaimaa,Saad,single,f,2023-07-21
20595,EG00020595,Amr,Ali,M,,2022-12-28
20596,EG00020596,Mohamed,Mahmoud,M,Male,2023-11-16
20597,EG00020597,Sara,Ali,M,f,2022-03-01
20598,EG00020598, Marwa,Ali,M,Female,2024-05-08
20599,EG00020599,Ibrahim,Abdel Rahman,S,m,2024-04-24
20600,EG00020600, Ali,Abdel Rahman,S,,2022-10-24
20601,EG00020601,Ayman,Hamdy,M,m,2025-07-18
20602,EG00020602,Aya,Fathy ,,F,2023-07-29
20603,EG00020603,Omar,Hamdy,S,m,2023-08-28
20604,EG00020604,Ayman,El-Sayed,M,M,2024-04-23
20605,EG00020605,Heba,Tolba,S,,2023-05-21
20606,EG00020606,Ibrahim,Farid,,m,2025-03-20
20607,EG00020607, Mostafa,Mahmoud,married,M,2024-05-21
20608,EG00020608,Radwa,Ali,,F,2024-04-12
20609,EG00020609,Karim,Ezzat,S,M,2024-09-09
20610,EG00020610,Rana,Hamdy,S,,2024-08-07
20611,EG00020611,Ali,El-Sayed,M,M,2025-07-08
20612,EG00020612,Ali,Gaber,married,Male,2025-06-08
20613,EG00020613,Youssef,Zaki,S,Male,2022-04-16
20614,EG00020614,Ali,Ezzat ,S,m,2025-08-20
20615,EG00020615,Adel,Fathy,,M,2025-08-22
20616,EG00020616,Eman,Fathy,S,Female,2023-07-02
20617,EG00020617, Aya,Mahmoud,M,F,2024-08-20
20618,EG00020618,Aliaa,Zaki,single,F,2023-01-21
20619,EG00020619,Fatma,Hassan,S,F,2022-12-04
20620,EG00020620,Nour,Kamel,,F,2023-08-24
20621,EG00020621,Shaimaa,Kamel,single,F,2023-08-21
20622,EG00020622,Youssef,Ibrahim,,Male,2024-04-23
20623,EG00020623,Reem,El-Masry,married,,2024-07-26
20624,EG00020624,Eman,Kamel,married,Female,2023-04-10
20625,EG00020625,Mona,Nabil ,S,Female,2024-07-22
20626,EG00020626,Ayman,El-Sayed,M,m,2022-11-27
20627,EG00020627,Omar,Mahmoud,M,Male,2024-01-28
20628,EG00020628,Amr,Rashad,S,m,2024-02-03
20629,EG00020629,Shaimaa,El-Sayed,S,,2024-10-19
20630,EG00020630,Hany,Gaber,,Male,2025-08-18
20631,EG00020631,Radwa,Nabil,,f,2025-03-03
20632,EG00020632,Reem,Ali,M,F,2023-09-23
20633,EG00020633,Ali,Zaki,S,Male,2022-04-23
20634,EG00020634,Ashraf,Saad,S,m,2022-02-16
20635,EG00020635,Adel,Hamdy,,,2023-02-03
20636,EG00020636,Reem,Zaki,single,Female,2024-03-25
20637,EG00020637,Mostafa,Ezzat ,S,Male,2023-09-23
20638,EG00020638,Shaimaa,Hassan,single,,2024-06-25
20639,EG00020639,Rana,Farid,married,F,2022-10-22
20640,EG00020640,Tarek,El-Masry,S,M,2025-04-24
20641,EG00020641,Fatma,Ibrahim,M,f,2025-02-12
20642,EG00020642,Eman,Kamel,S,,2022-03-28
20643,EG00020643,Eman,Nabil,M,F,2022-01-06
20644,EG00020644,Hassan,Nabil,M,M,2025-09-01
20645,EG00020645,Hend,El-Sayed,M,F,2022-09-02
20646,EG00020646,Radwa,Hassan,M,,2023-06-13
20647,EG00020647,Nour,Ezzat,married,Female,2022-11-30
20648,EG00020648,Karim,Gaber,S,m,2022-04-19
20649,EG00020649,Mona,Farid,S,Female,2023-08-21
20650,EG00020650,Sameh,Fathy,S,m,2025-01-18
20651,EG00020651,Reem,Nabil,S,F,2024-12-30
20652,EG00020652,Yasmin,Ibrahim,married,,2024-04-23
20653,EG00020653,Rana,Ali,married,f,2025-02-18
20654,EG00020654,Mostafa,Hamdy ,M,M,2024-09-09
20655,EG00020655,Salma,Ezzat,,Female,2022-12-19
20656,EG00020656,Mariam,Ali,M,f,2023-09-22
20657,EG00020657,Amr,Kamel,married,M,2022-06-09
20658,EG00020658, Wael,Farid ,married,M,2024-08-18
20659,EG00020659, Hassan,Mahmoud,married,M,2022-09-11
20660,EG00020660,Ashraf,Fathy,S,m,2023-07-23
20661,EG00020661,Mona,El-Sayed,,f,2024-10-31
20662,EG00020662,Omar,Tolba,single,m,2023-08-01
20663,EG00020663,Adel,Ibrahim ,M,,2024-01-21
20664,EG00020664,Hany,Ali,M,,2023-03-15
20665,EG00020665,Mostafa,Ali,M,M,2024-11-30
20666,EG00020666,Wael,Ezzat,S,M,2023-11-03
20667,EG00020667,Nour,Shawky,S,,2023-04-08
20668,EG00020668,Salma,Farid ,married,,2024-01-23
20669,EG00020669,Ahmed,El-Masry,,M,2022-09-02
20670,EG00020670,Ali,Shawky,single,m,2022-05-13
20671,EG00020671,Heba,Gaber,M,F,2023-04-22
20672,EG00020672,Radwa,Fouad,,Female,2025-08-11
20673,EG00020673,Mona,El-Masry,M,Female,2022-10-29
20674,EG00020674,Nour,Ali,single,f,2022-03-02
20675,EG00020675,Mohamed,Hassan ,M,,2025-05-23
20676,EG00020676,Yasmin,Nabil ,S,,2024-08-12
20677,EG00020677,Tarek,El-Masry,S,M,2022-03-06
20678,EG00020678,Nour,Shawky,M,,2022-03-15
20679,EG00020679,Mahmoud,Rashad,single,m,2024-10-03
20680,EG00020680,Yasmin,Nabil,S,,2025-09-13
20681,EG00020681,Radwa,Rashad,M,Female,2024-10-10
20682,EG00020682,Doaa,Ezzat,S,F,2025-04-24
20683,EG00020683,Karim,Ezzat,S,Male,2024-02-19
20684,EG00020684,Mostafa,Ezzat,S,m,2023-05-23
20685,EG00020685, Tarek,Tolba,married,Male,2022-08-23
20686,EG00020686,Rana,Ibrahim ,single,,2025-03-09
20687,EG00020687,Aya,Ibrahim,S,,2025-03-14
20688,EG00020688, Reem,Tolba,single,f,2023-11-20
20689,EG00020689,Marwa,Gaber,M,f,2024-10-14
20690,EG00020690,Adel,Fathy ,,,2023-04-08
20691,EG00020691,Ashraf,Ali,,,2024-05-24
20692,EG00020692,Sherif,Hassan,married,Male,2024-06-05
20693,EG00020693,Heba,Farid,M,f,2022-02-08
20694,EG00020694,Ashraf,El-Masry,single,,2023-07-03
20695,EG00020695,Eman,Mahmoud,M,f,2022-11-05
20696,EG00020696,Hend,Farid,S,f,2024-04-24
20697,EG00020697,Salma,El-Sayed,M,f,2022-08-21
20698,EG00020698,Amr,Ibrahim,M,,2025-02-20
20699,EG00020699,Hend,Mahmoud,S,Female,2023-07-23
20700,EG00020700,Mohamed,El-Masry ,S,Male,2025-05-17
20701,EG00020701,Fatma,Farid,S,,2022-10-15
20702,EG00020702,Omar,Tolba,,Male,2024-10-13
20703,EG00020703,Khaled,Zaki,S,,2023-04-29
20704,EG00020704, Heba,Kamel,S,,2024-04-16
20705,EG00020705,Eman,Mahmoud,S,Female,2025-01-22
20706,EG00020706,Radwa,Abdel Rahman,M,Female,2024-08-31
20707,EG00020707,Salma,Ibrahim,S,F,2023-05-06
20708,EG00020708,Shaimaa,Shawky,S,F,2024-12-31
20709,EG00020709, Hany,Shawky,S,Male,2022-07-04
20710,EG00020710,Tarek,Fathy,M,Male,2025-08-12
20711,EG00020711,Sara,Fouad,M,,2024-04-25
20712,EG00020712,Hend,Ali,,F,2023-12-22
20713,EG00020713,Doaa,Rashad,S,F,2025-08-06
20714,EG00020714, Hany,Kamel,S,Male,2025-03-25
20715,EG00020715,Omar,El-Sayed,married,m,2025-05-01
20716,EG00020716,Reem,Hamdy,S,f,2025-04-29
20717,EG00020717, Salma,Fathy,M,,2025-03-14
20718,EG00020718,Ahmed,Ibrahim,single,m,2022-07-02
20719,EG00020719,Heba,Fouad,M,,2025-05-14
20720,EG00020720,Yasmin,Hassan,,F,2022-01-29
20721,EG00020721, Aliaa,El-Masry,M,Female,2023-08-13
20722,EG00020722,Nourhan,Kamel,M,Female,2023-01-23
20723,EG00020723,Rana,Farid ,S,f,2025-06-19
20724,EG00020724,Dina,Ezzat,S,F,2024-08-18
20725,EG00020725,Ibrahim,Shawky,single,,2025-05-08
20726,EG00020726,Fatma,Ali ,M,,2023-12-27
20727,EG00020727,Ahmed,Fouad,M,Male,2022-09-28
20728,EG00020728,Ashraf,El-Sayed,S,,2022-09-28
20729,EG00020729,Ibrahim,Saad,S,M,2022-09-19
20730,EG00020730,Aya,Ezzat,S,Female,2024-11-24
20731,EG00020731,Hend,El-Sayed,married,f,2025-02-12
20732,EG00020732,Sara,Fathy,S,,2023-06-17
20733,EG00020733, Hany,Farid,M,M,2024-06-23
20734,EG00020734,Shaimaa,El-Masry ,single,f,2022-09-11
20735,EG00020735,Fatma,Fathy,M,Female,2025-02-27
20736,EG00020736,Ashraf,Ibrahim,M,M,2023-05-20
20737,EG00020737, Nour,Gaber,single,F,2024-03-18
20738,EG00020738,Eman,Ali,S,,2025-09-12
20739,EG00020739,Aliaa,Fouad ,S,,2023-10-28
20740,EG00020740,Amr,Mahmoud,married,M,2022-05-25
20741,EG00020741,Fatma,Shawky,married,,2022-07-02
20742,EG00020742,Amr,El-Sayed,single,m,2022-09-04
20743,EG00020743,Radwa,Farid,single,f,2024-01-06
20744,EG00020744,Sherif,Saad,M,,2023-07-04
20745,EG00020745,Fatma,Farid,M,,2022-07-10
20746,EG00020746,Sameh,Gaber,single,m,2024-10-11
20747,EG00020747,Tarek,Hamdy,M,Male,2022-11-01
20748,EG00020748,Tarek,Abdel Rahman,S,M,2022-04-03
20749,EG00020749,Sameh,Farid,single,Male,2023-12-29
20750,EG00020750,Eman,Hassan ,single,,2023-01-03
20751,EG00020751, Ali,Mahmoud,S,Male,2025-04-17
20752,EG00020752,Aliaa,Zaki,married,f,2023-03-09
20753,EG00020753,Youssef,Zaki,M,M,2022-01-12
20754,EG00020754,Nour,Ibrahim,single,,2025-09-09
20755,EG00020755,Salma,Zaki,single,,2023-09-12
20756,EG00020756, Karim,Kamel ,S,m,2022-02-24
20757,EG00020757,Wael,Kamel,single,m,2022-06-26
20758,EG00020758,Aliaa,Kamel ,M,f,2024-06-30
20759,EG00020759,Radwa,Ibrahim,M,Female,2025-03-12
20760,EG00020760, Sara,Gaber,single,,2024-05-01
20761,EG00020761,Eman,Zaki,S,,2024-03-29
20762,EG00020762,Marwa,Tolba,married,,2023-04-20
20763,EG00020763,Sameh,Ibrahim,S,Male,2025-08-20
20764,EG00020764,Radwa,Ali,S,,2024-06-12
20765,EG00020765,Mahmoud,Nabil,M,m,2024-11-05
20766,EG00020766,Ashraf,Gaber,single,,2022-09-26
20767,EG00020767,Nourhan,Farid,single,Female,2024-08-25
20768,EG00020768,Ayman,Fathy,single,,2022-09-22
20769,EG00020769,Amr,El-Sayed ,M,,2023-09-14
20770,EG00020770, Amr,Rashad ,S,Male,2022-11-21
20771,EG00020771,Sameh,Mahmoud,S,m,2022-09-05
20772,EG00020772,Wael,Fouad,married,M,2025-02-14
20773,EG00020773,Yasmin,Saad ,S,,2024-07-25
20774,EG00020774,Omar,Zaki,S,M,2024-11-04
20775,EG00020775,Mahmoud,Ali,M,Male,2024-06-23
20776,EG00020776,Nour,Kamel,M,F,2023-02-18
20777,EG00020777,Hend,Ibrahim,S,Female,2024-10-31
20778,EG00020778,Youssef,Fouad,S,m,2022-11-07
20779,EG00020779,Dina,Kamel,M,,2024-11-23
20780,EG00020780,Mariam,Hamdy ,married,F,2022-06-23
20781,EG00020781,Reem,Shawky,S,,2022-03-17
20782,EG00020782,Ashraf,Mahmoud,married,Male,2024-05-08
20783,EG00020783,Shaimaa,Nabil,S,F,2023-07-27
20784,EG00020784,Ali,Hamdy,,,2023-12-09
20785,EG00020785, Heba,Nabil,M,f,2024-12-01
20786,EG00020786,Heba,Hassan,S,f,2022-02-17
20787,EG00020787,Adel,Tolba,S,,2024-10-31
20788,EG00020788,Mohamed,Ezzat,S,M,2025-08-26
20789,EG00020789,Hany,Nabil ,S,m,2025-04-06
20790,EG00020790,Sherif,Nabil,single,m,2024-02-13
20791,EG00020791,Omar,Gaber,married,Male,2024-07-19
20792,EG00020792,Karim,Farid ,S,,2022-09-24
20793,EG00020793, Heba,Hamdy,M,,2023-06-25
20794,EG00020794,Hend,Hamdy,single,,2022-11-30
20795,EG00020795,Sameh,Kamel,single,M,2023-03-12
20796,EG00020796,Radwa,Mahmoud,S,F,2025-05-17
20797,EG00020797,Nour,Ali,,f,2022-08-30
20798,EG00020798,Salma,Ezzat,married,f,2022-10-19
20799,EG00020799,Sara,Nabil,married,,2022-01-05
20800,EG00020800, Adel,Ezzat ,M,Male,2025-03-04
20801,EG00020801,Reem,Shawky,,f,2022-10-11
20802,EG00020802,Aliaa,Hamdy,S,,2024-03-04
20803,EG00020803,Ali,Gaber,M,Male,2025-08-15
20804,EG00020804,Mahmoud,Ibrahim,single,Male,2025-02-23
20805,EG00020805,Adel,Hassan,,M,2025-03-13
20806,EG00020806,Wael,Saad,,m,2022-02-08
20807,EG00020807,Heba,Abdel Rahman,,,2022-06-23
20808,EG00020808, Nourhan,Tolba,S,Female,2024-06-14
20809,EG00020809,Mostafa,Ibrahim,S,M,2022-08-23
20810,EG00020810,Adel,El-Sayed,married,M,2022-11-12
20811,EG00020811, Hend,El-Sayed,M,F,2022-04-30
20812,EG00020812,Nourhan,Ali,S,Female,2024-02-09
20813,EG00020813,Mohamed,Fathy,M,,2024-11-07
20814,EG00020814, Nour,Fouad,M,F,2024-09-18
20815,EG00020815,Mostafa,Abdel Rahman ,,M,2023-05-20
20816,EG00020816,Tarek,Tolba ,single,m,2022-10-19
20817,EG00020817,Shaimaa,El-Sayed,M,,2022-03-27
20818,EG00020818,Hany,Zaki,S,M,2024-09-14
20819,EG00020819,Doaa,Fouad,S,f,2025-04-13
20820,EG00020820,Sara,El-Sayed,S,F,2024-03-20
20821,EG00020821,Karim,Rashad,M,Male,2023-12-03
20822,EG00020822,Aliaa,Fouad,S,f,2024-07-30
20823,EG00020823,Mariam,Kamel ,M,F,2022-01-20
20824,EG00020824,Mostafa,Rashad,married,,2025-01-07
20825,EG00020825, Youssef,Rashad,single,,2022-09-10
20826,EG00020826,Nourhan,Zaki,married,F,2022-09-13
20827,EG00020827,Mona,Fathy,S,Female,2024-01-03
20828,EG00020828,Youssef,Zaki,M,m,2024-10-08
20829,EG00020829,Sara,Fouad,,f,2022-01-15
20830,EG00020830,Ali,Ali,M,m,2025-02-04
20831,EG00020831,Ashraf,Zaki ,M,M,2022-09-18
20832,EG00020832,Eman,Abdel Rahman,S,f,2022-02-17
20833,EG00020833, Shaimaa,Hamdy,single,F,2023-10-24
20834,EG00020834,Hend,Fouad,M,Female,2024-11-25
20835,EG00020835,Khaled,Mahmoud,M,Male,2022-01-11
20836,EG00020836, Heba,Gaber,S,f,2024-05-17
20837,EG00020837,Khaled,Fathy,single,M,2022-02-27
20838,EG00020838,Hend,Ibrahim,S,Female,2023-05-22
20839,EG00020839,Wael,Abdel Rahman,married,Male,2024-11-30
20840,EG00020840,Youssef,Zaki,single,,2025-03-31
20841,EG00020841,Youssef,Mahmoud,married,M,2022-09-19
20842,EG00020842,Hany,Mahmoud,S,M,2022-04-25
20843,EG00020843,Tarek,Shawky,M,m,2025-05-12
20844,EG00020844,Hany,Shawky,,M,2023-11-27
20845,EG00020845,Hany,Saad,S,M,2025-05-03
20846,EG00020846,Ashraf,Fathy,,Male,2023-12-29
20847,EG00020847,Radwa,Zaki,married,F,2022-05-04
20848,EG00020848,Tarek,Tolba,married,Male,2023-09-30
20849,EG00020849,Karim,El-Masry,S,M,2024-11-26
20850,EG00020850,Mohamed,Abdel Rahman,married,M,2024-05-14
20851,EG00020851,Heba,Fathy,S,Female,2023-01-23
20852,EG00020852,Aliaa,Zaki,,Female,2025-06-15
20853,EG00020853,Hend,Gaber,married,F,2024-10-12
20854,EG00020854,Ahmed,Abdel Rahman,M,m,2024-09-11
20855,EG00020855,Nourhan,Fathy,S,Female,2022-01-21
20856,EG00020856,Sherif,Ibrahim,M,m,2025-07-16
20857,EG00020857,Sara,Ibrahim,M,Female,2022-12-23
20858,EG00020858,Shaimaa,Abdel Rahman ,married,Female,2022-07-27
20859,EG00020859,Karim,Shawky,S,m,2023-09-17
20860,EG00020860,Dina,Ezzat,,,2022-05-14
20861,EG00020861,Karim,Kamel,M,Male,2023-10-14
20862,EG00020862,Dina,Mahmoud,married,Female,2022-11-01
20863,EG00020863,Dina,Mahmoud,M,,2023-03-05
20864,EG00020864, Wael,Zaki,married,Male,2024-10-18
20865,EG00020865,Rana,Gaber,M,,2024-08-28
20866,EG00020866,Eman,Shawky,single,F,2023-03-01
20867,EG00020867,Amr,Hamdy,S,,2024-02-12
20868,EG00020868,Sherif,Fouad,S,Male,2024-06-29
20869,EG00020869, Dina,Tolba,S,,2024-07-12
20870,EG00020870,Hend,Farid,S,,2022-02-20
20871,EG00020871,Hany,Abdel Rahman ,S,Male,2024-10-24
20872,EG00020872, Hassan,Abdel Rahman ,S,m,2023-11-15
20873,EG00020873,Ibrahim,Fouad,single,Male,2023-01-26
20874,EG00020874, Adel,Fouad,married,Male,2024-04-07
20875,EG00020875,Eman,Ibrahim,married,f,2024-03-25
20876,EG00020876,Khaled,Fathy,married,,2024-08-02
20877,EG00020877,Fatma,Gaber,single,,2023-03-06
20878,EG00020878, Aliaa,Rashad,married,f,2023-09-18
20879,EG00020879,Wael,Ezzat,single,,2025-01-06
20880,EG00020880, Reem,Tolba,M,f,2023-11-08
20881,EG00020881,Nourhan,Fathy ,M,f,2024-08-30
20882,EG00020882,Ibrahim,Tolba,S,M,2022-12-18
20883,EG00020883, Adel,El-Sayed,M,M,2023-01-18
20884,EG00020884,Youssef,Shawky,single,M,2024-07-20
20885,EG00020885, Sherif,Saad,M,,2022-11-18
20886,EG00020886,Karim,Rashad,M,m,2022-09-24
20887,EG00020887,Tarek,Farid,M,Male,2025-04-18
20888,EG00020888,Sameh,Hamdy ,M,,2022-05-12
20889,EG00020889,Doaa,Abdel Rahman,M,,2024-08-05
20890,EG00020890,Youssef,Nabil,S,Male,2024-03-11
20891,EG00020891,Mostafa,Abdel Rahman,M,,2024-02-27
20892,EG00020892,Ashraf,Ali,M,m,2023-07-15
20893,EG00020893,Fatma,Fathy,married,F,2024-01-26
20894,EG00020894,Omar,Saad,M,m,2023-06-02
20895,EG00020895,Sameh,Mahmoud ,single,,2024-02-20
20896,EG00020896,Nourhan,Fathy ,S,f,2023-11-01
20897,EG00020897, Radwa,Hamdy,M,,2022-10-15
20898,EG00020898,Aya,El-Sayed ,S,f,2023-08-26
20899,EG00020899,Adel,Shawky,S,Male,2022-11-11
20900,EG00020900,Mona,El-Sayed ,single,f,2024-06-24
20901,EG00020901,Sameh,Ali,S,M,2022-04-10
20902,EG00020902,Heba,Abdel Rahman,S,F,2024-05-13
20903,EG00020903,Ahmed,Gaber,S,m,2022-07-17
20904,EG00020904,Mahmoud,Mahmoud ,S,Male,2025-02-25
20905,EG00020905,Ayman,Fathy,M,M,2023-04-21
20906,EG00020906,Omar,Ezzat ,single,Male,2022-01-25
20907,EG00020907,Heba,Hamdy,S,Female,2022-03-31
20908,EG00020908,Amr,Farid,S,m,2023-05-31
20909,EG00020909,Ayman,Gaber,single,m,2023-11-12
20910,EG00020910, Ibrahim,El-Masry ,,,2024-02-23
20911,EG00020911,Sameh,Tolba ,S,M,2023-09-25
20912,EG00020912,Mostafa,Abdel Rahman ,S,,2023-08-31
20913,EG00020913,Karim,Shawky ,single,,2023-11-05
20914,EG00020914,Hassan,Gaber,,,2025-08-20
20915,EG00020915,Mariam,Abdel Rahman,M,f,2025-01-09
20916,EG00020916,Khaled,Abdel Rahman,S,m,2024-06-24
20917,EG00020917, Youssef,El-Masry,single,m,2023-02-23
20918,EG00020918,Youssef,El-Sayed,M,m,2024-11-05
20919,EG00020919,Mostafa,Hamdy,M,,2022-12-28
20920,EG00020920,Tarek,Nabil,M,Male,2024-09-12
20921,EG00020921,Sherif,Shawky,M,,2022-11-16
20922,EG00020922,Mariam,Shawky ,S,f,2025-02-06
20923,EG00020923,Hassan,Shawky,M,,2022-05-28
20924,EG00020924,Yasmin,El-Masry,S,F,2024-10-22
20925,EG00020925,Radwa,Shawky,single,Female,2024-02-26
20926,EG00020926, Salma,Tolba,S,,2025-03-04
20927,EG00020927,Amr,Farid,married,Male,2024-11-09
20928,EG00020928,Mona,Mahmoud,single,f,2023-05-12
20929,EG00020929,Sara,Ezzat,single,f,2023-06-20
20930,EG00020930,Yasmin,Fouad,single,f,2022-01-26
20931,EG00020931,Youssef,Shawky,S,m,2024-05-16
20932,EG00020932,Mostafa,Fouad,,,2025-04-15
20933,EG00020933, Hend,Hassan,married,Female,2022-10-20
20934,EG00020934,Heba,Shawky ,M,,2022-01-04
20935,EG00020935,Youssef,Farid,single,,2022-12-16
20936,EG00020936,Sherif,El-Sayed,M,M,2024-07-11
20937,EG00020937, Mahmoud,Fathy,married,m,2023-06-16
20938,EG00020938, Aliaa,Zaki,S,Female,2022-06-25
20939,EG00020939, Nour,Fouad ,M,,2024-09-20
20940,EG00020940,Ahmed,Mahmoud,single,M,2022-07-18
20941,EG00020941,Sameh,Ibrahim,married,Male,2024-09-22
20942,EG00020942,Reem,Zaki,S,Female,2023-05-06
20943,EG00020943,Nourhan,Shawky,married,Female,2022-07-25
20944,EG00020944,Hany,Shawky,M,M,2025-05-17
20945,EG00020945,Sameh,Fouad,M,Male,2024-07-14
20946,EG00020946,Marwa,Farid ,single,Female,2022-02-04
20947,EG00020947,Sara,Gaber,M,,2025-06-08
20948,EG00020948,Sherif,Farid,M,M,2024-02-28
20949,EG00020949,Doaa,Fathy,,F,2022-09-19
20950,EG00020950,Fatma,Nabil,married,,2022-12-11
20951,EG00020951,Nour,El-Masry,M,f,2025-09-13
20952,EG00020952,Omar,Farid ,S,,2023-07-29
20953,EG00020953,Hassan,El-Masry,single,m,2024-12-30
20954,EG00020954,Fatma,Gaber,married,F,2025-08-11
20955,EG00020955,Nourhan,Shawky,married,,2023-04-23
20956,EG00020956,Hassan,Ali ,S,m,2022-08-26
20957,EG00020957,Yasmin,Gaber,S,Female,2022-05-07
20958,EG00020958,Ali,Farid,single,m,2024-11-30
20959,EG00020959, Omar,Shawky,S,m,2023-08-31
20960,EG00020960,Wael,Hamdy,single,M,2025-05-11
20961,EG00020961,Salma,Saad,married,,2025-07-16
20962,EG00020962,Wael,Nabil,married,Male,2022-11-09
20963,EG00020963,Khaled,Mahmoud,married,,2024-03-13
20964,EG00020964,Rana,Ibrahim,single,,2023-12-15
20965,EG00020965,Nourhan,Hassan,single,f,2025-01-27
20966,EG00020966,Nour,Kamel,married,F,2023-09-15
20967,EG00020967,Rana,Tolba,S,f,2023-03-06
20968,EG00020968,Amr,Ibrahim,S,m,2024-02-11
20969,EG00020969, Rana,Mahmoud,M,F,2022-08-29
20970,EG00020970,Eman,Farid,M,f,2022-03-11
20971,EG00020971,Khaled,Shawky,M,,2025-09-10
20972,EG00020972,Hany,Shawky,S,M,2022-09-03
20973,EG00020973,Youssef,Ali,,m,2022-02-17
20974,EG00020974,Aya,Ali,M,,2023-09-04
20975,EG00020975, Omar,Gaber,married,m,2024-04-10
20976,EG00020976,Ali,Rashad,,,2022-05-11
20977,EG00020977,Amr,Ali,M,M,2025-02-10
20978,EG00020978, Reem,Ali,single,f,2022-06-29
20979,EG00020979,Sara,Hassan,S,f,2024-05-16
20980,EG00020980, Khaled,Nabil,married,Male,2025-09-11
20981,EG00020981,Yasmin,Tolba,S,f,2022-07-22
20982,EG00020982,Khaled,Mahmoud,married,m,2022-10-02
20983,EG00020983,Ashraf,Ezzat,M,M,2025-01-31
20984,EG00020984,Aya,Shawky,M,F,2023-06-05
20985,EG00020985,Yasmin,Rashad,S,f,2024-02-02
20986,EG00020986,Mostafa,Kamel,M,M,2025-05-21
20987,EG00020987,Youssef,Fouad ,,,2022-05-16
20988,EG00020988,Fatma,Ezzat,M,f,2023-07-15
20989,EG00020989,Omar,Shawky,S,M,2022-12-26
20990,EG00020990, Eman,El-Masry,,Female,2025-02-03
20991,EG00020991,Doaa,Ali,married,,2023-01-06
20992,EG00020992,Shaimaa,Rashad,M,f,2023-06-15
20993,EG00020993,Sameh,Kamel,,Male,2022-04-19
20994,EG00020994,Dina,Zaki,M,Female,2024-08-17
20995,EG00020995,Aya,Farid,married,f,2023-09-18
20996,EG00020996,Tarek,Farid,single,M,2022-06-07
20997,EG00020997,Youssef,El-Sayed ,S,,2022-01-22
20998,EG00020998,Marwa,Kamel,single,F,2024-04-10
20999,EG00020999,Ayman,Fathy,single,,2024-12-30
21000,EG00021000,Dina,Saad ,M,f,2024-12-08
21001,EG00021001,Mahmoud,Hassan,S,M,2024-05-15
21002,EG00021002,Nourhan,El-Sayed ,single,f,2025-01-09
21003,EG00021003,Tarek,Nabil,S,,2023-03-22
21004,EG00021004,Marwa,Mahmoud,married,,2022-04-28
21005,EG00021005,Mariam,Zaki,S,F,2023-12-18
21006,EG00021006, Ali,Ezzat,M,M,2024-12-19
21007,EG00021007,Mostafa,Ali ,married,Male,2023-04-09
21008,EG00021008,Nourhan,Ezzat,M,Female,2022-08-11
21009,EG00021009,Aliaa,El-Sayed,S,Female,2023-02-11
21010,EG00021010, Amr,Nabil,single,Male,2022-03-06
21011,EG00021011,Amr,El-Masry,S,,2024-09-28
21012,EG00021012,Yasmin,Gaber,M,,2022-09-27
21013,EG00021013,Omar,Ibrahim,S,m,2022-04-17
21014,EG00021014,Hend,Zaki,S,Female,2024-09-22
21015,EG00021015,Mostafa,Abdel Rahman,M,m,2023-07-30
21016,EG00021016,Hassan,Abdel Rahman,M,M,2024-10-25
21017,EG00021017,Amr,Tolba,S,m,2024-04-01
21018,EG00021018,Hassan,Fathy,,m,2022-07-06
21019,EG00021019,Ali,Farid,M,m,2023-11-20
21020,EG00021020,Radwa,Mahmoud,S,F,2023-07-06
21021,EG00021021,Aya,Ezzat,S,f,2022-03-25
21022,EG00021022,Mohamed,Gaber,,M,2024-06-01
21023,EG00021023,Hassan,El-Masry,S,M,2025-02-04
21024,EG00021024,Ibrahim,Ezzat,married,Male,2023-05-03
21025,EG00021025,Heba,Tolba,M,F,2022-03-26
21026,EG00021026,Amr,Hamdy ,,Male,2023-09-10
21027,EG00021027,Heba,Rashad ,M,,2025-02-01
21028,EG00021028,Shaimaa,Ezzat,single,F,2024-06-12
21029,EG00021029,Wael,Farid,married,M,2022-12-08
21030,EG00021030, Yasmin,Nabil,married,f,2024-03-25
21031,EG00021031,Shaimaa,Saad,married,,2025-02-25
21032,EG00021032,Nourhan,Zaki,M,f,2025-04-27
21033,EG00021033,Sameh,Hamdy,S,Male,2023-03-28
21034,EG00021034, Aya,Rashad,,f,2023-08-21
21035,EG00021035,Karim,Fouad,married,M,2025-08-08
21036,EG00021036, Amr,Rashad,single,Male,2023-10-27
21037,EG00021037,Adel,Fouad,,Male,2023-10-27
21038,EG00021038,Ahmed,Ezzat,M,Male,2022-02-02
21039,EG00021039,Ali,Fouad,,m,2024-06-24
21040,EG00021040,Ibrahim,Fouad,married,,2022-11-15
21041,EG00021041,Dina,Farid,S,,2023-01-07
21042,EG00021042,Rana,El-Sayed,single,f,2025-08-19
21043,EG00021043,Mariam,Nabil,M,f,2022-05-23
21044,EG00021044,Youssef,Farid,M,M,2024-12-14
21045,EG00021045, Ahmed,Zaki,S,M,2025-08-12
21046,EG00021046,Karim,Abdel Rahman,single,M,2022-01-20
21047,EG00021047,Adel,Gaber ,M,,2025-02-26
21048,EG00021048,Rana,Nabil,S,Female,2025-07-09
21049,EG00021049, Ahmed,Mahmoud,,,2022-10-18
21050,EG00021050,Khaled,Ibrahim,S,Male,2023-04-08
21051,EG00021051,Nour,El-Masry ,S,Female,2024-01-02
21052,EG00021052, Ayman,Gaber,S,M,2025-05-23
21053,EG00021053,Mahmoud,Farid,single,,2022-11-04
21054,EG00021054,Doaa,Nabil ,M,Female,2023-06-28
21055,EG00021055,Ahmed,Kamel,M,,2024-07-03
21056,EG00021056,Fatma,Ali,S,f,2022-07-05
21057,EG00021057,Yasmin,El-Sayed,M,,2024-09-12
21058,EG00021058,Doaa,Gaber,M,,2024-05-07
21059,EG00021059,Shaimaa,Rashad,M,,2022-06-21
21060,EG00021060,Marwa,Tolba,M,F,2023-04-27
21061,EG00021061,Mariam,Fathy ,,,2022-10-01
21062,EG00021062,Mohamed,Ezzat,married,m,2023-08-27
21063,EG00021063,Yasmin,Rashad,M,f,2023-04-05
21064,EG00021064,Karim,Ali,M,M,2024-05-19
21065,EG00021065,Sara,Ali ,married,f,2022-03-03
21066,EG00021066, Sherif,Kamel ,,,2022-11-03
21067,EG00021067,Wael,Kamel,S,,2024-04-22
21068,EG00021068,Aliaa,Ibrahim,single,F,2025-05-22
21069,EG00021069, Sameh,El-Sayed,single,,2025-02-08
21070,EG00021070,Eman,Saad,M,Female,2022-07-08
21071,EG00021071,Yasmin,Fathy ,M,f,2025-02-19
21072,EG00021072,Hany,El-Masry,married,,2022-12-04
21073,EG00021073,Sherif,Farid ,S,Male,2025-05-20
21074,EG00021074,Mariam,Abdel Rahman,S,f,2025-05-07
21075,EG00021075,Tarek,Fathy,S,m,2023-07-06
21076,EG00021076, Ashraf,Tolba,M,M,2022-04-09
21077,EG00021077, Fatma,Nabil,S,,2024-10-21
21078,EG00021078,Ibrahim,Shawky,single,M,2023-11-10
21079,EG00021079,Marwa,Ali,S,,2024-09-03
21080,EG00021080,Tarek,El-Sayed,single,M,2023-04-20
21081,EG00021081,Karim,El-Sayed,single,Male,2024-07-05
21082,EG00021082,Ibrahim,Nabil,M,M,2024-03-04
21083,EG00021083,Amr,Zaki,,,2022-07-19
21084,EG00021084,Karim,Nabil,married,M,2024-10-18
21085,EG00021085,Hany,Gaber,S,Male,2025-03-26
21086,EG00021086, Mona,Hassan,M,Female,2024-08-27
21087,EG00021087,Aliaa,Kamel,M,F,2024-01-15
21088,EG00021088,Nourhan,Farid,M,,2024-01-22
21089,EG00021089,Mona,Hassan,S,F,2025-06-25
21090,EG00021090, Khaled,Rashad,S,,2022-11-21
21091,EG00021091,Fatma,Abdel Rahman,S,Female,2024-08-12
21092,EG00021092, Shaimaa,Hamdy,S,,2024-06-06
21093,EG00021093, Ali,Gaber,,,2023-03-12
21094,EG00021094,Nour,Fouad,M,f,2025-08-04
21095,EG00021095, Ibrahim,Tolba,M,M,2024-01-11
21096,EG00021096, Radwa,Fathy,married,,2023-07-07
21097,EG00021097,Rana,Hassan,S,Female,2024-07-13
21098,EG00021098,Marwa,Fathy,married,F,2022-07-09
21099,EG00021099,Reem,Nabil,M,,2024-08-31
21100,EG00021100,Mostafa,Ezzat,married,M,2025-02-22
21101,EG00021101,Youssef,Tolba,married,Male,2022-01-30
21102,EG00021102,Hany,Kamel,married,,2023-06-23
21103,EG00021103,Hany,Kamel,,M,2022-03-16
21104,EG00021104,Amr,Farid,,,2023-03-19
21105,EG00021105,Heba,Fathy,S,Female,2024-01-16
21106,EG00021106,Tarek,Nabil,single,,2025-08-21
21107,EG00021107,Hend,Farid,M,Female,2022-08-21
21108,EG00021108,Hany,Farid,M,,2024-02-21
21109,EG00021109,Hend,Nabil,married,F,2022-06-29
21110,EG00021110,Youssef,Ibrahim,M,M,2025-07-21
21111,EG00021111,Marwa,Tolba,married,,2023-03-10
21112,EG00021112,Hany,Rashad,M,M,2023-12-20
21113,EG00021113, Hend,Shawky,M,Female,2023-07-03
21114,EG00021114,Salma,Farid ,M,F,2022-02-01
21115,EG00021115,Karim,Ezzat,single,Male,2023-11-18
21116,EG00021116,Ashraf,Farid,M,,2022-04-16
21117,EG00021117,Yasmin,Shawky,S,f,2024-06-14
21118,EG00021118,Omar,Kamel,married,,2025-07-08
21119,EG00021119,Shaimaa,El-Sayed,S,F,2024-06-14
21120,EG00021120, Ashraf,Kamel,S,,2022-02-21
21121,EG00021121,Hany,Ezzat,M,Male,2023-02-01
21122,EG00021122,Ali,Fouad,M,M,2025-07-31
21123,EG00021123,Omar,Hamdy,M,Male,2023-06-21
21124,EG00021124,Youssef,Hassan,married,m,2024-03-11
21125,EG00021125,Wael,Ibrahim,single,M,2023-03-07
21126,EG00021126,Nourhan,Gaber,M,f,2023-09-04
21127,EG00021127,Mahmoud,Tolba,S,Male,2023-12-12
21128,EG00021128,Doaa,Zaki,single,Female,2022-09-07
21129,EG00021129,Ayman,Ibrahim,married,m,2023-03-19
21130,EG00021130, Nour,Fathy,S,f,2023-07-03
21131,EG00021131,Radwa,Fathy,,Female,2024-08-14
21132,EG00021132,Hend,Saad,S,f,2023-02-10
21133,EG00021133,Nourhan,Ali,S,f,2023-02-26
21134,EG00021134,Hend,Hamdy,married,Female,2025-06-29
21135,EG00021135,Ayman,Shawky,S,M,2024-07-09
21136,EG00021136,Mohamed,Saad,,Male,2024-03-26
21137,EG00021137,Omar,El-Sayed,M,Male,2023-05-18
21138,EG00021138,Amr,Ezzat,S,M,2023-10-15
21139,EG00021139,Ibrahim,Fathy,M,M,2024-02-29
21140,EG00021140,Doaa,Fathy ,S,F,2025-03-21
21141,EG00021141,Hend,Gaber,S,,2024-10-18
21142,EG00021142, Hassan,Farid,,Male,2025-04-25
21143,EG00021143, Dina,Tolba ,married,F,2024-08-03
21144,EG00021144, Yasmin,Shawky,,F,2023-11-22
21145,EG00021145, Youssef,El-Masry,single,Male,2023-07-17
21146,EG00021146, Mona,Shawky,M,F,2024-03-16
21147,EG00021147,Aliaa,El-Masry,S,Female,2025-06-19
21148,EG00021148, Ahmed,Abdel Rahman ,S,Male,2024-06-11
21149,EG00021149,Mahmoud,Hassan,S,M,2022-04-18
21150,EG00021150, Sara,Ali,S,Female,2025-06-08
21151,EG00021151,Aya,El-Sayed,S,f,2023-10-16
21152,EG00021152,Ashraf,Farid,,m,2025-03-29
21153,EG00021153,Radwa,Fouad,M,F,2023-06-25
21154,EG00021154,Fatma,Ezzat,single,f,2022-06-09
21155,EG00021155,Wael,Mahmoud,M,,2023-01-20
21156,EG00021156,Nour,Gaber,,Female,2023-10-01
21157,EG00021157, Yasmin,Saad,S,,2024-07-15
21158,EG00021158, Ali,Fathy,single,Male,2025-03-28
21159,EG00021159,Karim,Hamdy,M,M,2024-08-01
21160,EG00021160,Hassan,Ibrahim,S,Male,2022-08-31
21161,EG00021161,Sherif,Farid,M,Male,2022-04-19
21162,EG00021162, Aya,Ezzat,single,,2023-02-02
21163,EG00021163,Heba,Shawky,,,2024-11-28
21164,EG00021164,Nour,Mahmoud,M,F,2022-04-19
21165,EG00021165,Ashraf,Fouad,S,m,2025-06-24
21166,EG00021166, Nourhan,Shawky,single,Female,2024-10-11
21167,EG00021167,Mahmoud,Fathy,,Male,2022-01-07
21168,EG00021168,Mahmoud,Saad,single,Male,2023-05-04
21169,EG00021169,Ibrahim,Hassan,M,m,2022-01-27
21170,EG00021170, Hend,Gaber,S,f,2022-01-20
21171,EG00021171, Radwa,Tolba,M,F,2022-04-03
21172,EG00021172,Ashraf,Nabil,M,m,2022-07-12
21173,EG00021173,Tarek,Gaber,,Male,2025-09-20
21174,EG00021174,Aya,Ezzat,S,Female,2024-11-26
21175,EG00021175,Nour,Fouad,S,f,2024-04-20
21176,EG00021176,Karim,Ezzat,single,,2024-01-07
21177,EG00021177,Youssef,Fathy,S,Male,2025-07-07
21178,EG00021178,Marwa,El-Sayed,S,,2025-04-21
21179,EG00021179,Aya,Nabil,single,Female,2025-06-08
21180,EG00021180,Mostafa,Hamdy,S,Male,2022-08-14
21181,EG00021181,Wael,Kamel,S,m,2023-09-14
21182,EG00021182,Salma,Hassan ,S,f,2023-08-03
21183,EG00021183,Mohamed,El-Masry,single,M,2022-04-13
21184,EG00021184,Yasmin,Ezzat,,f,2022-06-26
21185,EG00021185,Yasmin,Fathy,S,f,2022-03-07
21186,EG00021186,Mona,Abdel Rahman,M,,2022-07-20
21187,EG00021187,Salma,Zaki,single,Female,2025-03-30
21188,EG00021188,Amr,Fouad,S,Male,2022-06-25
21189,EG00021189,Eman,Hamdy,married,,2022-07-16
21190,EG00021190,Sameh,Hamdy,single,Male,2024-08-17
21191,EG00021191,Hend,Hamdy,S,F,2024-05-12
21192,EG00021192,Karim,Zaki,,Male,2022-09-18
21193,EG00021193,Sara,Shawky,M,,2022-04-22
21194,EG00021194,Mohamed,Fouad,S,M,2023-08-19
21195,EG00021195,Reem,Mahmoud,,F,2023-02-24
21196,EG00021196,Adel,El-Masry,single,m,2023-09-09
21197,EG00021197,Mariam,El-Masry,S,F,2022-11-10
21198,EG00021198,Sameh,Ali ,S,,2024-03-11
21199,EG00021199,Omar,Nabil,married,m,2025-01-24
21200,EG00021200,Doaa,Hamdy,M,f,2025-07-26
21201,EG00021201,Mahmoud,Kamel,M,m,2024-09-02
21202,EG00021202,Salma,Nabil,M,Female,2023-07-18
21203,EG00021203,Nourhan,Ali,M,F,2023-08-04
21204,EG00021204,Nour,Tolba,S,,2022-03-29
21205,EG00021205,Yasmin,Hamdy,S,f,2024-01-03
21206,EG00021206,Sherif,Saad ,single,m,2023-12-22
21207,EG00021207,Aliaa,Kamel,S,,2022-05-20
21208,EG00021208,Nourhan,El-Masry,single,Female,2022-09-23
21209,EG00021209,Eman,Tolba,M,F,2022-04-03
21210,EG00021210, Mahmoud,Abdel Rahman ,single,,2023-10-25
21211,EG00021211,Khaled,Ali,M,,2022-05-12
21212,EG00021212, Ayman,Fouad,S,,2024-02-06
21213,EG00021213, Mahmoud,Gaber,M,m,2023-02-05
21214,EG00021214,Radwa,Hamdy,single,f,2024-06-07
21215,EG00021215, Youssef,Tolba,S,m,2022-03-10
21216,EG00021216,Ahmed,Ezzat,married,M,2023-11-29
21217,EG00021217,Sameh,El-Masry,married,,2024-10-22
21218,EG00021218,Mona,Zaki,married,F,2024-06-17
21219,EG00021219,Nourhan,Hassan,,Female,2022-07-26
21220,EG00021220, Wael,Abdel Rahman,S,m,2023-08-17
21221,EG00021221, Nourhan,Ezzat,S,F,2024-12-30
21222,EG00021222,Sameh,Zaki,S,M,2025-04-08
21223,EG00021223, Aya,Ibrahim,M,Female,2022-05-02
21224,EG00021224,Amr,Rashad,married,M,2023-04-28
21225,EG00021225,Fatma,Tolba,married,F,2023-12-10
21226,EG00021226,Mostafa,Zaki,,,2022-09-23
21227,EG00021227, Sara,Ali,single,Female,2024-06-02
21228,EG00021228, Salma,Abdel Rahman ,married,f,2024-12-30
21229,EG00021229,Mariam,Rashad,M,f,2024-05-30
21230,EG00021230, Shaimaa,Kamel ,,Female,2023-12-22
21231,EG00021231,Ibrahim,Farid,S,M,2023-04-11
21232,EG00021232, Shaimaa,Tolba,married,f,2022-04-27
21233,EG00021233,Mohamed,Kamel,S,Male,2025-05-18
21234,EG00021234,Tarek,Kamel,S,M,2022-06-06
21235,EG00021235,Shaimaa,Fathy,S,f,2024-06-27
21236,EG00021236,Mona,Rashad,,Female,2023-10-16
21237,EG00021237,Mohamed,Ezzat,,,2023-07-27
21238,EG00021238,Amr,Kamel,S,m,2022-09-09
21239,EG00021239,Yasmin,Mahmoud,single,,2022-08-22
21240,EG00021240,Wael,Mahmoud,S,M,2022-05-03
21241,EG00021241,Doaa,Shawky,M,,2022-04-01
21242,EG00021242,Amr,Shawky,S,Male,2022-03-06
21243,EG00021243,Mariam,Zaki,married,Female,2025-04-25
21244,EG00021244,Ahmed,Gaber,married,,2022-04-27
21245,EG00021245,Adel,Shawky,S,,2024-05-18
21246,EG00021246,Rana,Shawky,M,f,2022-02-01
21247,EG00021247,Aya,Hassan,S,Female,2025-03-15
21248,EG00021248,Sara,Zaki,S,F,2022-09-12
21249,EG00021249,Eman,Gaber,M,,2022-02-05
21250,EG00021250, Mariam,Hamdy,single,f,2024-04-16
21251,EG00021251,Ashraf,Hassan,S,M,2024-06-21
21252,EG00021252,Hassan,Fouad,M,m,2022-10-28
21253,EG00021253,Khaled,Ali,,,2025-04-02
21254,EG00021254,Sara,Rashad ,single,Female,2023-06-12
21255,EG00021255,Sherif,Rashad,S,M,2022-06-08
21256,EG00021256, Nour,Saad,,Female,2024-05-01
21257,EG00021257,Mostafa,Nabil,married,Male,2023-11-18
21258,EG00021258,Mona,El-Masry,S,f,2024-01-25
21259,EG00021259,Tarek,Kamel ,,m,2023-10-04
21260,EG00021260,Heba,Shawky ,single,f,2024-02-20
21261,EG00021261,Youssef,Abdel Rahman,single,,2025-01-08
21262,EG00021262,Sameh,Mahmoud,,,2023-10-12
21263,EG00021263,Heba,Tolba,M,Female,2023-04-18
21264,EG00021264,Reem,Ali,M,Female,2022-06-13
21265,EG00021265, Shaimaa,Saad,M,f,2024-07-08
21266,EG00021266,Dina,Tolba,,f,2024-04-14
21267,EG00021267,Ayman,Fouad,S,M,2024-04-16
21268,EG00021268,Marwa,Kamel,married,f,2023-01-04
21269,EG00021269,Mariam,El-Sayed,,,2022-07-26
21270,EG00021270, Mohamed,Farid,S,m,2024-11-20
21271,EG00021271,Hend,Ezzat,M,Female,2022-09-01
21272,EG00021272,Reem,Tolba ,single,F,2022-06-01
21273,EG00021273,Aliaa,Farid,M,Female,2024-09-04
21274,EG00021274,Mahmoud,Tolba,S,m,2022-01-16
21275,EG00021275,Aliaa,Shawky,single,Female,2022-07-18
21276,EG00021276,Tarek,El-Masry,,,2023-08-08
21277,EG00021277,Nourhan,Gaber,S,f,2024-05-31
21278,EG00021278,Eman,Zaki,M,F,2023-08-13
21279,EG00021279,Radwa,Hamdy,S,F,2023-04-20
21280,EG00021280,Yasmin,Ali,married,f,2022-02-26
21281,EG00021281,Adel,Rashad ,married,M,2024-01-27
21282,EG00021282,Tarek,Tolba,M,,2023-08-28
21283,EG00021283,Omar,Hamdy,S,m,2023-07-25
21284,EG00021284,Sherif,Hassan,S,Male,2022-11-17
21285,EG00021285,Aya,Hamdy,married,F,2023-10-07
21286,EG00021286,Mostafa,Ali,S,m,2025-02-17
21287,EG00021287,Ahmed,Abdel Rahman,M,m,2023-06-28
21288,EG00021288,Yasmin,El-Masry,S,f,2023-02-11
21289,EG00021289, Sameh,Fathy ,,m,2022-12-31
21290,EG00021290,Mostafa,Fouad,M,Male,2024-09-18
21291,EG00021291,Tarek,Abdel Rahman,M,,2025-05-09
21292,EG00021292,Shaimaa,El-Masry,married,Female,2024-05-09
21293,EG00021293,Reem,Abdel Rahman ,M,Female,2025-09-14
21294,EG00021294,Sherif,Shawky,M,,2025-05-15
21295,EG00021295,Dina,Ibrahim,married,,2022-05-05
21296,EG00021296,Aya,Gaber,M,,2023-06-18
21297,EG00021297,Hassan,El-Masry,married,M,2023-09-24
21298,EG00021298,Hend,Abdel Rahman,M,F,2025-06-10
21299,EG00021299,Yasmin,Zaki,S,,2022-07-04
21300,EG00021300, Mona,Rashad ,M,Female,2025-01-01
21301,EG00021301,Mahmoud,Rashad,S,m,2024-02-05
21302,EG00021302,Hend,Fathy,S,F,2022-02-11
21303,EG00021303,Sameh,Shawky ,S,Male,2022-02-19
21304,EG00021304,Khaled,Mahmoud,married,,2025-09-04
21305,EG00021305,Yasmin,Fouad ,,,2022-02-11
21306,EG00021306,Adel,Zaki ,,,2023-02-02
21307,EG00021307,Reem,Farid ,S,,2023-02-20
21308,EG00021308,Hassan,Tolba,S,m,2024-04-12
21309,EG00021309,Radwa,Nabil,M,,2022-02-05
21310,EG00021310,Nourhan,Ezzat,M,f,2025-03-29
21311,EG00021311,Ali,Abdel Rahman,S,Male,2023-11-12
21312,EG00021312,Youssef,Ali,M,m,2022-06-21
21313,EG00021313,Ali,Zaki,married,m,2022-05-01
21314,EG00021314,Aya,Farid,M,F,2023-10-21
21315,EG00021315,Mariam,Fouad,married,,2025-01-22
21316,EG00021316,Reem,Abdel Rahman,,F,2022-08-04
21317,EG00021317,Fatma,Shawky ,,F,2022-12-07
21318,EG00021318, Hany,Ali,M,,2022-10-14
21319,EG00021319,Nourhan,Ibrahim,S,Female,2024-12-06
21320,EG00021320,Doaa,Ezzat,S,f,2025-06-11
21321,EG00021321,Marwa,Zaki,S,f,2022-12-03
21322,EG00021322,Mariam,Gaber,S,F,2023-10-01
21323,EG00021323,Amr,Ali,S,,2025-05-02
21324,EG00021324,Youssef,Ezzat,S,M,2023-01-30
21325,EG00021325,Salma,Farid,,,2023-06-06
21326,EG00021326,Youssef,Tolba,S,m,2023-06-23
21327,EG00021327,Karim,Saad,S,Male,2025-06-15
21328,EG00021328, Heba,El-Sayed,M,F,2025-06-13
21329,EG00021329,Karim,El-Sayed ,S,M,2022-10-08
21330,EG00021330,Hend,El-Masry,S,f,2025-02-21
21331,EG00021331,Nourhan,Shawky,married,Female,2024-12-22
21332,EG00021332,Ayman,Fathy,married,Male,2022-10-20
21333,EG00021333,Shaimaa,Hamdy,single,F,2025-02-16
21334,EG00021334, Mona,El-Sayed,M,Female,2024-05-18
21335,EG00021335,Ayman,Rashad,M,,2024-02-06
21336,EG00021336,Ahmed,Fathy,S,Male,2023-11-04
21337,EG00021337,Sherif,Fouad ,S,M,2025-08-18
21338,EG00021338, Radwa,Shawky,S,Female,2025-07-04
21339,EG00021339,Ashraf,Ibrahim,,,2024-10-01
21340,EG00021340,Wael,Rashad ,S,m,2022-12-29
21341,EG00021341,Youssef,Farid ,M,M,2023-10-06
21342,EG00021342,Adel,Fouad,,M,2023-11-13
21343,EG00021343,Rana,Tolba,S,,2024-05-02
21344,EG00021344,Youssef,Fathy,single,Male,2022-06-21
21345,EG00021345,Hany,Mahmoud,,,2022-12-21
21346,EG00021346,Tarek,Fouad ,M,M,2025-03-05
21347,EG00021347,Fatma,Ali,S,f,2023-10-13
21348,EG00021348,Mahmoud,Ibrahim,S,m,2023-09-23
21349,EG00021349, Karim,Nabil,M,Male,2022-10-15
21350,EG00021350,Hend,Abdel Rahman,M,f,2023-08-28
21351,EG00021351, Aliaa,Fouad,S,Female,2025-08-07
21352,EG00021352,Rana,Mahmoud,M,f,2024-06-07
21353,EG00021353,Salma,Fathy,,Female,2022-07-05
21354,EG00021354,Hassan,Fathy ,S,m,2024-08-31
21355,EG00021355,Hany,Tolba,single,M,2023-10-23
21356,EG00021356,Sherif,Ibrahim,S,M,2023-01-19
21357,EG00021357,Salma,El-Sayed,S,,2025-06-16
21358,EG00021358,Eman,Tolba,M,f,2023-06-02
21359,EG00021359,Doaa,Gaber,S,f,2024-11-04
21360,EG00021360,Mostafa,Farid,M,M,2022-12-02
21361,EG00021361,Tarek,Zaki,M,m,2022-09-24
21362,EG00021362,Sara,Hassan,married,Female,2024-07-28
21363,EG00021363, Rana,Hamdy,M,Female,2023-09-22
21364,EG00021364,Mahmoud,Abdel Rahman,single,m,2022-11-12
21365,EG00021365,Mariam,El-Masry ,,,2023-03-12
21366,EG00021366,Nourhan,Hamdy,S,,2022-09-21
21367,EG00021367,Yasmin,Shawky,married,,2025-05-07
21368,EG00021368,Shaimaa,Hassan,,F,2023-03-31
21369,EG00021369,Khaled,Ezzat,S,,2022-06-08
21370,EG00021370,Karim,El-Masry,M,M,2023-11-27
21371,EG00021371,Rana,Farid,single,,2022-03-13
21372,EG00021372,Hend,El-Sayed,married,F,2024-08-10
21373,EG00021373,Sherif,Ali,married,M,2022-11-26
21374,EG00021374,Yasmin,Tolba,S,,2025-09-01
21375,EG00021375,Hend,Mahmoud,single,F,2025-05-21
21376,EG00021376,Marwa,Ezzat,married,Female,2022-08-17
21377,EG00021377,Mostafa,Rashad,S,m,2022-01-15
21378,EG00021378,Eman,Fouad,single,,2024-06-09
21379,EG00021379, Hany,Nabil,M,Male,2022-04-13
21380,EG00021380,Aya,Farid,married,F,2025-01-16
21381,EG00021381,Rana,Nabil ,S,Female,2025-07-26
21382,EG00021382,Ayman,Ali ,single,,2023-05-25
21383,EG00021383, Youssef,Rashad,single,,2024-06-01
21384,EG00021384,Mona,Hamdy,married,,2022-03-25
21385,EG00021385, Ibrahim,Ezzat,single,M,2024-02-22
21386,EG00021386,Ibrahim,Nabil ,single,Male,2025-08-30
21387,EG00021387,Mostafa,Ali,S,m,2022-04-11
21388,EG00021388,Eman,El-Masry,S,f,2023-07-21
21389,EG00021389,Ayman,Shawky,S,M,2024-04-13
21390,EG00021390,Ahmed,Farid,M,Male,2022-07-18
21391,EG00021391,Khaled,Ibrahim,,Male,2025-06-01
21392,EG00021392,Eman,Farid,M,,2025-02-16
21393,EG00021393,Ibrahim,Gaber,M,,2024-10-18
21394,EG00021394,Adel,El-Sayed,S,M,2025-07-17
21395,EG00021395, Shaimaa,Ezzat,,Female,2023-09-15
21396,EG00021396,Reem,Hamdy ,,f,2025-07-02
21397,EG00021397,Eman,Farid,married,Female,2025-02-13
21398,EG00021398,Dina,Shawky,,F,2022-07-18
21399,EG00021399,Heba,Fathy,M,f,2024-04-01
21400,EG00021400,Mona,Fathy,S,Female,2025-07-14
21401,EG00021401,Ibrahim,Saad,married,,2024-10-10
21402,EG00021402,Salma,Hamdy,M,Female,2022-01-07
21403,EG00021403,Aliaa,El-Sayed ,,,2024-05-06
21404,EG00021404,Heba,Ibrahim,,F,2025-05-12
21405,EG00021405,Mariam,Gaber,single,,2022-07-06
21406,EG00021406,Mariam,Zaki,,f,2022-11-27
21407,EG00021407,Mona,Abdel Rahman,M,Female,2022-09-29
21408,EG00021408,Fatma,Ibrahim,M,,2023-05-11
21409,EG00021409,Hany,Saad,married,Male,2022-11-23
21410,EG00021410, Hany,Hassan ,single,,2024-11-30
21411,EG00021411,Nourhan,Hassan,single,F,2025-05-28
21412,EG00021412,Hany,El-Masry ,married,,2022-03-23
21413,EG00021413,Nourhan,Saad,married,F,2022-08-01
21414,EG00021414,Hassan,Tolba ,M,Male,2024-04-25
21415,EG00021415,Yasmin,Abdel Rahman,S,Female,2025-08-07
21416,EG00021416,Hany,El-Masry,S,Male,2024-06-29
21417,EG00021417,Aliaa,Fouad,married,f,2022-10-31
21418,EG00021418,Mariam,Abdel Rahman,single,Female,2023-09-21
21419,EG00021419,Ashraf,Nabil,S,m,2022-09-21
21420,EG00021420,Ayman,Nabil,M,M,2023-03-10
21421,EG00021421, Yasmin,Tolba,,,2024-09-03
21422,EG00021422,Sherif,Kamel,,Male,2024-02-14
21423,EG00021423,Rana,Saad,M,F,2022-05-13
21424,EG00021424,Dina,Nabil,,F,2025-08-24
21425,EG00021425,Sherif,El-Masry,S,m,2023-02-19
21426,EG00021426,Sara,Shawky,,F,2023-07-10
21427,EG00021427,Mohamed,Hamdy,S,m,2025-08-25
21428,EG00021428,Khaled,Hamdy,S,Male,2022-07-07
21429,EG00021429,Youssef,Kamel ,M,m,2025-04-14
21430,EG00021430,Aliaa,Ali,S,F,2023-02-07
21431,EG00021431, Nour,Hamdy,,f,2025-05-10
21432,EG00021432, Salma,Tolba,S,,2025-08-09
21433,EG00021433,Ashraf,Zaki,S,,2025-05-16
21434,EG00021434,Radwa,El-Sayed,S,Female,2023-06-26
21435,EG00021435,Ibrahim,Fouad,single,,2022-08-17
21436,EG00021436,Wael,Ibrahim,M,,2022-12-01
21437,EG00021437,Youssef,Farid ,married,,2023-12-03
21438,EG00021438,Amr,Ali,,Male,2023-10-18
21439,EG00021439,Nour,Nabil,single,f,2023-10-26
21440,EG00021440,Amr,Shawky,,m,2023-10-29
21441,EG00021441,Doaa,Farid,S,,2023-09-14
21442,EG00021442,Yasmin,Nabil,single,Female,2024-07-10
21443,EG00021443,Hend,Tolba,married,,2022-04-24
21444,EG00021444,Mona,Kamel,S,f,2023-03-04
21445,EG00021445, Salma,Ezzat,M,Female,2025-02-16
21446,EG00021446,Amr,Zaki,S,M,2023-05-13
21447,EG00021447,Ibrahim,El-Masry,S,,2024-09-24
21448,EG00021448,Hassan,Zaki ,S,Male,2023-07-20
21449,EG00021449, Aliaa,Nabil,single,F,2023-10-27
21450,EG00021450,Yasmin,Kamel,,F,2024-06-16
21451,EG00021451,Ibrahim,Tolba,,Male,2022-02-14
21452,EG00021452,Youssef,Gaber,married,,2023-03-16
21453,EG00021453,Ibrahim,Hamdy,M,Male,2023-06-07
21454,EG00021454,Karim,Ali,married,,2022-04-09
21455,EG00021455, Sameh,Ezzat,S,Male,2025-01-08
21456,EG00021456,Salma,Tolba ,S,F,2025-02-17
21457,EG00021457,Adel,El-Sayed,S,,2025-06-03
21458,EG00021458,Youssef,Farid,single,m,2025-08-25
21459,EG00021459,Fatma,El-Sayed,,,2022-02-13
21460,EG00021460, Eman,Nabil,S,F,2023-04-07
21461,EG00021461,Hend,Kamel,single,Female,2024-12-26
21462,EG00021462,Heba,Tolba,single,f,2023-01-22
21463,EG00021463,Amr,Nabil ,,M,2022-09-18
21464,EG00021464,Fatma,Gaber,single,f,2023-02-18
21465,EG00021465,Rana,Farid,M,Female,2022-02-25
21466,EG00021466,Hany,Ali,M,m,2024-02-19
21467,EG00021467,Hany,Hamdy,M,M,2022-07-10
21468,EG00021468,Sameh,Tolba,married,m,2022-09-04
21469,EG00021469,Doaa,Ezzat,M,f,2022-07-05
21470,EG00021470,Radwa,Fouad,S,F,2024-02-18
21471,EG00021471,Nourhan,Ali,married,F,2024-06-08
21472,EG00021472,Dina,Hassan,M,F,2023-07-17
21473,EG00021473,Sara,Kamel,S,f,2024-11-28
21474,EG00021474,Karim,El-Masry ,married,m,2025-09-15
21475,EG00021475,Mona,Zaki,M,f,2024-11-28
21476,EG00021476,Mahmoud,Ezzat ,M,M,2024-10-15
21477,EG00021477,Tarek,Shawky,S,Male,2022-02-28
21478,EG00021478,Ibrahim,Ibrahim ,married,m,2024-04-14
21479,EG00021479,Adel,Shawky,M,m,2022-07-25
21480,EG00021480, Sherif,Abdel Rahman,S,,2024-08-09
21481,EG00021481,Shaimaa,Hamdy,single,F,2023-09-30
21482,EG00021482,Radwa,Fouad,S,F,2024-09-05
21483,EG00021483,Eman,Fathy,married,f,2023-04-07
21484,EG00021484,Omar,Shawky,M,m,2023-05-29
21485,EG00021485,Tarek,Gaber,,Male,2022-09-27
21486,EG00021486,Hend,Ezzat,married,F,2024-02-28
21487,EG00021487, Amr,El-Sayed,married,m,2022-11-28
21488,EG00021488,Reem,Ibrahim,S,f,2025-07-11
21489,EG00021489,Aliaa,Fathy,M,F,2023-07-27
21490,EG00021490,Reem,El-Sayed,M,,2025-09-20
21491,EG00021491,Ibrahim,Saad,M,M,2025-01-17
21492,EG00021492,Omar,Abdel Rahman,S,Male,2022-09-16
21493,EG00021493,Salma,Hamdy,S,f,2024-03-25
21494,EG00021494,Karim,Abdel Rahman,single,Male,2024-12-12
21495,EG00021495,Ashraf,Saad,S,m,2024-12-23
21496,EG00021496, Sherif,El-Sayed,single,m,2022-11-08
21497,EG00021497, Heba,Fouad,M,Female,2024-03-09
21498,EG00021498,Radwa,Hamdy,S,F,2022-06-03
21499,EG00021499,Shaimaa,Nabil,,F,2022-05-02
21500,EG00021500,Yasmin,Kamel,married,f,2024-03-12
21501,EG00021501,Mostafa,Shawky,S,M,2023-04-09
21502,EG00021502,Yasmin,Shawky,single,f,2023-02-26
21503,EG00021503,Yasmin,Fouad ,S,Female,2024-12-09
21504,EG00021504,Ayman,El-Masry,married,M,2025-01-13
21505,EG00021505,Yasmin,Hassan,single,Female,2023-07-12
21506,EG00021506, Ali,Fouad,,m,2024-09-24
21507,EG00021507, Dina,Saad,,Female,2023-05-10
21508,EG00021508, Hend,Farid ,married,Female,2023-07-19
21509,EG00021509,Marwa,Gaber,S,F,2022-01-27
21510,EG00021510,Wael,Abdel Rahman,M,Male,2022-08-01
21511,EG00021511,Shaimaa,Zaki,,,2022-03-28
21512,EG00021512,Ashraf,Ali ,married,m,2024-01-09
21513,EG00021513,Nourhan,Mahmoud,married,,2025-03-20
21514,EG00021514,Ali,Farid ,,m,2022-02-19
21515,EG00021515,Nour,Nabil,single,,2023-06-04
21516,EG00021516,Mona,Ezzat,M,F,2023-10-27
21517,EG00021517,Aya,El-Sayed,,Female,2024-04-01
21518,EG00021518,Rana,El-Masry,,f,2023-10-11
21519,EG00021519,Nour,Hassan,M,f,2024-02-23
21520,EG00021520,Hassan,El-Masry,S,m,2022-12-12
21521,EG00021521,Mariam,Ali,,Female,2025-02-20
21522,EG00021522,Ali,Zaki,S,,2023-06-24
21523,EG00021523,Ibrahim,Rashad,M,M,2023-08-25
21524,EG00021524,Ibrahim,Abdel Rahman ,,m,2023-07-15
21525,EG00021525,Wael,Abdel Rahman,M,m,2024-06-20
21526,EG00021526,Karim,Ibrahim,married,,2024-06-17
21527,EG00021527,Shaimaa,Rashad,M,,2025-07-08
21528,EG00021528,Aya,Ezzat,S,Female,2023-04-26
21529,EG00021529, Shaimaa,Ezzat,S,f,2025-01-07
21530,EG00021530,Omar,Saad,S,m,2023-12-15
21531,EG00021531,Hany,Fouad ,,,2024-10-15
21532,EG00021532, Fatma,El-Sayed,single,F,2023-12-13
21533,EG00021533,Yasmin,Hassan ,single,Female,2025-03-12
21534,EG00021534,Mariam,Zaki,M,,2023-03-17
21535,EG00021535,Salma,Rashad,M,,2022-10-23
21536,EG00021536, Mariam,Zaki,,F,2022-05-26
21537,EG00021537,Sameh,Farid,M,m,2023-01-07
21538,EG00021538,Wael,Ali ,M,,2024-04-14
21539,EG00021539,Radwa,Kamel,S,Female,2022-12-30
21540,EG00021540, Aya,El-Masry,M,f,2023-12-21
21541,EG00021541,Ibrahim,Hamdy,S,M,2025-02-14
21542,EG00021542,Sherif,Ali,,M,2022-01-10
21543,EG00021543, Nourhan,Nabil,,Female,2022-05-23
21544,EG00021544,Amr,Zaki,S,M,2022-11-13
21545,EG00021545,Eman,El-Sayed,married,f,2024-11-05
21546,EG00021546,Hany,Ibrahim,married,M,2023-10-01
21547,EG00021547,Nour,Ezzat,M,F,2024-10-16
21548,EG00021548,Ayman,Kamel,M,,2024-07-06
21549,EG00021549,Adel,Hassan,M,,2023-01-21
21550,EG00021550, Sara,Ezzat,M,F,2024-11-30
21551,EG00021551,Ibrahim,Saad,,,2025-01-23
21552,EG00021552,Tarek,Gaber,S,,2024-04-07
21553,EG00021553,Nourhan,Hassan,S,,2025-06-02
21554,EG00021554,Salma,El-Masry,married,F,2024-12-16
21555,EG00021555,Amr,Hassan,,m,2025-08-05
21556,EG00021556, Sara,Rashad,M,f,2023-12-22
21557,EG00021557,Mostafa,Saad,S,M,2023-03-16
21558,EG00021558,Hany,El-Sayed,S,m,2024-10-11
21559,EG00021559, Ashraf,Zaki,M,M,2023-08-18
21560,EG00021560,Khaled,Gaber,married,m,2024-02-01
21561,EG00021561,Sara,Kamel,single,Female,2024-05-15
21562,EG00021562,Heba,Fouad ,married,,2024-02-12
21563,EG00021563,Heba,El-Masry ,single,,2022-03-27
21564,EG00021564, Yasmin,Abdel Rahman ,M,,2022-05-17
21565,EG00021565,Adel,Gaber,single,,2023-08-07
21566,EG00021566,Salma,Tolba,M,f,2022-06-27
21567,EG00021567,Heba,Kamel ,M,F,2022-08-17
21568,EG00021568,Mohamed,Shawky,married,M,2023-05-11
21569,EG00021569,Doaa,Ezzat,,F,2025-09-19
21570,EG00021570, Amr,Gaber ,M,Male,2023-05-29
21571,EG00021571,Sherif,Hamdy,M,,2022-11-10
21572,EG00021572,Marwa,Hassan,S,,2022-02-21
21573,EG00021573,Fatma,Abdel Rahman,M,f,2025-01-25
21574,EG00021574,Sara,Ali,,F,2025-06-20
21575,EG00021575, Ibrahim,Ezzat,single,m,2022-01-13
21576,EG00021576, Mariam,Tolba,,F,2023-04-05
21577,EG00021577, Ashraf,Rashad,M,,2023-08-02
21578,EG00021578,Aliaa,Abdel Rahman,S,,2024-09-08
21579,EG00021579,Hany,Rashad,S,m,2024-03-06
21580,EG00021580,Rana,Ezzat,S,f,2022-03-29
21581,EG00021581,Hend,Rashad,M,Female,2023-03-03
21582,EG00021582,Hend,Farid,M,,2024-01-15
21583,EG00021583,Reem,Shawky,M,f,2023-01-27
21584,EG00021584,Ayman,Ezzat,married,,2024-02-07
21585,EG00021585,Heba,Shawky ,single,,2023-09-08
21586,EG00021586,Sara,Fathy,M,,2024-11-25
21587,EG00021587, Rana,Hamdy,,f,2023-07-14
21588,EG00021588,Ali,Tolba,M,Male,2024-08-17
21589,EG00021589,Karim,El-Masry,,M,2022-07-18
21590,EG00021590, Youssef,Ibrahim,S,Male,2022-07-04
21591,EG00021591,Mona,Fathy,S,F,2024-01-14
21592,EG00021592,Eman,Hamdy,S,Female,2022-07-27
21593,EG00021593,Karim,El-Sayed,,,2022-11-21
21594,EG00021594,Aya,Abdel Rahman,M,,2022-07-18
21595,EG00021595,Karim,Shawky,married,M,2025-04-15
21596,EG00021596,Aliaa,Tolba,S,,2025-03-06
21597,EG00021597,Reem,Hassan ,M,Female,2024-03-17
21598,EG00021598,Omar,Fathy,single,M,2023-12-28
21599,EG00021599,Mariam,Zaki,M,Female,2023-06-02
21600,EG00021600,Sameh,Fouad,S,,2023-10-15
21601,EG00021601,Mohamed,Abdel Rahman,M,Male,2022-03-24
21602,EG00021602,Aliaa,Hassan ,married,F,2025-03-20
21603,EG00021603,Tarek,Shawky,M,M,2023-07-08
21604,EG00021604,Reem,Ezzat,married,,2024-04-13
21605,EG00021605,Yasmin,Ezzat,M,Female,2023-07-01
21606,EG00021606,Hany,Hassan,married,M,2022-02-17
21607,EG00021607, Omar,Abdel Rahman,M,m,2022-06-28
21608,EG00021608,Ahmed,Ibrahim,,M,2022-11-16
21609,EG00021609,Reem,Ali ,M,f,2022-06-16
21610,EG00021610, Youssef,Hassan,M,m,2022-04-13
21611,EG00021611,Ali,Gaber,married,m,2024-10-11
21612,EG00021612,Wael,Nabil,married,M,2024-06-25
21613,EG00021613, Sameh,Ibrahim,S,m,2025-01-15
21614,EG00021614,Omar,Hassan,married,m,2022-11-29
21615,EG00021615,Eman,Nabil,S,f,2024-05-23
21616,EG00021616,Mona,Abdel Rahman,single,Female,2023-07-31
21617,EG00021617, Youssef,Mahmoud,single,M,2025-06-23
21618,EG00021618, Fatma,Hamdy,S,Female,2025-04-19
21619,EG00021619,Doaa,Hassan,S,,2024-01-04
21620,EG00021620,Mona,El-Masry,,f,2023-04-13
21621,EG00021621,Mohamed,Ezzat,S,,2024-08-07
21622,EG00021622,Aliaa,Kamel,M,F,2022-10-13
21623,EG00021623,Nourhan,Kamel ,married,f,2022-11-06
21624,EG00021624, Amr,Ali,S,Male,2023-02-10
21625,EG00021625,Wael,Shawky,married,Male,2023-04-12
21626,EG00021626,Wael,Zaki,married,m,2024-09-25
21627,EG00021627, Sherif,Ali,M,Male,2022-10-17
21628,EG00021628,Sameh,El-Masry,S,Male,2025-07-17
21629,EG00021629,Ibrahim,Nabil,S,m,2024-12-20
21630,EG00021630,Reem,Ezzat,S,,2022-05-10
21631,EG00021631,Hany,Ezzat,S,m,2023-10-03
21632,EG00021632,Aya,Rashad,single,f,2022-09-18
21633,EG00021633,Eman,Abdel Rahman,married,f,2024-09-27
21634,EG00021634,Mariam,Gaber ,married,f,2025-07-01
21635,EG00021635,Fatma,Saad,single,Female,2022-05-18
21636,EG00021636,Nourhan,Fathy,M,Female,2022-05-01
21637,EG00021637,Dina,Abdel Rahman,married,,2025-02-24
21638,EG00021638,Hassan,Gaber,,m,2025-08-15
21639,EG00021639,Ayman,Zaki,single,m,2024-12-08
21640,EG00021640,Dina,Shawky,S,Female,2023-06-19
21641,EG00021641, Karim,Nabil,married,,2022-06-11
21642,EG00021642,Aliaa,Kamel,M,,2023-10-06
21643,EG00021643,Hassan,Hamdy,M,Male,2022-11-30
21644,EG00021644,Ibrahim,Ibrahim,,,2024-01-26
21645,EG00021645,Ibrahim,Shawky,single,Male,2024-03-21
21646,EG00021646,Ibrahim,Zaki ,S,Male,2025-03-04
21647,EG00021647,Sameh,Mahmoud,M,M,2022-05-20
21648,EG00021648,Karim,Ali,M,M,2024-01-08
21649,EG00021649,Reem,Hassan,M,,2025-01-21
21650,EG00021650,Sameh,Farid,M,M,2023-03-01
21651,EG00021651,Rana,Ali,M,f,2022-04-26
21652,EG00021652,Mohamed,Abdel Rahman ,married,m,2022-11-09
21653,EG00021653,Sameh,Gaber,single,,2022-02-09
21654,EG00021654,Radwa,Ibrahim,,F,2022-03-24
21655,EG00021655,Ashraf,Mahmoud,S,Male,2022-06-15
21656,EG00021656,Marwa,El-Sayed,S,Female,2023-06-29
21657,EG00021657,Marwa,Shawky,,Female,2023-11-17
21658,EG00021658,Ibrahim,Fouad,M,M,2024-07-01
21659,EG00021659, Heba,El-Sayed,S,f,2023-02-14
21660,EG00021660,Heba,Tolba,S,f,2025-03-06
21661,EG00021661, Heba,Saad ,married,f,2023-11-15
21662,EG00021662,Wael,Shawky,M,m,2024-10-03
21663,EG00021663,Shaimaa,Zaki,married,f,2022-06-09
21664,EG00021664,Ahmed,Ibrahim,S,M,2023-09-14
21665,EG00021665,Nourhan,Tolba ,S,f,2025-08-15
21666,EG00021666, Mostafa,Ezzat,S,Male,2022-03-13
21667,EG00021667,Tarek,Kamel,married,m,2022-09-04
21668,EG00021668, Wael,El-Sayed ,M,,2025-04-02
21669,EG00021669,Aya,Ibrahim,single,f,2023-03-18
21670,EG00021670, Ali,Shawky,married,,2024-04-24
21671,EG00021671,Ahmed,Tolba,married,Male,2023-07-31
21672,EG00021672, Heba,Fouad,married,f,2023-04-26
21673,EG00021673,Mariam,Mahmoud,M,,2023-04-20
21674,EG00021674, Tarek,Ezzat,married,,2025-01-20
21675,EG00021675,Sherif,Ezzat,S,Male,2024-04-13
21676,EG00021676,Ashraf,Shawky,married,Male,2022-10-30
21677,EG00021677,Shaimaa,Farid,,Female,2022-10-09
21678,EG00021678,Mona,Hamdy,single,f,2022-03-29
21679,EG00021679,Marwa,Kamel,married,f,2025-03-20
21680,EG00021680, Amr,Shawky,S,M,2024-11-30
21681,EG00021681,Ashraf,Ibrahim,M,m,2023-11-17
21682,EG00021682,Nour,Gaber,,,2024-12-07
21683,EG00021683,Dina,Tolba,married,F,2023-04-08
21684,EG00021684,Yasmin,Fathy,,F,2024-10-11
21685,EG00021685,Youssef,Nabil,married,m,2025-01-14
21686,EG00021686, Amr,Ibrahim,M,m,2022-05-27
21687,EG00021687,Hassan,Hamdy,S,,2022-01-22
21688,EG00021688,Reem,Shawky,,,2025-07-24
21689,EG00021689,Wael,Mahmoud,S,,2024-02-25
21690,EG00021690,Mostafa,Tolba,single,,2022-02-25
21691,EG00021691,Sara,El-Masry ,S,F,2022-06-19
21692,EG00021692,Omar,Hamdy,,,2022-03-12
21693,EG00021693,Salma,Rashad,M,,2022-07-14
21694,EG00021694,Karim,Tolba,,,2022-05-22
21695,EG00021695,Hany,Fouad,,M,2023-06-03
21696,EG00021696,Sameh,El-Masry,married,m,2022-03-23
21697,EG00021697,Doaa,Gaber,married,F,2023-02-12
21698,EG00021698, Radwa,Abdel Rahman,married,f,2024-02-11
21699,EG00021699,Tarek,El-Sayed,,,2023-04-14
21700,EG00021700,Nour,Ali,,F,2024-06-16
21701,EG00021701, Mona,Farid,single,Female,2025-07-24
21702,EG00021702, Mostafa,El-Masry,single,,2022-05-18
21703,EG00021703,Youssef,Fouad,M,,2024-11-04
21704,EG00021704, Karim,Ali ,M,m,2024-07-02
21705,EG00021705,Shaimaa,Fouad,single,f,2025-04-07
21706,EG00021706, Nour,Rashad,S,f,2024-03-11
21707,EG00021707,Sherif,Mahmoud ,,Male,2025-04-14
21708,EG00021708,Tarek,Kamel,M,m,2023-01-22
21709,EG00021709,Radwa,El-Masry,,F,2022-10-27
21710,EG00021710,Sameh,Kamel ,,M,2025-03-05
21711,EG00021711,Khaled,Farid,M,Male,2024-04-12
21712,EG00021712,Mostafa,Mahmoud,S,m,2024-02-05
21713,EG00021713,Aliaa,Zaki,M,,2025-06-13
21714,EG00021714,Rana,Abdel Rahman,married,F,2024-06-05
21715,EG00021715,Mostafa,Hassan,married,m,2025-08-06
21716,EG00021716,Sherif,Fouad,married,Male,2023-09-14
21717,EG00021717,Salma,El-Masry,married,f,2024-08-19
21718,EG00021718,Fatma,El-Masry,,F,2023-05-31
21719,EG00021719,Aya,Nabil,S,f,2025-03-05
21720,EG00021720,Sherif,Nabil,single,,2023-07-25
21721,EG00021721,Doaa,Farid,,f,2023-08-28
21722,EG00021722,Sherif,Rashad,M,m,2022-08-29
21723,EG00021723,Dina,Fathy,S,f,2025-08-19
21724,EG00021724,Mona,Abdel Rahman,,,2025-01-05
21725,EG00021725,Yasmin,Fouad,M,,2022-01-07
21726,EG00021726,Amr,Fouad,,Male,2024-11-12
21727,EG00021727, Heba,Fouad,M,F,2024-09-02
21728,EG00021728, Nourhan,Gaber,S,F,2022-03-26
21729,EG00021729,Hassan,Ali,married,M,2024-05-16
21730,EG00021730, Mohamed,Tolba ,,Male,2023-08-06
21731,EG00021731,Dina,Abdel Rahman,married,Female,2025-02-05
21732,EG00021732, Dina,Kamel,married,f,2022-12-18
21733,EG00021733,Heba,Rashad,S,Female,2024-09-22
21734,EG00021734,Omar,Abdel Rahman,M,m,2022-12-22
21735,EG00021735, Hassan,Ali,M,,2024-07-02
21736,EG00021736,Khaled,Ali,M,,2022-11-04
21737,EG00021737, Doaa,Shawky,M,,2024-06-13
21738,EG00021738,Reem,Ibrahim,married,,2025-05-27
21739,EG00021739,Sherif,Kamel,single,,2022-12-11
21740,EG00021740,Heba,Fathy,M,Female,2023-04-18
21741,EG00021741,Doaa,El-Masry,,f,2025-08-14
21742,EG00021742,Hany,Ibrahim,M,M,2024-10-02
21743,EG00021743, Aliaa,Farid,M,Female,2024-01-21
21744,EG00021744,Radwa,El-Sayed,single,f,2022-03-16
21745,EG00021745,Mona,Mahmoud ,M,F,2025-06-14
21746,EG00021746,Hassan,Hassan,M,Male,2022-10-18
21747,EG00021747,Aya,El-Sayed,,F,2023-04-20
21748,EG00021748,Ayman,Mahmoud,married,m,2023-08-14
21749,EG00021749,Hend,El-Sayed,M,F,2022-05-18
21750,EG00021750,Hassan,El-Sayed,,Male,2023-01-02
21751,EG00021751,Adel,El-Sayed ,married,m,2023-07-12
21752,EG00021752,Sameh,Saad,M,M,2024-08-18
21753,EG00021753,Karim,Abdel Rahman,,Male,2024-08-05
21754,EG00021754,Hany,El-Sayed,M,M,2022-05-18
21755,EG00021755,Yasmin,Ibrahim,M,,2025-02-01
21756,EG00021756,Marwa,Hamdy,S,,2023-05-30
21757,EG00021757,Rana,Saad,S,f,2022-05-31
21758,EG00021758,Salma,Ali,M,Female,2024-02-05
21759,EG00021759,Ibrahim,El-Masry ,M,m,2024-07-10
21760,EG00021760,Tarek,Shawky ,M,,2023-06-02
21761,EG00021761,Nourhan,Hamdy,M,,2022-09-25
21762,EG00021762,Sara,Abdel Rahman,S,Female,2024-02-06
21763,EG00021763,Sherif,Hamdy,married,,2022-06-09
21764,EG00021764,Mona,Saad ,married,,2022-05-19
21765,EG00021765,Reem,Fathy,S,F,2022-10-26
21766,EG00021766,Sara,Ibrahim,S,F,2024-07-07
21767,EG00021767,Reem,Zaki,S,Female,2022-04-15
21768,EG00021768,Hany,El-Masry,single,M,2022-11-11
21769,EG00021769,Reem,Hamdy,M,f,2023-02-07
21770,EG00021770,Ayman,Shawky,S,Male,2022-01-25
21771,EG00021771,Amr,Farid,married,m,2024-05-24
21772,EG00021772,Heba,Ibrahim,S,Female,2024-09-15
21773,EG00021773,Khaled,Hamdy,single,,2022-08-22
21774,EG00021774,Hany,Gaber,married,,2023-06-13
21775,EG00021775,Reem,Saad,single,Female,2025-05-01
21776,EG00021776,Khaled,Ibrahim,,Male,2024-10-18
21777,EG00021777,Sara,Tolba,S,f,2025-02-10
21778,EG00021778,Khaled,Abdel Rahman,S,Male,2024-04-25
21779,EG00021779,Hend,Tolba ,M,,2025-09-19
21780,EG00021780,Ibrahim,Mahmoud,M,,2024-08-27
21781,EG00021781, Ibrahim,Ezzat,M,,2025-04-20
21782,EG00021782,Ali,Farid,,m,2023-11-20
21783,EG00021783,Ayman,Gaber,S,M,2022-06-18
21784,EG00021784,Karim,Rashad,married,m,2022-04-16
21785,EG00021785, Wael,El-Sayed,married,Male,2024-01-02
21786,EG00021786,Mohamed,El-Sayed,S,M,2022-03-22
21787,EG00021787,Amr,El-Sayed,M,M,2023-07-02
21788,EG00021788, Doaa,Saad,M,F,2024-08-04
21789,EG00021789, Rana,Saad,single,Female,2022-03-07
21790,EG00021790,Reem,El-Sayed,S,Female,2023-08-25
21791,EG00021791,Hend,Abdel Rahman,single,Female,2023-03-08
21792,EG00021792,Hany,Kamel ,S,M,2022-10-30
21793,EG00021793,Hany,Kamel ,married,Male,2023-10-18
21794,EG00021794,Wael,Farid,single,Male,2023-03-06
21795,EG00021795,Sara,Ezzat,S,F,2022-03-06
21796,EG00021796,Nourhan,El-Sayed,M,Female,2024-07-09
21797,EG00021797,Ibrahim,Farid,married,m,2022-01-16
21798,EG00021798, Hassan,Farid,S,m,2022-03-28
21799,EG00021799,Khaled,Saad,M,m,2024-05-05
21800,EG00021800,Ahmed,Ezzat,S,Male,2022-01-06
21801,EG00021801,Wael,Saad,single,Male,2024-12-23
21802,EG00021802,Marwa,Tolba,M,F,2024-07-20
21803,EG00021803, Shaimaa,Hamdy,M,F,2024-08-29
21804,EG00021804,Aliaa,Zaki,married,f,2024-07-09
21805,EG00021805,Salma,Mahmoud,,Female,2024-03-19
21806,EG00021806,Mariam,Saad,married,,2023-05-05
21807,EG00021807, Mariam,Farid ,married,Female,2025-01-01
21808,EG00021808,Mariam,Saad,married,Female,2025-05-14
21809,EG00021809,Wael,Tolba,S,M,2023-04-26
21810,EG00021810,Shaimaa,Gaber,S,,2022-06-13
21811,EG00021811, Dina,El-Masry,single,Female,2022-12-13
21812,EG00021812,Aya,Farid,single,f,2024-01-11
21813,EG00021813,Tarek,Nabil,single,M,2022-06-06
21814,EG00021814,Omar,Ibrahim ,married,Male,2023-01-02
21815,EG00021815,Hany,Gaber,married,,2024-11-12
21816,EG00021816,Wael,Zaki ,married,M,2023-12-25
21817,EG00021817,Ali,Fathy,S,M,2022-05-10
21818,EG00021818,Karim,Gaber,,m,2024-09-07
21819,EG00021819,Mariam,Gaber,M,F,2024-11-15
21820,EG00021820,Heba,El-Sayed,married,F,2023-04-10
21821,EG00021821,Shaimaa,Hamdy,M,F,2022-03-16
21822,EG00021822,Heba,Ibrahim ,single,Female,2025-08-21
21823,EG00021823,Hend,Ibrahim,S,f,2022-07-16
21824,EG00021824,Ashraf,Kamel,,Male,2022-09-03
21825,EG00021825,Ibrahim,Abdel Rahman,S,M,2022-08-07
21826,EG00021826,Tarek,Kamel,M,Male,2023-11-28
21827,EG00021827,Fatma,Saad,single,Female,2024-04-13
21828,EG00021828,Ahmed,Nabil,married,m,2024-12-11
21829,EG00021829, Sherif,Ali,S,Male,2022-09-11
21830,EG00021830,Ashraf,Fathy ,S,Male,2023-09-30
21831,EG00021831,Adel,Tolba,,Male,2022-07-25
21832,EG00021832,Sara,Nabil,single,Female,2023-07-06
21833,EG00021833, Karim,Hassan,S,M,2024-09-03
21834,EG00021834,Wael,Ezzat ,M,m,2022-06-17
21835,EG00021835,Rana,El-Sayed,married,F,2025-07-15
21836,EG00021836,Wael,Fathy,single,m,2024-04-15
21837,EG00021837,Sameh,Fouad,married,m,2024-10-05
21838,EG00021838,Mohamed,Farid,M,Male,2023-12-07
21839,EG00021839,Ali,Tolba,S,m,2025-06-16
21840,EG00021840,Mostafa,Fouad,S,,2025-04-24
21841,EG00021841,Hassan,Kamel,,M,2023-05-25
21842,EG00021842,Mohamed,Abdel Rahman,single,M,2024-03-19
21843,EG00021843,Amr,Fouad,single,m,2022-08-15
21844,EG00021844,Mostafa,Ali,M,M,2024-01-26
21845,EG00021845,Hend,Shawky,M,f,2025-07-24
21846,EG00021846,Amr,Shawky,married,m,2024-09-30
21847,EG00021847, Aya,Farid ,M,f,2022-05-06
21848,EG00021848,Hany,Saad,S,m,2023-08-04
21849,EG00021849,Rana,Farid,married,F,2025-04-16
21850,EG00021850,Mona,Nabil,single,Female,2024-09-03
21851,EG00021851,Aya,El-Sayed,M,F,2023-04-26
21852,EG00021852,Nourhan,Abdel Rahman,single,f,2022-08-13
21853,EG00021853,Mona,Saad ,married,Female,2024-04-06
21854,EG00021854,Youssef,Tolba ,S,Male,2023-05-16
21855,EG00021855, Wael,Saad,S,,2025-03-09
21856,EG00021856,Mariam,El-Masry ,S,,2023-05-30
21857,EG00021857,Eman,Fathy,,Female,2022-07-16
21858,EG00021858,Radwa,Zaki,S,Female,2024-01-01
21859,EG00021859,Dina,Rashad,,F,2022-06-06
21860,EG00021860,Ashraf,Kamel,M,,2024-04-24
21861,EG00021861,Omar,Rashad,single,m,2023-03-24
21862,EG00021862,Nour,Mahmoud,M,F,2023-07-29
21863,EG00021863,Heba,Hassan,S,F,2023-05-28
21864,EG00021864,Mohamed,El-Masry,single,M,2024-09-29
21865,EG00021865, Mostafa,Gaber,M,Male,2022-01-01
21866,EG00021866,Mona,Ezzat,M,F,2022-07-19
21867,EG00021867,Hassan,Fathy,single,M,2023-01-03
21868,EG00021868,Amr,Fathy,single,,2023-04-08
21869,EG00021869,Mohamed,Ali,S,Male,2024-06-03
21870,EG00021870,Youssef,El-Sayed ,S,M,2024-12-27
21871,EG00021871, Mostafa,Ali,S,m,2024-04-30
21872,EG00021872,Mostafa,Abdel Rahman,single,Male,2024-07-16
21873,EG00021873,Ayman,Rashad,M,,2022-12-19
21874,EG00021874,Aya,Gaber,single,F,2023-02-06
21875,EG00021875,Salma,Shawky,S,F,2022-09-17
21876,EG00021876,Khaled,Rashad ,M,,2025-08-23
21877,EG00021877,Mohamed,Saad,married,m,2023-05-08
21878,EG00021878,Sameh,Zaki ,,M,2023-11-26
21879,EG00021879,Hassan,Fouad,M,M,2024-05-25
21880,EG00021880,Heba,Kamel,single,F,2024-11-26
21881,EG00021881, Ayman,Hamdy,,M,2023-10-22
21882,EG00021882,Rana,Fouad,S,F,2022-02-25
21883,EG00021883,Ahmed,Hassan,married,M,2022-06-19
21884,EG00021884,Wael,Ali,single,Male,2022-04-28
21885,EG00021885,Karim,Ezzat,married,Male,2023-08-22
21886,EG00021886,Rana,Hassan,single,,2023-08-12
21887,EG00021887,Marwa,Hassan,S,F,2023-10-06
21888,EG00021888,Radwa,Mahmoud,S,F,2022-01-06
21889,EG00021889,Dina,Shawky,S,Female,2024-12-21
21890,EG00021890,Ali,Shawky,M,Male,2024-11-13
21891,EG00021891,Ibrahim,Ezzat,married,m,2025-03-27
21892,EG00021892,Sara,Rashad,S,,2023-03-02
21893,EG00021893,Mostafa,Zaki,,Male,2022-02-04
21894,EG00021894, Karim,Hassan,S,,2023-06-02
21895,EG00021895,Adel,Saad,single,Male,2025-08-11
21896,EG00021896,Adel,El-Masry,,m,2024-02-14
21897,EG00021897,Sameh,Hassan,single,M,2022-10-17
21898,EG00021898,Doaa,Nabil,single,Female,2024-04-14
21899,EG00021899,Rana,Ibrahim,single,f,2024-01-25
21900,EG00021900,Heba,Ali,S,,2022-03-25
21901,EG00021901,Salma,Shawky,S,Female,2022-03-28
21902,EG00021902,Ali,Abdel Rahman,,m,2023-08-25
21903,EG00021903,Ahmed,Hassan,married,Male,2023-08-19
21904,EG00021904,Khaled,Ali,,m,2023-07-19
21905,EG00021905,Yasmin,Hamdy,single,Female,2022-03-18
21906,EG00021906,Sara,Nabil,M,Female,2023-02-02
21907,EG00021907,Eman,Gaber,single,f,2022-10-17
21908,EG00021908,Youssef,Ali,M,M,2025-01-19
21909,EG00021909,Ayman,Fathy ,single,m,2024-10-05
21910,EG00021910,Karim,Shawky,S,,2022-03-13
21911,EG00021911,Youssef,Zaki,S,,2022-07-15
21912,EG00021912,Marwa,Farid,,F,2022-01-22
21913,EG00021913,Amr,Ibrahim ,S,Male,2024-04-29
21914,EG00021914,Adel,Kamel,S,m,2024-02-12
21915,EG00021915,Radwa,El-Masry,,F,2024-04-30
21916,EG00021916,Ayman,Fathy,S,m,2022-04-29
21917,EG00021917, Tarek,Zaki,,Male,2022-08-11
21918,EG00021918,Dina,Abdel Rahman,married,F,2025-04-16
21919,EG00021919,Mostafa,Fathy,M,m,2022-05-31
21920,EG00021920,Hany,Fouad,S,Male,2022-03-16
21921,EG00021921,Yasmin,Saad,S,Female,2025-07-15
21922,EG00021922,Ibrahim,Abdel Rahman,M,M,2024-11-29
21923,EG00021923,Omar,Kamel,S,m,2022-04-24
21924,EG00021924,Sherif,Shawky,married,M,2024-03-02
21925,EG00021925,Hany,Hassan,S,m,2023-03-24
21926,EG00021926, Reem,Ezzat,,f,2024-06-12
21927,EG00021927,Wael,El-Masry,M,m,2024-12-10
21928,EG00021928, Salma,Mahmoud,,F,2024-12-16
21929,EG00021929,Heba,Gaber,single,f,2024-04-14
21930,EG00021930,Amr,Abdel Rahman,S,M,2022-07-29
21931,EG00021931,Aliaa,Ibrahim ,S,F,2023-08-16
21932,EG00021932,Eman,El-Sayed,M,Female,2025-04-08
21933,EG00021933,Ali,Zaki,single,,2025-07-02
21934,EG00021934,Salma,Rashad,single,,2022-07-03
21935,EG00021935,Yasmin,Rashad,single,f,2022-10-28
21936,EG00021936,Eman,Ali,S,f,2022-12-25
21937,EG00021937,Omar,El-Sayed,M,Male,2022-10-17
21938,EG00021938,Nourhan,Tolba,M,F,2025-02-16
21939,EG00021939,Yasmin,Shawky,M,F,2025-08-07
21940,EG00021940,Rana,Fathy,single,f,2024-11-30
21941,EG00021941,Ibrahim,Zaki,,m,2025-09-08
21942,EG00021942,Tarek,Ibrahim,single,M,2022-10-19
21943,EG00021943,Reem,Ibrahim,M,,2025-04-24
21944,EG00021944,Shaimaa,Kamel,married,,2025-03-19
21945,EG00021945,Mona,Farid,M,F,2025-02-24
21946,EG00021946,Hend,Ali,M,f,2024-12-18
21947,EG00021947,Eman,Gaber,S,f,2023-07-01
21948,EG00021948,Shaimaa,Kamel,S,Female,2025-07-06
21949,EG00021949,Ahmed,El-Sayed,S,,2025-05-14
21950,EG00021950,Nourhan,Hassan ,married,,2024-10-28
21951,EG00021951,Youssef,Hassan,S,M,2022-04-09
21952,EG00021952, Ali,Saad,S,Male,2025-07-13
21953,EG00021953,Ibrahim,Mahmoud,married,m,2025-04-07
21954,EG00021954, Hend,Kamel,single,Female,2023-07-08
21955,EG00021955,Wael,Hamdy,M,M,2024-07-08
21956,EG00021956,Ali,Farid,S,M,2025-02-11
21957,EG00021957,Wael,El-Masry,M,M,2023-06-24
21958,EG00021958,Ali,Saad,M,m,2023-02-20
21959,EG00021959,Dina,Hassan,S,Female,2022-12-17
21960,EG00021960, Sherif,Shawky,S,,2022-01-22
21961,EG00021961, Mahmoud,Ali,M,M,2023-03-25
21962,EG00021962,Dina,Saad,M,,2025-01-23
21963,EG00021963,Nourhan,Ali,single,Female,2023-09-21
21964,EG00021964,Eman,Mahmoud,,Female,2022-04-08
21965,EG00021965,Ali,Nabil,S,,2023-07-19
21966,EG00021966,Sara,Abdel Rahman,married,F,2024-03-26
21967,EG00021967,Shaimaa,Ali,single,,2025-09-28
21968,EG00021968, Mahmoud,Hassan,S,,2025-04-21
21969,EG00021969,Omar,Fathy,M,m,2025-03-18
21970,EG00021970,Radwa,Zaki,married,f,2025-01-09
21971,EG00021971,Omar,Saad,S,,2022-03-01
21972,EG00021972,Dina,Tolba,S,,2025-04-20
21973,EG00021973,Nourhan,Ali,M,,2023-04-29
21974,EG00021974,Marwa,Kamel ,married,F,2024-02-10
21975,EG00021975,Youssef,El-Sayed,S,m,2022-06-26
21976,EG00021976,Mona,Ibrahim,M,F,2023-06-27
21977,EG00021977,Eman,Kamel,married,f,2022-05-29
21978,EG00021978,Ibrahim,Tolba,,M,2025-02-15
21979,EG00021979,Dina,Farid,married,F,2022-11-21
21980,EG00021980,Mohamed,Gaber,single,m,2025-09-18
21981,EG00021981,Doaa,Fouad,M,Female,2025-05-25
21982,EG00021982,Doaa,Saad ,S,Female,2023-12-12
21983,EG00021983,Shaimaa,Saad,S,,2022-07-07
21984,EG00021984,Rana,Abdel Rahman,M,,2023-02-06
21985,EG00021985,Ahmed,Zaki,S,M,2025-07-09
21986,EG00021986,Radwa,Zaki,M,,2024-11-01
21987,EG00021987,Yasmin,Kamel,M,F,2025-08-10
21988,EG00021988,Marwa,Ibrahim,single,f,2024-01-26
21989,EG00021989,Hassan,Ibrahim,married,,2024-02-20
21990,EG00021990, Aliaa,Tolba,M,Female,2025-01-14
21991,EG00021991,Ibrahim,Ezzat,,,2024-08-01
21992,EG00021992,Heba,Kamel,S,f,2025-07-31
21993,EG00021993,Karim,Rashad,married,,2023-04-01
21994,EG00021994,Adel,Tolba,M,Male,2022-06-13
21995,EG00021995,Rana,Rashad,M,f,2023-12-05
21996,EG00021996,Rana,Tolba,M,f,2023-12-05
21997,EG00021997,Nour,Abdel Rahman,S,,2024-01-27
21998,EG00021998,Mariam,El-Masry,married,Female,2022-02-02
21999,EG00021999,Radwa,Nabil,M,Female,2025-07-10
22000,EG00022000, Sameh,Tolba,M,,2022-12-04
22001,EG00022001,Amr,Saad,M,Male,2022-03-19
22002,EG00022002,Sherif,Fathy ,S,,2022-08-09
22003,EG00022003, Reem,Fathy,S,f,2024-05-09
22004,EG00022004,Marwa,Ali,married,Female,2022-04-04
22005,EG00022005,Ayman,Fouad,married,M,2023-08-04
22006,EG00022006,Mohamed,Ezzat,,M,2025-04-26
22007,EG00022007,Shaimaa,Mahmoud,married,,2022-01-14
22008,EG00022008,Mona,Kamel,,Female,2024-04-03
22009,EG00022009,Karim,Gaber,married,,2024-05-02
22010,EG00022010,Ibrahim,Tolba,M,,2023-07-27
22011,EG00022011,Rana,Kamel,S,Female,2025-01-13
22012,EG00022012,Eman,Farid,S,Female,2022-12-31
22013,EG00022013,Tarek,Zaki,married,,2023-11-12
22014,EG00022014,Karim,Ibrahim ,married,Male,2024-02-02
22015,EG00022015, Ashraf,Abdel Rahman,single,M,2023-10-30
22016,EG00022016, Fatma,Fathy,S,f,2025-07-21
22017,EG00022017,Shaimaa,El-Sayed,S,,2024-03-01
22018,EG00022018,Yasmin,El-Masry,M,,2024-07-08
22019,EG00022019,Salma,Farid ,S,f,2024-01-26
22020,EG00022020,Heba,Hassan,M,F,2022-10-01
22021,EG00022021,Youssef,Kamel,married,M,2025-07-07
22022,EG00022022, Doaa,Hassan,S,f,2024-04-30
22023,EG00022023,Radwa,El-Sayed,S,F,2024-12-26
22024,EG00022024,Wael,Shawky ,M,m,2023-01-06
22025,EG00022025,Radwa,Hamdy,S,Female,2024-09-17
22026,EG00022026,Ali,Kamel,S,m,2025-06-20
22027,EG00022027,Sameh,Hamdy,M,M,2024-03-14
22028,EG00022028,Adel,El-Sayed,single,,2022-12-26
22029,EG00022029,Hany,Fathy,single,m,2025-03-02
22030,EG00022030,Ahmed,Gaber,,m,2024-04-23
22031,EG00022031,Omar,Farid,,M,2025-08-04
22032,EG00022032,Dina,Rashad,M,Female,2025-08-30
22033,EG00022033,Dina,Tolba,S,Female,2023-07-01
22034,EG00022034,Nour,El-Masry,single,,2023-03-25
22035,EG00022035,Ali,Nabil ,S,Male,2023-06-04
22036,EG00022036,Doaa,Ali,married,,2022-01-06
22037,EG00022037,Ashraf,El-Sayed,S,m,2025-09-27
22038,EG00022038,Marwa,El-Masry,single,Female,2022-10-11
22039,EG00022039, Karim,Kamel,S,m,2024-01-17
22040,EG00022040,Sara,Rashad ,S,Female,2025-02-09
22041,EG00022041,Doaa,Hamdy,,,2023-12-17
22042,EG00022042,Sherif,Saad,,,2022-05-05
22043,EG00022043,Amr,Ibrahim,M,M,2025-03-18
22044,EG00022044, Nour,Hamdy,M,f,2025-03-14
22045,EG00022045,Ahmed,Kamel,single,Male,2025-09-21
22046,EG00022046,Youssef,Nabil,married,m,2022-04-27
22047,EG00022047,Ahmed,Tolba,M,,2022-07-10
22048,EG00022048, Karim,Shawky,M,M,2023-03-01
22049,EG00022049,Omar,Hamdy,M,M,2022-08-24
22050,EG00022050,Omar,Ali ,M,M,2022-09-05
22051,EG00022051,Hany,Kamel,,,2023-05-25
22052,EG00022052, Ayman,Fathy,M,,2023-11-22
22053,EG00022053,Adel,Ibrahim,single,Male,2024-12-02
22054,EG00022054,Karim,Nabil ,S,,2025-07-04
22055,EG00022055,Ibrahim,Ibrahim,M,m,2025-05-06
22056,EG00022056, Nourhan,Kamel,M,Female,2023-12-18
22057,EG00022057,Fatma,Ibrahim,single,Female,2022-09-20
22058,EG00022058,Mariam,Ali,M,Female,2023-01-26
22059,EG00022059,Mona,Rashad,S,f,2023-03-11
22060,EG00022060,Hassan,Hassan,S,m,2024-09-13
22061,EG00022061,Mostafa,Ali,M,,2023-07-24
22062,EG00022062,Mahmoud,Zaki,single,M,2024-06-02
22063,EG00022063,Eman,Ibrahim,married,Female,2024-12-23
22064,EG00022064,Ibrahim,Gaber,married,M,2023-03-31
22065,EG00022065, Sara,Abdel Rahman ,S,,2024-10-13
22066,EG00022066,Mona,Farid,S,Female,2024-06-25
22067,EG00022067,Mona,Nabil,M,Female,2024-09-09
22068,EG00022068,Karim,Fouad ,S,M,2022-08-31
22069,EG00022069, Mohamed,Fathy,married,,2025-02-08
22070,EG00022070,Omar,Hamdy,S,,2022-11-28
22071,EG00022071,Marwa,Mahmoud,married,Female,2024-07-06
22072,EG00022072, Karim,Tolba,S,M,2024-08-07
22073,EG00022073, Amr,Saad,M,M,2024-08-04
22074,EG00022074,Ibrahim,Hassan,S,Male,2024-12-22
22075,EG00022075,Radwa,Nabil,S,f,2022-02-20
22076,EG00022076,Ashraf,Farid,,Male,2024-07-04
22077,EG00022077,Hend,Zaki ,S,F,2023-11-15
22078,EG00022078,Amr,Zaki,M,Male,2024-06-14
22079,EG00022079, Hend,Kamel,,f,2022-10-11
22080,EG00022080, Mariam,Mahmoud,M,,2022-07-25
22081,EG00022081, Reem,Tolba ,S,F,2024-07-04
22082,EG00022082,Aliaa,Ali ,single,Female,2025-04-14
22083,EG00022083, Adel,Rashad,married,Male,2025-03-21
22084,EG00022084,Ibrahim,Abdel Rahman,S,m,2022-03-28
22085,EG00022085,Doaa,Zaki,S,,2024-03-19
22086,EG00022086,Dina,Hassan,single,F,2024-04-29
22087,EG00022087,Doaa,Rashad ,M,F,2022-11-01
22088,EG00022088,Wael,Nabil,,Male,2023-05-24
22089,EG00022089,Mahmoud,Gaber,single,Male,2025-04-08
22090,EG00022090,Ayman,Hamdy ,married,Male,2022-12-05
22091,EG00022091,Yasmin,Ibrahim ,M,f,2022-08-05
22092,EG00022092,Mostafa,Mahmoud,single,M,2025-07-15
22093,EG00022093,Nour,Rashad,M,Female,2025-06-13
22094,EG00022094, Yasmin,Ali,S,Female,2025-09-16
22095,EG00022095,Youssef,Rashad,S,m,2022-11-26
22096,EG00022096,Hany,Ezzat,M,,2024-11-04
22097,EG00022097,Aliaa,Ibrahim ,S,Female,2025-01-11
22098,EG00022098,Mostafa,El-Masry,married,m,2023-01-22
22099,EG00022099,Eman,Hassan,married,F,2022-11-20
22100,EG00022100,Eman,Fouad,M,f,2024-08-06
22101,EG00022101,Eman,El-Masry ,S,Female,2023-04-15
22102,EG00022102,Hassan,Hassan,S,,2022-04-01
22103,EG00022103,Shaimaa,Abdel Rahman,married,f,2023-11-14
22104,EG00022104,Mona,Ali,married,,2023-01-08
22105,EG00022105,Sara,Zaki,S,,2024-02-25
22106,EG00022106,Hassan,Zaki,,Male,2022-11-07
22107,EG00022107,Hany,Ibrahim,M,m,2022-11-24
22108,EG00022108,Eman,Abdel Rahman,,f,2022-01-01
22109,EG00022109,Hassan,Rashad,M,M,2024-06-11
22110,EG00022110,Hassan,Shawky,married,,2025-05-17
22111,EG00022111,Mostafa,Ibrahim ,S,M,2023-03-16
22112,EG00022112,Ashraf,Abdel Rahman,,m,2023-02-23
22113,EG00022113,Nour,Abdel Rahman,S,Female,2023-01-18
22114,EG00022114,Mohamed,Fouad,M,Male,2022-02-14
22115,EG00022115,Sherif,Fouad,S,M,2025-06-16
22116,EG00022116,Mostafa,Gaber,single,Male,2023-07-15
22117,EG00022117,Ashraf,Farid ,married,,2022-05-14
22118,EG00022118,Hassan,Zaki,single,M,2025-01-24
22119,EG00022119,Ali,Hamdy,S,M,2024-06-25
22120,EG00022120,Hend,Saad ,M,Female,2025-06-28
22121,EG00022121,Ali,Shawky,,m,2025-04-06
22122,EG00022122,Doaa,Rashad,M,Female,2022-07-04
22123,EG00022123,Reem,Tolba,single,F,2022-08-15
22124,EG00022124,Ayman,Kamel,S,,2024-01-10
22125,EG00022125,Ali,Mahmoud ,S,,2022-05-07
22126,EG00022126,Ayman,Rashad,M,m,2024-05-12
22127,EG00022127,Dina,Farid,S,Female,2023-11-03
22128,EG00022128,Doaa,Mahmoud ,S,Female,2022-10-06
22129,EG00022129,Marwa,Tolba ,M,,2023-07-16
22130,EG00022130,Hend,El-Masry,M,Female,2022-11-28
22131,EG00022131,Tarek,Gaber,married,,2023-11-28
22132,EG00022132,Ashraf,Hamdy,S,m,2023-01-29
22133,EG00022133,Mostafa,Kamel,S,,2024-02-20
22134,EG00022134,Mahmoud,Farid,S,,2025-07-19
22135,EG00022135,Doaa,Zaki,S,,2022-11-25
22136,EG00022136,Omar,El-Sayed,married,,2024-05-26
22137,EG00022137,Radwa,Nabil,,F,2024-03-10
22138,EG00022138,Omar,Hassan,S,M,2024-02-02
22139,EG00022139,Shaimaa,Saad,S,F,2022-08-10
22140,EG00022140,Eman,Saad,M,f,2023-02-06
22141,EG00022141,Mahmoud,Tolba,M,M,2023-07-14
22142,EG00022142,Yasmin,Farid,single,,2022-06-05
22143,EG00022143, Omar,El-Sayed,M,,2023-12-02
22144,EG00022144,Mostafa,Ezzat,married,M,2024-08-02
22145,EG00022145,Rana,Ezzat,M,Female,2022-09-19
22146,EG00022146,Adel,Abdel Rahman,S,Male,2022-04-07
22147,EG00022147,Mostafa,Fouad,single,,2023-11-25
22148,EG00022148, Amr,Hassan,M,,2023-08-08
22149,EG00022149,Doaa,Hassan,M,f,2023-05-13
22150,EG00022150,Rana,El-Masry,married,,2022-12-14
22151,EG00022151,Wael,Ezzat,S,M,2025-05-27
22152,EG00022152,Dina,Mahmoud,M,F,2024-03-02
22153,EG00022153,Ibrahim,Rashad,,m,2023-11-09
22154,EG00022154, Tarek,Ibrahim,single,M,2024-11-20
22155,EG00022155,Ali,Hamdy,S,,2023-12-09
22156,EG00022156,Hassan,Fouad,S,Male,2023-06-21
22157,EG00022157,Sara,Rashad,S,F,2024-08-31
22158,EG00022158, Hany,Rashad,single,Male,2023-05-09
22159,EG00022159,Karim,Rashad,single,Male,2025-01-08
22160,EG00022160,Doaa,Tolba,,f,2025-05-11
22161,EG00022161,Tarek,Gaber,married,,2022-08-03
22162,EG00022162,Aliaa,Kamel,married,F,2025-05-10
22163,EG00022163,Aya,El-Sayed,married,f,2025-04-28
22164,EG00022164,Rana,Saad,S,f,2022-08-19
22165,EG00022165,Mariam,Shawky,,f,2022-12-20
22166,EG00022166,Ashraf,Rashad,S,M,2022-08-28
22167,EG00022167,Mahmoud,Abdel Rahman ,S,,2024-08-02
22168,EG00022168, Nourhan,Ali ,married,,2024-03-02
22169,EG00022169, Ahmed,Rashad,S,,2022-07-10
22170,EG00022170,Sara,Abdel Rahman,S,f,2025-08-06
22171,EG00022171,Ashraf,Saad,S,,2025-02-01
22172,EG00022172,Amr,Gaber,,Male,2022-07-20
22173,EG00022173,Ahmed,Fathy,M,,2023-01-09
22174,EG00022174,Sherif,Fouad,,,2024-06-15
22175,EG00022175,Ibrahim,Ibrahim ,M,,2024-05-14
22176,EG00022176, Fatma,Hassan,S,Female,2022-06-27
22177,EG00022177, Khaled,Nabil,S,M,2024-03-27
22178,EG00022178, Doaa,El-Masry,S,f,2024-05-30
22179,EG00022179,Shaimaa,Fathy,,,2022-11-23
22180,EG00022180,Doaa,Hamdy,,,2025-02-16
22181,EG00022181,Wael,Saad,M,M,2024-01-16
22182,EG00022182,Sherif,Tolba,married,M,2025-03-12
22183,EG00022183,Nourhan,Ibrahim,S,F,2022-09-29
22184,EG00022184,Mona,Hamdy,,f,2024-02-18
22185,EG00022185,Tarek,Hassan ,,Male,2022-10-13
22186,EG00022186,Hany,Ezzat,S,,2024-09-23
22187,EG00022187,Salma,Hassan,S,,2025-05-18
22188,EG00022188,Youssef,Ali,single,m,2023-07-29
22189,EG00022189,Ayman,Tolba,S,m,2022-11-30
22190,EG00022190,Ayman,El-Masry,M,M,2023-06-26
22191,EG00022191, Aya,Kamel,single,Female,2024-02-03
22192,EG00022192,Sara,Gaber,S,f,2022-09-16
22193,EG00022193,Radwa,Ibrahim ,single,F,2022-05-10
22194,EG00022194,Dina,Gaber,M,f,2023-03-09
22195,EG00022195,Hassan,El-Masry,,Male,2023-07-28
22196,EG00022196,Mohamed,Hassan,married,m,2022-11-26
22197,EG00022197, Aliaa,Abdel Rahman,S,,2025-01-15
22198,EG00022198, Mariam,El-Masry,,F,2022-07-07
22199,EG00022199,Ashraf,Ezzat,married,,2022-08-12
22200,EG00022200,Ibrahim,El-Sayed,S,Male,2023-04-11
22201,EG00022201,Sara,Tolba ,M,F,2024-05-31
22202,EG00022202,Mariam,Ibrahim,single,F,2024-10-29
22203,EG00022203,Shaimaa,Gaber,single,f,2025-03-08
22204,EG00022204,Hend,Tolba,married,,2023-12-07
22205,EG00022205,Ayman,Fouad,S,,2022-06-30
22206,EG00022206,Wael,Fathy,S,m,2022-05-25
22207,EG00022207, Hassan,Gaber,,,2023-03-31
22208,EG00022208,Youssef,Hamdy,married,Male,2024-06-15
22209,EG00022209,Marwa,Abdel Rahman,M,F,2024-04-10
22210,EG00022210, Shaimaa,Farid,M,f,2023-05-30
22211,EG00022211,Shaimaa,Saad,M,Female,2023-04-12
22212,EG00022212,Salma,Shawky,S,Female,2022-04-19
22213,EG00022213,Aliaa,Fouad,M,Female,2023-12-23
22214,EG00022214,Sherif,Shawky,single,M,2025-05-01
22215,EG00022215,Adel,Gaber,S,,2025-07-12
22216,EG00022216, Mariam,Zaki,S,F,2024-08-05
22217,EG00022217,Nour,Zaki ,S,Female,2024-06-30
22218,EG00022218,Sara,El-Sayed ,single,Female,2023-04-24
22219,EG00022219,Aya,Hassan,S,f,2023-01-09
22220,EG00022220,Reem,Tolba,S,f,2024-05-05
22221,EG00022221, Youssef,Gaber,single,m,2023-12-12
22222,EG00022222,Aliaa,Zaki,S,,2022-07-24
22223,EG00022223,Heba,Kamel,S,Female,2025-08-11
22224,EG00022224, Khaled,Hassan,S,m,2023-09-15
22225,EG00022225, Amr,Tolba,M,M,2023-03-16
22226,EG00022226,Sara,Saad,S,F,2022-05-28
22227,EG00022227,Doaa,Ali,S,f,2025-01-22
22228,EG00022228,Mona,Abdel Rahman,S,f,2022-04-04
22229,EG00022229, Nourhan,Hassan,M,F,2025-08-12
22230,EG00022230,Ali,Tolba,married,M,2022-05-31
22231,EG00022231,Aliaa,El-Masry,M,,2024-10-22
22232,EG00022232,Yasmin,Fathy,S,Female,2025-04-04
22233,EG00022233, Dina,Ibrahim,M,f,2023-11-16
22234,EG00022234,Mariam,Fathy,S,F,2024-10-07
22235,EG00022235,Ali,Gaber,M,Male,2022-08-05
22236,EG00022236,Shaimaa,Fouad ,M,f,2023-03-25
22237,EG00022237,Tarek,Gaber ,single,M,2025-03-16
22238,EG00022238,Mostafa,Mahmoud ,married,,2024-11-11
22239,EG00022239,Dina,Ibrahim,S,,2024-03-15
22240,EG00022240,Dina,Kamel ,single,Female,2024-07-23
22241,EG00022241,Eman,Rashad,S,f,2022-06-29
22242,EG00022242,Ashraf,Tolba,M,M,2023-04-18
22243,EG00022243,Mostafa,El-Sayed,M,,2024-01-28
22244,EG00022244, Marwa,El-Sayed,M,F,2025-05-05
22245,EG00022245, Ahmed,Hamdy,married,m,2023-04-08
22246,EG00022246,Mahmoud,Fathy,S,m,2022-05-19
22247,EG00022247,Marwa,Ali,single,F,2024-01-20
22248,EG00022248,Mostafa,Ali,M,Male,2023-11-12
22249,EG00022249,Ashraf,Gaber,M,m,2022-07-12
22250,EG00022250, Shaimaa,Saad ,married,Female,2023-04-30
22251,EG00022251,Shaimaa,Zaki ,M,f,2024-11-07
22252,EG00022252,Rana,Saad,S,F,2025-09-08
22253,EG00022253,Sameh,Kamel,M,M,2022-04-21
22254,EG00022254,Adel,Fathy,single,m,2022-10-05
22255,EG00022255, Mohamed,Fouad,S,m,2022-09-27
22256,EG00022256,Youssef,Farid,,m,2022-01-21
22257,EG00022257, Ahmed,Kamel,S,Male,2022-11-02
22258,EG00022258,Karim,Kamel,married,m,2022-07-31
22259,EG00022259, Sherif,Fathy,M,M,2024-05-05
22260,EG00022260,Sara,Farid,single,F,2023-12-07
22261,EG00022261,Hany,Hamdy,,M,2025-06-05
22262,EG00022262,Karim,Hassan,,M,2024-05-01
22263,EG00022263,Wael,Nabil,married,m,2025-04-07
22264,EG00022264,Omar,Ibrahim,single,Male,2022-05-17
22265,EG00022265,Nourhan,El-Sayed ,married,f,2022-08-31
22266,EG00022266,Radwa,Ibrahim,,Female,2024-05-05
22267,EG00022267,Aliaa,Mahmoud,M,F,2025-03-14
22268,EG00022268, Mona,Ezzat,married,Female,2023-09-08
22269,EG00022269,Hany,Farid,S,m,2023-04-06
22270,EG00022270,Mona,Ibrahim,M,,2023-01-24
22271,EG00022271,Mahmoud,Shawky,S,M,2023-08-29
22272,EG00022272,Hassan,Fathy,married,Male,2025-09-02
22273,EG00022273, Aya,Kamel,,F,2024-12-29
22274,EG00022274, Doaa,Zaki,M,f,2025-08-02
22275,EG00022275,Tarek,Hassan,M,Male,2023-03-28
22276,EG00022276,Adel,Gaber,single,Male,2024-08-01
22277,EG00022277,Sherif,Mahmoud,M,Male,2023-02-19
22278,EG00022278, Khaled,Hassan,married,,2024-04-10
22279,EG00022279,Sherif,Fouad,single,,2025-02-28
22280,EG00022280,Radwa,Gaber,single,Female,2025-07-25
22281,EG00022281,Heba,Ezzat,,,2023-07-09
22282,EG00022282,Nourhan,Zaki,married,F,2024-06-01
22283,EG00022283, Hassan,Kamel,S,M,2025-01-01
22284,EG00022284,Ashraf,Gaber,S,M,2023-12-01
22285,EG00022285,Ali,Zaki,S,,2024-03-24
22286,EG00022286, Aliaa,El-Sayed,S,,2023-07-20
22287,EG00022287,Khaled,Ezzat,S,Male,2023-01-07
22288,EG00022288, Nour,Nabil,S,f,2023-05-23
22289,EG00022289,Mostafa,Ali,S,m,2022-04-25
22290,EG00022290,Eman,Farid,M,F,2022-02-07
22291,EG00022291,Adel,Ali,S,m,2022-10-18
22292,EG00022292,Youssef,Ezzat,,Male,2023-10-14
22293,EG00022293,Amr,Ezzat,single,m,2024-06-05
22294,EG00022294,Aya,Fouad,single,,2022-04-10
22295,EG00022295,Wael,Fathy,single,M,2024-12-19
22296,EG00022296,Reem,Kamel,M,f,2025-03-28
22297,EG00022297,Nourhan,Gaber,S,F,2023-07-25
22298,EG00022298,Mohamed,Ezzat,,M,2022-02-20
22299,EG00022299,Reem,Saad ,S,f,2024-09-17
22300,EG00022300,Karim,Hassan,single,m,2022-09-03
22301,EG00022301,Mariam,Zaki,single,F,2023-03-22
22302,EG00022302,Marwa,Hassan,S,f,2022-09-07
22303,EG00022303,Ali,Zaki,,,2022-12-27
22304,EG00022304,Ayman,El-Sayed,M,m,2023-12-06
22305,EG00022305,Sherif,Zaki,single,m,2023-04-26
22306,EG00022306,Mahmoud,Kamel,M,m,2025-06-15
22307,EG00022307,Sameh,Zaki ,S,,2023-03-31
22308,EG00022308,Dina,Kamel,,Female,2022-03-13
22309,EG00022309,Nourhan,Hassan,M,F,2024-11-13
22310,EG00022310,Ali,Zaki,married,m,2023-02-14
22311,EG00022311, Sara,Ali,M,F,2023-12-27
22312,EG00022312,Adel,Rashad,S,,2025-09-26
22313,EG00022313,Aya,Rashad,M,f,2023-10-27
22314,EG00022314,Aya,Kamel,M,f,2022-10-18
22315,EG00022315,Sameh,Ibrahim,S,Male,2022-11-12
22316,EG00022316,Shaimaa,Tolba,single,f,2023-01-01
22317,EG00022317,Nourhan,Mahmoud,,Female,2023-03-09
22318,EG00022318,Sara,Shawky,married,,2023-05-17
22319,EG00022319, Omar,Rashad,married,,2023-07-19
22320,EG00022320,Khaled,Ibrahim,married,Male,2022-09-07
22321,EG00022321,Yasmin,Ibrahim ,married,,2022-12-24
22322,EG00022322,Sara,Saad,M,,2025-09-07
22323,EG00022323,Nourhan,Hassan,M,F,2024-01-11
22324,EG00022324, Aya,Tolba,single,F,2024-01-25
22325,EG00022325, Mostafa,Fouad,single,Male,2023-11-07
22326,EG00022326,Aya,Ibrahim,,,2025-04-28
22327,EG00022327,Ashraf,Gaber,married,m,2022-05-04
22328,EG00022328, Mariam,Kamel,M,F,2022-05-26
22329,EG00022329,Nour,Kamel ,S,F,2023-02-18
22330,EG00022330,Mostafa,Zaki,single,,2024-04-11
22331,EG00022331,Ashraf,Saad ,M,,2024-09-17
22332,EG00022332,Youssef,Zaki,M,,2022-02-27
22333,EG00022333,Reem,Tolba,M,,2023-12-23
22334,EG00022334,Amr,Tolba,S,m,2022-08-25
22335,EG00022335,Ali,Gaber ,,Male,2023-01-08
22336,EG00022336, Omar,Kamel,S,Male,2022-02-18
22337,EG00022337,Radwa,Shawky,single,,2023-08-05
22338,EG00022338, Mariam,Mahmoud,,,2024-03-21
22339,EG00022339,Salma,Rashad,M,Female,2025-03-18
22340,EG00022340,Eman,Hamdy,S,,2023-02-17
22341,EG00022341,Mona,Farid ,married,Female,2022-03-09
22342,EG00022342,Mostafa,Abdel Rahman,M,m,2022-03-19
22343,EG00022343,Aya,Tolba,M,,2022-06-11
22344,EG00022344,Ashraf,Ezzat,M,Male,2023-02-26
22345,EG00022345,Sherif,Tolba ,S,Male,2022-08-14
22346,EG00022346,Sameh,El-Sayed,M,Male,2023-04-26
22347,EG00022347,Ibrahim,Zaki,married,Male,2025-06-06
22348,EG00022348,Mona,Nabil,S,Female,2023-06-21
22349,EG00022349,Dina,Nabil,married,Female,2025-06-07
22350,EG00022350,Ali,Tolba,married,m,2023-06-14
22351,EG00022351,Eman,Hamdy,S,,2023-06-25
22352,EG00022352,Sameh,Rashad,,Male,2024-10-22
22353,EG00022353,Yasmin,Zaki,M,Female,2022-07-24
22354,EG00022354,Mahmoud,Ali,married,,2022-09-22
22355,EG00022355,Mahmoud,Ali,M,Male,2023-09-10
22356,EG00022356,Heba,Nabil,S,Female,2024-08-25
22357,EG00022357,Karim,Mahmoud ,S,,2023-09-16
22358,EG00022358,Fatma,Kamel,S,F,2022-10-17
22359,EG00022359,Nour,Kamel,married,,2023-11-14
22360,EG00022360,Mona,Saad,S,Female,2025-07-10
22361,EG00022361,Mariam,Rashad,S,f,2022-05-21
22362,EG00022362,Mona,Rashad,S,,2024-03-05
22363,EG00022363,Youssef,Hassan,S,M,2023-02-24
22364,EG00022364,Rana,Fathy,single,f,2022-03-10
22365,EG00022365,Amr,Nabil,M,m,2025-09-05
22366,EG00022366,Ahmed,Nabil,,,2024-10-30
22367,EG00022367, Shaimaa,Ibrahim,single,Female,2022-10-16
22368,EG00022368,Nourhan,Tolba,married,F,2025-08-17
22369,EG00022369, Aliaa,Nabil,S,Female,2023-03-02
22370,EG00022370,Sara,Kamel,married,Female,2022-04-07
22371,EG00022371,Mahmoud,Rashad,M,Male,2023-01-07
22372,EG00022372,Reem,El-Sayed,M,f,2022-01-20
22373,EG00022373,Ahmed,Kamel,S,m,2023-02-23
22374,EG00022374,Khaled,Ibrahim,M,,2022-05-19
22375,EG00022375,Mostafa,Hamdy,M,,2022-10-18
22376,EG00022376,Doaa,Zaki,M,F,2022-12-22
22377,EG00022377, Mona,Fathy,M,f,2025-04-06
22378,EG00022378,Radwa,El-Sayed,single,f,2022-04-06
22379,EG00022379,Adel,Nabil,married,M,2022-07-06
22380,EG00022380,Rana,El-Sayed,S,Female,2022-04-30
22381,EG00022381,Hend,Fouad,single,F,2024-09-02
22382,EG00022382,Reem,Fouad,married,f,2023-06-25
22383,EG00022383,Ali,Ezzat,married,,2022-11-12
22384,EG00022384,Yasmin,Gaber,M,f,2023-10-11
22385,EG00022385,Ashraf,Gaber,S,Male,2024-11-04
22386,EG00022386,Khaled,El-Masry,,M,2023-01-17
22387,EG00022387, Karim,Hassan ,,,2024-11-17
22388,EG00022388,Khaled,Ezzat,married,M,2022-06-01
22389,EG00022389,Sara,El-Masry ,single,f,2025-05-10
22390,EG00022390,Sherif,Ali,S,Male,2022-12-31
22391,EG00022391, Nour,El-Masry,M,,2023-06-06
22392,EG00022392,Khaled,Rashad,S,Male,2022-11-03
22393,EG00022393,Omar,Shawky,single,Male,2025-04-25
22394,EG00022394,Heba,Fathy ,,f,2023-02-19
22395,EG00022395,Salma,Nabil,S,Female,2024-10-25
22396,EG00022396,Marwa,Zaki,S,,2022-02-12
22397,EG00022397,Ahmed,Ezzat,,Male,2022-05-27
22398,EG00022398,Heba,Hamdy,M,,2024-05-24
22399,EG00022399,Mahmoud,Zaki,S,m,2024-07-15
22400,EG00022400,Radwa,Gaber,S,f,2022-02-05
22401,EG00022401,Fatma,Shawky ,married,f,2022-02-26
22402,EG00022402,Eman,El-Sayed,S,Female,2024-04-20
22403,EG00022403,Mohamed,Kamel,single,,2023-04-22
22404,EG00022404,Dina,Hamdy,single,,2022-12-19
22405,EG00022405,Rana,Mahmoud ,single,Female,2025-06-30
22406,EG00022406, Adel,Gaber,S,m,2025-09-02
22407,EG00022407,Mohamed,Fouad,M,m,2022-05-12
22408,EG00022408, Mahmoud,Kamel,married,M,2024-02-02
22409,EG00022409,Marwa,Ali,married,,2025-01-17
22410,EG00022410,Shaimaa,El-Masry,S,F,2025-04-08
22411,EG00022411,Sameh,Gaber,M,Male,2023-09-18
22412,EG00022412,Ahmed,Mahmoud,,,2024-06-24
22413,EG00022413,Dina,Gaber,M,,2023-08-01
22414,EG00022414,Salma,Ali,M,Female,2025-09-10
22415,EG00022415,Omar,Zaki,married,m,2023-01-02
22416,EG00022416, Amr,El-Sayed,S,Male,2022-12-01
22417,EG00022417,Shaimaa,Fathy ,single,,2024-11-12
22418,EG00022418,Youssef,El-Masry,married,,2025-04-19
22419,EG00022419, Eman,Saad,single,f,2022-08-16
22420,EG00022420,Mohamed,Abdel Rahman,S,m,2022-01-05
22421,EG00022421,Ahmed,Ezzat,,Male,2023-02-01
22422,EG00022422, Heba,Ali,S,f,2023-07-08
22423,EG00022423,Sameh,Abdel Rahman ,S,m,2024-05-05
22424,EG00022424, Ashraf,Zaki,,,2022-12-02
22425,EG00022425,Hend,Abdel Rahman,,f,2024-10-24
22426,EG00022426,Heba,Fathy,single,F,2024-11-01
22427,EG00022427,Nour,Rashad,married,,2022-12-29
22428,EG00022428,Aliaa,Ali,married,F,2022-01-02
22429,EG00022429,Amr,Kamel,M,m,2025-05-31
22430,EG00022430,Omar,Rashad,M,Male,2023-01-18
22431,EG00022431,Doaa,Hassan,married,F,2024-04-11
22432,EG00022432, Radwa,Shawky ,married,Female,2025-04-06
22433,EG00022433,Ahmed,Rashad,married,Male,2023-05-22
22434,EG00022434,Ayman,Kamel,M,M,2024-08-01
22435,EG00022435,Sherif,Tolba,single,m,2025-01-13
22436,EG00022436,Mona,El-Masry,single,f,2024-03-11
22437,EG00022437,Mona,Shawky,,Female,2025-03-23
22438,EG00022438,Karim,Gaber,,m,2023-12-05
22439,EG00022439,Dina,Zaki,single,F,2024-06-29
22440,EG00022440,Yasmin,Tolba ,S,,2022-10-20
22441,EG00022441,Hend,Tolba,married,,2025-03-21
22442,EG00022442,Radwa,Ibrahim,,,2023-09-21
22443,EG00022443,Aya,Rashad,,Female,2024-04-10
22444,EG00022444,Fatma,Saad,,Female,2022-08-19
22445,EG00022445,Aliaa,Abdel Rahman,single,Female,2023-02-27
22446,EG00022446,Eman,Rashad ,M,Female,2025-04-11
22447,EG00022447,Hassan,Nabil,M,,2022-01-21
22448,EG00022448,Rana,Ali,M,,2022-10-13
22449,EG00022449,Sara,Shawky,S,F,2025-01-19
22450,EG00022450,Hassan,Rashad,S,m,2022-01-02
22451,EG00022451,Mohamed,Gaber,,m,2025-06-21
22452,EG00022452,Aya,Ali,married,f,2022-01-30
22453,EG00022453,Hany,Ezzat ,M,M,2023-12-08
22454,EG00022454,Nourhan,Ali,,Female,2025-08-14
22455,EG00022455,Ahmed,Ezzat ,S,m,2024-06-16
22456,EG00022456,Hend,Hamdy,M,F,2025-08-31
22457,EG00022457,Sameh,El-Masry,married,M,2022-03-05
22458,EG00022458,Amr,Farid,S,m,2023-07-10
22459,EG00022459,Salma,Fouad,S,,2024-09-18
22460,EG00022460,Reem,Farid,married,Female,2022-12-04
22461,EG00022461,Sara,Shawky,S,Female,2023-12-06
22462,EG00022462,Radwa,Kamel,M,f,2023-01-06
22463,EG00022463,Ayman,Ibrahim,single,Male,2024-06-19
22464,EG00022464,Hassan,El-Masry,S,Male,2023-10-29
22465,EG00022465,Doaa,Abdel Rahman,S,f,2024-12-30
22466,EG00022466,Ibrahim,Ibrahim ,M,Male,2023-11-14
22467,EG00022467,Heba,Ali,,F,2022-01-07
22468,EG00022468,Ali,Kamel,married,M,2024-08-25
22469,EG00022469,Karim,Hamdy,S,m,2025-06-18
22470,EG00022470,Shaimaa,Gaber,S,f,2023-01-06
22471,EG00022471,Rana,Ezzat,S,,2022-08-25
22472,EG00022472,Radwa,Ezzat,S,Female,2022-04-17
22473,EG00022473,Sherif,Nabil,M,Male,2023-07-06
22474,EG00022474,Dina,Ezzat,M,Female,2024-06-16
22475,EG00022475, Nour,Hamdy,single,,2023-02-13
22476,EG00022476,Salma,Zaki,M,F,2023-04-01
22477,EG00022477,Omar,Saad ,married,M,2023-02-16
22478,EG00022478,Sameh,Zaki,S,,2024-11-02
22479,EG00022479,Adel,Hassan,,,2023-02-07
22480,EG00022480,Tarek,Rashad,S,Male,2023-01-07
22481,EG00022481,Hany,Nabil,M,Male,2023-04-09
22482,EG00022482, Marwa,Mahmoud,S,Female,2024-05-20
22483,EG00022483,Heba,Nabil,S,,2024-06-25
22484,EG00022484,Rana,Tolba,S,Female,2023-04-05
22485,EG00022485,Ali,Kamel,M,,2023-06-21
22486,EG00022486,Sara,Zaki,S,F,2022-08-18
22487,EG00022487,Adel,Zaki,,M,2024-12-24
22488,EG00022488, Ibrahim,El-Sayed ,,,2025-09-20
22489,EG00022489,Salma,El-Sayed,single,Female,2025-06-22
22490,EG00022490,Eman,Ezzat,S,,2023-11-04
22491,EG00022491,Marwa,Kamel,married,F,2023-01-02
22492,EG00022492,Youssef,Hamdy,,M,2022-10-09
22493,EG00022493,Marwa,Rashad,married,,2022-06-17
22494,EG00022494,Mariam,Gaber,S,Female,2022-07-22
22495,EG00022495,Heba,Farid,,,2024-12-07
22496,EG00022496,Youssef,El-Sayed,M,Male,2024-06-08
22497,EG00022497,Youssef,Tolba,M,M,2023-07-18
22498,EG00022498,Eman,Ibrahim ,married,f,2022-08-04
22499,EG00022499, Aliaa,Tolba,,,2024-05-16
22500,EG00022500, Khaled,Ezzat,S,M,2024-08-09
22501,EG00022501,Ibrahim,Fathy,single,M,2022-09-07
22502,EG00022502, Ashraf,Hassan,,m,2025-03-20
22503,EG00022503,Salma,Kamel,S,f,2024-05-23
22504,EG00022504,Ashraf,Mahmoud,,M,2024-10-25
22505,EG00022505,Mohamed,Nabil,S,m,2024-08-02
22506,EG00022506,Ali,Hassan,married,,2023-02-26
22507,EG00022507,Nourhan,Kamel ,single,Female,2024-11-09
22508,EG00022508,Eman,Abdel Rahman,,F,2022-01-15
22509,EG00022509,Shaimaa,Gaber,married,,2022-07-05
22510,EG00022510,Salma,Hamdy ,S,,2024-02-09
22511,EG00022511,Ashraf,El-Masry,married,M,2022-07-27
22512,EG00022512,Salma,Abdel Rahman,S,f,2024-11-06
22513,EG00022513,Wael,El-Masry ,M,,2025-08-24
22514,EG00022514,Hend,Ibrahim,M,F,2024-02-13
22515,EG00022515,Aya,Hassan,S,F,2022-08-03
22516,EG00022516,Reem,Fathy,single,Female,2024-04-18
22517,EG00022517,Sara,Ezzat ,single,F,2022-10-05
22518,EG00022518,Heba,Ibrahim,M,,2022-10-03
22519,EG00022519,Hassan,Fouad,,m,2025-04-27
22520,EG00022520,Heba,Ibrahim,S,,2024-10-11
22521,EG00022521,Aya,Zaki,S,f,2022-12-21
22522,EG00022522,Doaa,Saad,S,Female,2022-08-18
22523,EG00022523,Ibrahim,Rashad,married,,2022-09-10
22524,EG00022524, Aya,Fathy,married,F,2022-08-05
22525,EG00022525,Aya,Mahmoud,,F,2024-11-04
22526,EG00022526,Heba,Rashad,S,f,2023-04-25
22527,EG00022527,Ali,Nabil,married,Male,2022-07-13
22528,EG00022528, Ahmed,Zaki,S,m,2024-11-15
22529,EG00022529,Mariam,El-Sayed,S,Female,2022-12-08
22530,EG00022530,Hassan,Hassan,married,m,2022-06-24
22531,EG00022531,Sherif,Hamdy ,married,Male,2022-05-16
22532,EG00022532,Mohamed,El-Masry,S,M,2025-03-03
22533,EG00022533,Mahmoud,Fouad,married,M,2022-05-02
22534,EG00022534, Doaa,Nabil,M,f,2023-07-22
22535,EG00022535,Mariam,Tolba,M,,2023-06-08
22536,EG00022536,Heba,El-Sayed ,M,Female,2022-10-23
22537,EG00022537,Tarek,Ibrahim,single,m,2022-12-20
22538,EG00022538,Nour,Ali,S,f,2023-09-18
22539,EG00022539, Marwa,Farid,S,,2022-01-25
22540,EG00022540,Adel,Shawky,S,m,2022-03-13
22541,EG00022541,Ayman,Gaber,married,,2022-10-05
22542,EG00022542,Ashraf,Ezzat,,M,2022-01-21
22543,EG00022543,Aliaa,El-Masry ,S,,2023-05-14
22544,EG00022544,Ibrahim,Tolba ,M,m,2025-06-14
22545,EG00022545,Fatma,Fathy ,M,f,2022-11-25
22546,EG00022546,Omar,Fathy,S,,2022-06-04
22547,EG00022547,Radwa,Kamel ,married,Female,2023-10-10
22548,EG00022548,Hend,Ali ,M,F,2024-08-28
22549,EG00022549,Hany,Fouad,M,m,2023-09-10
22550,EG00022550,Yasmin,El-Sayed ,M,F,2022-10-23
22551,EG00022551,Rana,Fathy,S,f,2025-09-22
22552,EG00022552,Ashraf,Fouad,married,,2023-01-05
22553,EG00022553,Doaa,Ibrahim,single,Female,2023-10-09
22554,EG00022554,Khaled,Kamel ,M,Male,2025-02-15
22555,EG00022555,Karim,Fouad,S,Male,2022-08-18
22556,EG00022556, Sara,Kamel,S,Female,2025-01-04
22557,EG00022557,Mahmoud,Farid,married,Male,2025-05-27
22558,EG00022558,Aya,El-Masry,,,2022-09-17
22559,EG00022559,Hany,Shawky,,Male,2023-10-01
22560,EG00022560,Aya,Ibrahim,married,F,2025-03-02
22561,EG00022561,Ashraf,Mahmoud,,m,2022-06-25
22562,EG00022562, Salma,Mahmoud,single,f,2024-03-15
22563,EG00022563,Amr,Gaber,S,,2023-07-08
22564,EG00022564,Sara,Saad,,,2023-10-15
22565,EG00022565,Hend,El-Sayed,M,F,2022-12-07
22566,EG00022566,Wael,Kamel,S,M,2023-03-03
22567,EG00022567, Ahmed,Mahmoud,M,m,2023-08-21
22568,EG00022568,Aliaa,Abdel Rahman,S,F,2022-09-06
22569,EG00022569,Nour,Shawky ,married,F,2024-02-27
22570,EG00022570,Khaled,Kamel,M,,2025-06-19
22571,EG00022571,Ali,Ibrahim,S,M,2025-01-26
22572,EG00022572,Radwa,Fouad ,S,Female,2023-03-25
22573,EG00022573,Mostafa,Ali,M,,2022-06-18
22574,EG00022574,Sameh,Hassan,,Male,2023-06-15
22575,EG00022575,Marwa,Kamel,S,f,2022-02-07
22576,EG00022576, Hassan,Ibrahim,married,m,2023-07-23
22577,EG00022577,Hend,Ibrahim,,Female,2023-08-04
22578,EG00022578,Nourhan,Farid,S,F,2025-02-01
22579,EG00022579,Hassan,Ibrahim,,M,2024-11-04
22580,EG00022580,Karim,Abdel Rahman,married,Male,2022-01-03
22581,EG00022581, Ali,Kamel,S,,2023-06-21
22582,EG00022582,Yasmin,Hamdy,single,f,2024-04-22
22583,EG00022583,Rana,Abdel Rahman,S,Female,2022-06-28
22584,EG00022584,Ayman,Ali,M,Male,2022-08-08
22585,EG00022585,Mostafa,Hassan,S,Male,2025-03-02
22586,EG00022586, Tarek,Shawky ,M,m,2023-03-25
22587,EG00022587,Hassan,Farid ,M,m,2024-12-05
22588,EG00022588, Hany,Hassan,single,m,2023-02-15
22589,EG00022589, Ashraf,Farid ,S,Male,2024-12-26
22590,EG00022590,Mariam,El-Masry,S,f,2023-06-14
22591,EG00022591,Nourhan,Mahmoud,M,f,2024-06-19
22592,EG00022592,Dina,Nabil,S,F,2023-11-13
22593,EG00022593,Ahmed,Ezzat,single,m,2023-09-26
22594,EG00022594,Yasmin,Fouad,M,F,2024-10-02
22595,EG00022595,Shaimaa,El-Sayed,S,f,2024-07-28
22596,EG00022596,Ali,Hamdy,married,,2024-03-04
22597,EG00022597,Nourhan,Kamel,S,,2024-04-17
22598,EG00022598,Marwa,Fouad,M,F,2025-09-18
22599,EG00022599,Ashraf,Mahmoud,S,,2022-08-11
22600,EG00022600,Marwa,Tolba,M,f,2023-04-27
22601,EG00022601,Aya,Fathy,M,,2025-01-26
22602,EG00022602, Omar,Kamel,M,Male,2025-05-23
22603,EG00022603,Rana,Ezzat,S,,2025-09-13
22604,EG00022604,Salma,Hassan ,single,,2023-02-05
22605,EG00022605,Sameh,Kamel ,single,,2023-04-24
22606,EG00022606,Dina,Gaber,,f,2022-05-13
22607,EG00022607,Eman,Farid,M,Female,2022-02-07
22608,EG00022608,Nour,Ali,M,Female,2023-09-29
22609,EG00022609,Hassan,Hassan,married,M,2022-08-31
22610,EG00022610,Sara,Nabil,M,F,2023-05-06
22611,EG00022611,Yasmin,Ali,,,2022-04-19
22612,EG00022612, Amr,El-Sayed,S,,2025-02-01
22613,EG00022613,Youssef,Hassan ,S,m,2023-09-02
22614,EG00022614, Nour,Abdel Rahman,single,F,2025-04-22
22615,EG00022615, Shaimaa,Farid,single,,2022-11-15
22616,EG00022616,Doaa,Mahmoud,,Female,2025-07-26
22617,EG00022617,Marwa,Gaber,single,F,2022-06-07
22618,EG00022618,Hany,Gaber,single,M,2022-02-16
22619,EG00022619,Rana,Rashad,M,F,2024-08-23
22620,EG00022620,Hany,Zaki,M,M,2024-04-30
22621,EG00022621,Mostafa,Ibrahim,married,,2022-11-13
22622,EG00022622,Amr,Zaki,M,Male,2024-09-12
22623,EG00022623,Nour,Rashad,M,F,2024-07-05
22624,EG00022624,Shaimaa,Ali ,married,Female,2025-01-25
22625,EG00022625,Adel,Ezzat,,M,2022-01-31
22626,EG00022626,Hassan,Nabil,M,,2023-01-17
22627,EG00022627,Omar,Shawky,M,,2025-02-03
22628,EG00022628,Aliaa,Fouad,M,,2024-01-01
22629,EG00022629,Mostafa,Zaki,married,Male,2022-10-18
22630,EG00022630,Ibrahim,Mahmoud,S,m,2024-03-06
22631,EG00022631,Ahmed,El-Masry,S,M,2025-08-21
22632,EG00022632,Rana,Nabil,single,F,2025-06-23
22633,EG00022633,Ashraf,Kamel,,M,2023-03-28
22634,EG00022634,Ahmed,Nabil,,M,2022-02-01
22635,EG00022635,Dina,Mahmoud,S,,2024-09-02
22636,EG00022636,Shaimaa,Shawky,married,f,2023-04-19
22637,EG00022637,Dina,Nabil ,S,F,2022-08-31
22638,EG00022638,Radwa,Farid,M,,2022-09-08
22639,EG00022639,Radwa,Abdel Rahman,married,F,2022-10-08
22640,EG00022640,Hany,El-Masry ,M,Male,2025-02-26
22641,EG00022641,Marwa,Ali,M,F,2025-05-10
22642,EG00022642,Rana,Abdel Rahman ,S,Female,2024-06-10
22643,EG00022643,Aya,Farid,S,Female,2022-05-13
22644,EG00022644,Nour,Ibrahim ,,,2022-09-08
22645,EG00022645,Nourhan,Fouad,single,f,2024-09-12
22646,EG00022646,Amr,Ali,M,M,2023-01-16
22647,EG00022647,Salma,Hassan,S,,2023-01-06
22648,EG00022648,Sara,El-Sayed,married,,2024-12-17
22649,EG00022649,Yasmin,Hamdy,S,F,2024-07-07
22650,EG00022650,Hend,Fouad,M,f,2022-10-22
22651,EG00022651,Fatma,Fathy,,,2024-09-01
22652,EG00022652,Yasmin,Ezzat,,,2024-10-29
22653,EG00022653,Doaa,Mahmoud,S,Female,2024-11-24
22654,EG00022654,Eman,Abdel Rahman,married,Female,2023-04-27
22655,EG00022655,Mariam,Ezzat,married,f,2024-08-29
22656,EG00022656,Ashraf,Farid,S,,2024-05-28
22657,EG00022657,Mariam,Gaber,S,,2024-07-11
22658,EG00022658,Wael,Saad,single,Male,2023-12-07
22659,EG00022659,Rana,Farid,married,F,2023-05-10
22660,EG00022660,Yasmin,El-Sayed,single,f,2024-07-21
22661,EG00022661,Mahmoud,Mahmoud,single,m,2024-09-14
22662,EG00022662,Omar,Hassan,single,,2024-05-22
22663,EG00022663,Wael,Ali ,S,m,2025-06-17
22664,EG00022664,Nour,Nabil,,f,2022-03-08
22665,EG00022665,Rana,Ali,S,f,2025-04-12
22666,EG00022666,Mahmoud,Ibrahim,,M,2022-07-15
22667,EG00022667,Rana,Shawky,S,,2025-01-23
22668,EG00022668,Youssef,Hamdy,S,m,2022-06-14
22669,EG00022669,Heba,Hamdy ,S,F,2022-03-09
22670,EG00022670,Eman,Fathy,M,f,2023-06-04
22671,EG00022671,Nourhan,Tolba ,married,,2022-11-24
22672,EG00022672,Aliaa,Farid,S,f,2025-02-26
22673,EG00022673,Ali,Gaber,S,Male,2022-08-11
22674,EG00022674,Ayman,Abdel Rahman,married,,2023-01-05
22675,EG00022675, Mahmoud,Tolba,S,M,2023-09-04
22676,EG00022676,Sara,Kamel,M,,2025-08-15
22677,EG00022677,Rana,Hamdy,S,Female,2023-02-25
22678,EG00022678,Aya,Zaki,S,,2022-01-02
22679,EG00022679,Salma,Ibrahim,S,,2022-02-14
22680,EG00022680, Mohamed,Rashad,S,m,2025-05-03
22681,EG00022681,Mahmoud,El-Sayed,married,Male,2023-05-03
22682,EG00022682,Hassan,Fouad,,m,2022-12-22
22683,EG00022683,Sherif,Fathy,M,m,2024-01-03
22684,EG00022684,Mohamed,Kamel,married,Male,2023-12-06
22685,EG00022685,Omar,Zaki,S,Male,2023-11-04
22686,EG00022686,Khaled,Shawky,married,Male,2023-03-03
22687,EG00022687,Khaled,Fathy,M,,2022-12-01
22688,EG00022688,Yasmin,Ibrahim ,,f,2022-09-08
22689,EG00022689, Hassan,Fouad,S,,2023-11-14
22690,EG00022690,Reem,Zaki,S,F,2022-10-20
22691,EG00022691,Wael,Shawky,S,Male,2023-07-24
22692,EG00022692,Youssef,Ibrahim,married,Male,2025-08-05
22693,EG00022693,Ashraf,Fathy,married,M,2025-04-15
22694,EG00022694,Mahmoud,Shawky,S,,2024-02-02
22695,EG00022695,Ali,Kamel,S,,2023-10-15
22696,EG00022696,Sameh,Shawky ,M,M,2025-06-25
22697,EG00022697,Nour,Hamdy,S,f,2025-09-13
22698,EG00022698,Reem,Kamel,single,F,2022-05-09
22699,EG00022699,Dina,Gaber,S,f,2022-10-13
22700,EG00022700,Ashraf,Ali,S,,2024-09-20
22701,EG00022701,Yasmin,Fouad,S,Female,2022-09-26
22702,EG00022702,Youssef,Saad,S,Male,2025-01-10
22703,EG00022703,Ashraf,El-Sayed,S,,2024-10-05
22704,EG00022704,Mostafa,El-Masry,M,m,2023-04-26
22705,EG00022705,Ashraf,Tolba,S,Male,2025-06-18
22706,EG00022706,Mahmoud,Gaber,S,,2023-07-18
22707,EG00022707,Sameh,Gaber,S,m,2025-01-13
22708,EG00022708,Ibrahim,Farid,M,m,2022-02-06
22709,EG00022709,Nourhan,El-Masry,M,Female,2023-09-17
22710,EG00022710, Ibrahim,Ezzat,M,m,2022-12-20
22711,EG00022711,Sherif,Ibrahim,S,,2022-12-11
22712,EG00022712,Aliaa,El-Sayed,married,Female,2023-01-05
22713,EG00022713,Youssef,El-Sayed,S,M,2023-08-12
22714,EG00022714,Ayman,Ibrahim,single,,2024-03-18
22715,EG00022715,Hany,Mahmoud,S,Male,2022-04-18
22716,EG00022716,Hend,Fathy,S,F,2022-02-08
22717,EG00022717, Ayman,Hassan,,m,2023-05-19
22718,EG00022718,Heba,Rashad,S,,2022-07-11
22719,EG00022719,Ashraf,Abdel Rahman ,S,,2022-02-13
22720,EG00022720,Hany,El-Masry,S,,2022-08-16
22721,EG00022721,Sara,El-Masry,M,Female,2023-03-24
22722,EG00022722,Mariam,Ibrahim,M,f,2023-07-10
22723,EG00022723,Fatma,Hamdy,married,f,2022-08-16
22724,EG00022724, Amr,Farid,married,Male,2023-08-03
22725,EG00022725,Mostafa,Nabil,S,,2023-12-16
22726,EG00022726,Salma,Ali,M,,2024-08-20
22727,EG00022727,Marwa,Ezzat,married,F,2024-05-14
22728,EG00022728,Hassan,Zaki,S,Male,2024-05-27
22729,EG00022729,Wael,Gaber ,,,2022-02-10
22730,EG00022730,Wael,Zaki,S,m,2022-03-26
22731,EG00022731,Tarek,Rashad,married,Male,2022-06-09
22732,EG00022732,Rana,Abdel Rahman,S,f,2024-10-23
22733,EG00022733,Eman,Fouad,S,f,2024-01-06
22734,EG00022734,Shaimaa,Ezzat,married,f,2024-05-06
22735,EG00022735,Hassan,Hamdy,single,Male,2022-05-10
22736,EG00022736,Ahmed,Zaki,S,Male,2024-09-13
22737,EG00022737,Rana,Hassan,S,F,2022-03-08
22738,EG00022738, Wael,Rashad,S,Male,2024-09-27
22739,EG00022739,Nour,Nabil,,Female,2023-07-19
22740,EG00022740,Hany,Mahmoud,,,2025-08-27
22741,EG00022741,Hend,Fouad,M,,2023-04-24
22742,EG00022742,Shaimaa,Hassan,single,F,2024-11-29
22743,EG00022743,Marwa,Zaki,M,,2024-08-31
22744,EG00022744, Ashraf,Ali,S,M,2024-07-19
22745,EG00022745,Mariam,Nabil,married,,2022-03-10
22746,EG00022746,Sara,Abdel Rahman,M,f,2023-03-09
22747,EG00022747,Ali,El-Masry,S,,2024-08-22
22748,EG00022748,Adel,Kamel,M,,2025-03-22
22749,EG00022749, Fatma,Zaki,,,2023-11-05
22750,EG00022750,Sameh,Gaber,S,,2024-08-22
22751,EG00022751,Ashraf,Farid,M,,2024-03-29
22752,EG00022752,Ibrahim,Gaber,single,Male,2025-03-15
22753,EG00022753,Karim,Ali ,single,,2022-06-09
22754,EG00022754,Aliaa,Ibrahim,married,F,2022-05-23
22755,EG00022755,Rana,Tolba,S,,2023-01-28
22756,EG00022756, Sameh,Zaki,married,m,2024-10-01
22757,EG00022757,Adel,Kamel,married,m,2023-04-23
22758,EG00022758,Fatma,Hamdy,,,2023-09-23
22759,EG00022759,Rana,Shawky,M,f,2022-06-28
22760,EG00022760,Ibrahim,Nabil,single,M,2022-08-20
22761,EG00022761,Mona,Tolba,S,,2025-05-11
22762,EG00022762,Youssef,Zaki,M,M,2024-01-24
22763,EG00022763,Doaa,Saad,M,Female,2025-09-10
22764,EG00022764,Mohamed,Kamel,married,M,2024-08-12
22765,EG00022765,Mostafa,El-Masry,M,,2025-08-05
22766,EG00022766,Dina,Ali,,F,2022-07-30
22767,EG00022767,Aya,Tolba,married,F,2023-11-04
22768,EG00022768,Amr,Hamdy ,S,m,2024-04-24
22769,EG00022769,Sara,Hamdy,,F,2024-11-26
22770,EG00022770,Hany,El-Sayed,,,2025-01-31
22771,EG00022771,Tarek,Nabil,S,M,2024-07-26
22772,EG00022772,Sameh,Saad,,m,2025-08-06
22773,EG00022773, Aya,Hassan,M,F,2025-05-13
22774,EG00022774,Nour,El-Sayed,M,F,2025-02-15
22775,EG00022775,Sameh,Kamel,S,,2022-04-27
22776,EG00022776,Mostafa,Fathy,S,Male,2023-03-24
22777,EG00022777,Doaa,Shawky,S,Female,2024-12-04
22778,EG00022778,Mariam,Hassan,S,f,2023-09-03
22779,EG00022779,Sherif,Fathy ,S,m,2023-04-02
22780,EG00022780, Mona,Abdel Rahman,S,,2024-04-09
22781,EG00022781,Khaled,Zaki,S,m,2023-08-25
22782,EG00022782,Ali,Gaber,single,Male,2022-03-28
22783,EG00022783,Mona,Abdel Rahman,,F,2024-12-27
22784,EG00022784,Mona,Fouad,married,,2023-07-12
22785,EG00022785,Omar,Ezzat,M,m,2024-11-26
22786,EG00022786,Aya,Shawky,M,f,2024-05-26
22787,EG00022787,Ali,Shawky,,,2023-08-05
22788,EG00022788,Karim,Ezzat,M,m,2022-10-04
22789,EG00022789,Hassan,El-Sayed,M,,2025-02-28
22790,EG00022790,Ahmed,Shawky ,M,,2022-12-29
22791,EG00022791,Sherif,Shawky,,m,2025-04-19
22792,EG00022792,Amr,Gaber,married,,2025-02-12
22793,EG00022793,Radwa,Hamdy,married,,2022-01-26
22794,EG00022794,Nour,Abdel Rahman,,Female,2025-05-30
22795,EG00022795,Omar,Gaber,M,M,2022-11-13
22796,EG00022796, Ali,Ibrahim,S,Male,2022-04-12
22797,EG00022797,Nourhan,Kamel,S,Female,2025-08-28
22798,EG00022798,Mohamed,Nabil,M,Male,2022-08-31
22799,EG00022799,Amr,Saad,M,,2022-09-29
22800,EG00022800,Ashraf,Zaki,married,,2023-09-01
22801,EG00022801,Karim,Nabil,single,m,2022-04-24
22802,EG00022802,Khaled,Gaber ,M,,2024-05-26
22803,EG00022803,Ayman,Fouad,M,M,2025-08-22
22804,EG00022804,Nourhan,Rashad ,M,Female,2023-05-19
22805,EG00022805,Hany,Zaki ,,,2025-03-17
22806,EG00022806,Radwa,Kamel,single,Female,2022-01-14
22807,EG00022807,Dina,Nabil,M,Female,2023-04-07
22808,EG00022808,Amr,El-Masry,M,M,2022-01-27
22809,EG00022809,Wael,El-Masry,S,,2023-12-18
22810,EG00022810, Khaled,Farid,single,m,2022-04-03
22811,EG00022811,Ibrahim,Zaki,single,M,2025-04-24
22812,EG00022812,Sameh,El-Masry,M,Male,2023-01-12
22813,EG00022813,Salma,Fouad,,F,2023-07-09
22814,EG00022814,Hend,Ibrahim,M,f,2023-04-07
22815,EG00022815,Fatma,Ibrahim,S,F,2025-05-30
22816,EG00022816,Wael,Mahmoud,married,Male,2022-07-03
22817,EG00022817,Dina,El-Sayed,S,Female,2023-12-22
22818,EG00022818, Heba,Fouad,,Female,2024-11-08
22819,EG00022819,Sherif,Ezzat ,single,M,2023-10-20
22820,EG00022820,Aya,Fouad,single,Female,2023-05-25
22821,EG00022821,Ali,Mahmoud,S,M,2023-08-07
22822,EG00022822,Ashraf,Abdel Rahman,single,Male,2023-10-16
22823,EG00022823,Nour,Rashad ,married,f,2025-05-22
22824,EG00022824,Mahmoud,Hassan ,M,,2024-03-17
22825,EG00022825,Mohamed,Abdel Rahman,,,2023-07-25
22826,EG00022826,Hany,Rashad,S,m,2025-05-30
22827,EG00022827,Fatma,Shawky,,f,2023-02-22
22828,EG00022828,Ibrahim,Farid ,M,,2023-09-07
22829,EG00022829,Mariam,Saad,married,,2024-09-25
22830,EG00022830,Sameh,Zaki,S,m,2022-03-26
22831,EG00022831, Ayman,Zaki,married,Male,2023-04-01
22832,EG00022832,Youssef,Fathy,married,,2024-02-15
22833,EG00022833,Omar,Gaber,,M,2023-12-04
22834,EG00022834,Ali,Abdel Rahman ,,,2022-03-08
22835,EG00022835,Aliaa,El-Sayed,,,2022-01-15
22836,EG00022836,Radwa,Fouad,M,F,2024-12-25
22837,EG00022837,Amr,Hassan ,M,M,2025-06-18
22838,EG00022838,Dina,Tolba,M,,2024-04-15
22839,EG00022839,Mostafa,El-Sayed,,,2022-01-06
22840,EG00022840,Dina,Ibrahim,single,Female,2022-02-03
22841,EG00022841,Sherif,El-Masry,S,m,2024-03-06
22842,EG00022842,Sara,Gaber ,M,F,2024-03-22
22843,EG00022843,Dina,Farid,M,F,2025-08-18
22844,EG00022844,Aya,Ibrahim,S,f,2025-04-16
22845,EG00022845,Ashraf,Ali ,single,m,2025-08-01
22846,EG00022846,Karim,Ezzat,S,m,2023-02-14
22847,EG00022847,Mona,Tolba,M,F,2025-03-22
22848,EG00022848, Ali,Mahmoud,M,M,2022-09-30
22849,EG00022849,Mona,El-Masry,S,Female,2025-07-14
22850,EG00022850,Mohamed,Gaber,,Male,2023-08-08
22851,EG00022851, Dina,Saad,single,F,2025-01-27
22852,EG00022852,Mona,Ezzat,married,Female,2023-11-08
22853,EG00022853,Nourhan,El-Sayed,single,Female,2022-11-02
22854,EG00022854,Wael,Zaki,M,,2022-01-25
22855,EG00022855,Mostafa,Ali,S,,2022-03-04
22856,EG00022856,Mariam,Nabil,married,,2024-04-11
22857,EG00022857,Karim,Fathy,S,Male,2022-02-25
22858,EG00022858,Sherif,Fathy ,M,M,2024-05-16
22859,EG00022859,Nour,Gaber,M,F,2024-02-04
22860,EG00022860,Mahmoud,Fouad,,Male,2023-09-22
22861,EG00022861, Eman,Fouad,S,Female,2023-03-14
22862,EG00022862,Ibrahim,Hamdy,M,M,2025-03-18
22863,EG00022863,Sameh,Tolba,single,Male,2024-04-08
22864,EG00022864,Mostafa,Gaber,M,m,2023-10-23
22865,EG00022865,Aya,Rashad,S,Female,2024-08-17
22866,EG00022866,Mahmoud,Abdel Rahman,married,,2022-07-01
22867,EG00022867,Dina,Ibrahim ,M,f,2022-02-22
22868,EG00022868,Hend,El-Masry,married,f,2025-05-21
22869,EG00022869,Heba,Kamel,M,Female,2023-06-15
22870,EG00022870,Mahmoud,Rashad,married,m,2024-03-19
22871,EG00022871,Nourhan,Zaki,S,f,2024-06-18
22872,EG00022872,Dina,Zaki,single,Female,2025-08-27
22873,EG00022873,Mohamed,Kamel,,M,2023-05-30
22874,EG00022874,Youssef,Farid,married,m,2024-11-23
22875,EG00022875,Salma,Kamel,single,F,2025-05-23
22876,EG00022876,Ayman,Ibrahim,married,Male,2022-06-22
22877,EG00022877,Aya,Gaber,M,Female,2024-06-12
22878,EG00022878,Amr,Rashad,S,,2023-08-06
22879,EG00022879,Amr,Kamel,single,m,2022-09-20
22880,EG00022880,Aliaa,Hamdy,S,,2024-11-02
22881,EG00022881,Ali,Shawky,S,,2022-01-08
22882,EG00022882, Adel,Ezzat,S,Male,2025-06-12
22883,EG00022883,Rana,Zaki,single,Female,2022-06-23
22884,EG00022884,Wael,Nabil,M,Male,2022-02-07
22885,EG00022885,Radwa,Ezzat,M,f,2024-01-31
22886,EG00022886, Mostafa,El-Sayed ,single,,2023-01-26
22887,EG00022887,Nourhan,Fouad,S,,2023-07-02
22888,EG00022888,Doaa,El-Masry,,f,2025-04-17
22889,EG00022889,Eman,Rashad,,F,2023-06-12
22890,EG00022890,Sara,Tolba,married,Female,2022-01-30
22891,EG00022891,Doaa,Fathy,married,,2023-08-31
22892,EG00022892,Karim,Kamel,S,,2022-07-27
22893,EG00022893,Omar,El-Sayed,,M,2025-09-14
22894,EG00022894,Ibrahim,Zaki,M,Male,2022-02-03
22895,EG00022895,Youssef,El-Sayed,single,m,2022-10-09
22896,EG00022896,Ashraf,Saad,M,Male,2022-12-20
22897,EG00022897,Ibrahim,Shawky,single,,2022-05-12
22898,EG00022898,Karim,Fathy,single,,2022-04-29
22899,EG00022899, Shaimaa,Nabil,M,F,2023-02-14
22900,EG00022900,Eman,Ezzat,,Female,2024-03-12
22901,EG00022901,Ibrahim,Saad,S,,2023-01-30
22902,EG00022902,Ahmed,Zaki,M,,2022-09-02
22903,EG00022903,Adel,Mahmoud,S,,2024-03-31
22904,EG00022904,Ahmed,Ali,S,,2024-11-03
22905,EG00022905,Aya,Gaber,M,Female,2023-11-03
22906,EG00022906, Radwa,Ezzat,S,,2024-06-01
22907,EG00022907, Mariam,Ibrahim,S,,2024-12-23
22908,EG00022908,Tarek,Mahmoud,S,Male,2023-10-28
22909,EG00022909,Karim,El-Sayed,S,M,2024-11-15
22910,EG00022910,Salma,Ibrahim,M,f,2024-12-19
22911,EG00022911, Shaimaa,Farid,married,Female,2024-08-20
22912,EG00022912, Youssef,Hamdy,M,M,2025-06-28
22913,EG00022913,Aya,Kamel,M,F,2022-12-22
22914,EG00022914,Ibrahim,Mahmoud,M,M,2025-05-31
22915,EG00022915,Fatma,Fathy,,,2025-07-30
22916,EG00022916,Ayman,El-Masry,married,,2022-10-04
22917,EG00022917,Reem,Kamel ,S,,2025-06-02
22918,EG00022918,Marwa,Ibrahim,M,f,2023-12-26
22919,EG00022919,Radwa,Nabil,S,Female,2024-10-17
22920,EG00022920,Ashraf,Fouad,,M,2022-10-15
22921,EG00022921,Mariam,El-Sayed,M,F,2023-04-23
22922,EG00022922,Sherif,Saad,S,Male,2025-06-04
22923,EG00022923,Hany,Fathy,M,M,2025-02-28
22924,EG00022924,Aliaa,El-Masry,S,Female,2022-08-21
22925,EG00022925,Fatma,Saad,single,f,2023-02-17
22926,EG00022926,Sameh,Saad,,Male,2025-08-06
22927,EG00022927, Marwa,Fouad,M,f,2022-12-11
22928,EG00022928,Mariam,Ezzat,,Female,2022-12-06
22929,EG00022929,Hend,El-Masry,S,,2023-01-30
22930,EG00022930,Ali,Shawky,single,M,2024-01-31
22931,EG00022931,Sameh,Hassan,S,m,2024-02-21
22932,EG00022932,Reem,Tolba,,F,2024-05-10
22933,EG00022933,Khaled,Kamel,single,,2022-09-01
22934,EG00022934,Doaa,Saad ,M,f,2023-04-12
22935,EG00022935, Eman,Mahmoud,married,,2023-10-10
22936,EG00022936, Shaimaa,Hamdy,S,,2024-07-03
22937,EG00022937,Aya,Hassan,M,Female,2023-10-05
22938,EG00022938, Ashraf,Saad,married,M,2024-07-15
22939,EG00022939, Hany,Saad,S,,2025-05-18
22940,EG00022940,Adel,Tolba,,,2022-12-10
22941,EG00022941,Shaimaa,Fathy,M,,2023-02-25
22942,EG00022942,Karim,Ibrahim,M,m,2025-04-30
22943,EG00022943, Nour,El-Sayed,single,F,2025-07-18
22944,EG00022944,Fatma,Rashad,M,,2025-09-04
22945,EG00022945,Sameh,Kamel ,married,,2022-01-15
22946,EG00022946, Nourhan,Zaki ,M,f,2023-03-26
22947,EG00022947,Yasmin,Tolba,,f,2023-04-04
22948,EG00022948,Marwa,Farid,M,F,2023-05-12
22949,EG00022949,Sara,Farid,,,2024-11-28
22950,EG00022950,Amr,Gaber,married,,2024-06-24
22951,EG00022951,Omar,El-Sayed,M,M,2023-10-24
22952,EG00022952,Reem,Mahmoud,M,F,2024-01-03
22953,EG00022953,Youssef,Saad,single,m,2024-11-23
22954,EG00022954, Aya,Fouad,,f,2022-08-03
22955,EG00022955,Tarek,Hassan,S,M,2022-11-09
22956,EG00022956,Ibrahim,Mahmoud,M,M,2023-10-27
22957,EG00022957, Shaimaa,Zaki ,single,,2024-07-11
22958,EG00022958,Shaimaa,Mahmoud,single,Female,2025-07-09
22959,EG00022959,Mona,Farid,M,Female,2022-02-20
22960,EG00022960,Mostafa,Farid,S,,2023-03-23
22961,EG00022961,Ayman,Gaber,,m,2022-09-01
22962,EG00022962,Eman,El-Masry,M,f,2025-09-18
22963,EG00022963,Dina,Ali,married,f,2022-03-19
22964,EG00022964,Ashraf,Hassan,single,Male,2025-08-08
22965,EG00022965,Khaled,Abdel Rahman ,married,Male,2022-05-22
22966,EG00022966,Aya,Rashad,M,F,2024-08-13
22967,EG00022967,Tarek,Nabil,single,Male,2024-03-07
22968,EG00022968,Omar,Ezzat,,Male,2025-08-24
22969,EG00022969,Wael,Fouad,,M,2024-05-19
22970,EG00022970,Hany,Ibrahim,M,M,2024-11-17
22971,EG00022971,Ali,Tolba,S,M,2023-04-12
22972,EG00022972,Aya,El-Masry,single,Female,2025-02-25
22973,EG00022973,Wael,Hamdy,M,m,2025-01-02
22974,EG00022974,Salma,Abdel Rahman,S,f,2024-05-19
22975,EG00022975,Mariam,Tolba,single,f,2022-08-27
22976,EG00022976,Mostafa,Shawky,single,,2024-04-30
22977,EG00022977, Hend,Hassan,single,,2023-05-08
22978,EG00022978,Rana,Mahmoud,M,f,2023-03-27
22979,EG00022979,Doaa,Tolba ,M,,2024-05-17
22980,EG00022980,Mostafa,El-Masry,S,,2024-07-15
22981,EG00022981,Ibrahim,Kamel,M,M,2023-07-16
22982,EG00022982,Mariam,Zaki,married,Female,2022-05-09
22983,EG00022983,Salma,Shawky,S,f,2024-02-11
22984,EG00022984,Omar,Rashad,M,,2023-03-23
22985,EG00022985,Ashraf,Tolba,single,,2025-06-08
22986,EG00022986,Mona,Tolba,M,,2024-02-09
22987,EG00022987,Fatma,Nabil ,married,Female,2022-01-06
22988,EG00022988, Ibrahim,Gaber,M,Male,2023-08-14
22989,EG00022989,Shaimaa,Shawky,,f,2025-03-18
22990,EG00022990,Tarek,El-Masry,S,Male,2024-01-10
22991,EG00022991,Nourhan,Hassan,,f,2022-11-01
22992,EG00022992,Fatma,Ali,M,,2025-04-22
22993,EG00022993,Heba,Hassan,S,F,2025-04-09
22994,EG00022994,Salma,Abdel Rahman,M,F,2024-11-18
22995,EG00022995,Mohamed,Saad,S,M,2025-01-02
22996,EG00022996,Dina,Hassan,S,F,2022-05-13
22997,EG00022997,Dina,Farid,single,F,2022-01-31
22998,EG00022998,Shaimaa,Hassan ,,,2025-07-16
22999,EG00022999,Hend,Nabil,married,F,2024-04-12
23000,EG00023000,Karim,Farid,M,M,2024-02-02
23001,EG00023001, Rana,Fathy ,M,f,2022-04-22
23002,EG00023002,Sameh,Farid,single,Male,2022-02-08
23003,EG00023003,Yasmin,El-Sayed ,S,f,2022-02-25
23004,EG00023004, Hend,El-Masry,S,Female,2025-04-20
23005,EG00023005,Ahmed,Ali,M,m,2024-11-29
23006,EG00023006,Karim,Kamel,S,Male,2023-04-21
23007,EG00023007, Mahmoud,El-Sayed,single,M,2022-07-15
23008,EG00023008,Youssef,Ali,S,m,2023-04-03
23009,EG00023009,Amr,Abdel Rahman,,,2022-08-28
23010,EG00023010,Mahmoud,Abdel Rahman,married,,2023-08-04
23011,EG00023011,Yasmin,Fathy,S,Female,2025-06-02
23012,EG00023012,Hend,Ibrahim,M,,2023-01-31
23013,EG00023013,Rana,Mahmoud,S,f,2024-06-14
23014,EG00023014,Radwa,Abdel Rahman,single,Female,2022-12-30
23015,EG00023015,Dina,Ezzat,S,f,2024-02-25
23016,EG00023016,Mona,Gaber ,M,,2022-11-19
23017,EG00023017, Dina,Saad,M,Female,2022-08-04
23018,EG00023018,Radwa,Ezzat,,Female,2022-11-23
23019,EG00023019,Aliaa,Fouad,single,Female,2025-09-27
23020,EG00023020,Ibrahim,Fathy,single,,2022-09-18
23021,EG00023021,Dina,Kamel,single,,2024-10-08
23022,EG00023022,Tarek,Ali ,single,,2025-08-13
23023,EG00023023,Heba,Rashad,M,Female,2024-04-21
23024,EG00023024,Marwa,Farid,M,F,2024-03-16
23025,EG00023025,Tarek,Tolba,,M,2024-04-30
23026,EG00023026,Sherif,Abdel Rahman,S,,2024-11-21
23027,EG00023027, Hany,Hassan ,married,m,2024-08-28
23028,EG00023028,Ali,Mahmoud,married,M,2022-07-15
23029,EG00023029,Shaimaa,Zaki,,F,2025-02-12
23030,EG00023030,Ali,Fouad ,S,Male,2024-03-26
23031,EG00023031,Ashraf,Nabil,M,Male,2025-08-08
23032,EG00023032,Yasmin,Tolba,M,Female,2023-12-07
23033,EG00023033,Heba,Fathy,single,Female,2022-01-24
23034,EG00023034,Ali,Tolba,S,M,2023-01-07
23035,EG00023035,Nourhan,Nabil ,M,,2022-02-22
23036,EG00023036,Shaimaa,Abdel Rahman,S,F,2022-08-03
23037,EG00023037,Nour,El-Sayed,S,F,2024-04-01
23038,EG00023038,Ashraf,Zaki,married,M,2023-02-03
23039,EG00023039,Khaled,Fouad,single,,2024-09-14
23040,EG00023040,Hassan,Rashad,married,Male,2022-07-01
23041,EG00023041,Youssef,Farid,S,Male,2025-01-19
23042,EG00023042, Omar,Shawky,single,M,2022-02-21
23043,EG00023043,Tarek,El-Sayed ,,,2024-05-04
23044,EG00023044,Ali,Rashad,S,M,2023-05-20
23045,EG00023045,Yasmin,Ali,S,Female,2023-09-12
23046,EG00023046,Yasmin,Mahmoud,M,F,2024-09-06
23047,EG00023047, Wael,Tolba,M,M,2022-06-13
23048,EG00023048,Radwa,Ali,married,,2022-08-26
23049,EG00023049,Karim,Ali,married,M,2022-10-05
23050,EG00023050,Aliaa,Ibrahim,,F,2023-08-16
23051,EG00023051,Omar,Kamel,single,Male,2023-10-12
23052,EG00023052,Wael,Hassan,M,,2024-11-10
23053,EG00023053,Radwa,Shawky,,F,2023-05-05
23054,EG00023054,Mohamed,El-Masry,single,,2022-09-08
23055,EG00023055,Rana,Abdel Rahman ,S,F,2022-06-05
23056,EG00023056,Youssef,Gaber ,,,2025-09-17
23057,EG00023057,Ali,Hassan,S,Male,2022-12-09
23058,EG00023058,Rana,El-Masry,S,f,2025-07-20
23059,EG00023059,Salma,El-Masry ,single,,2025-04-10
23060,EG00023060,Marwa,Saad,M,Female,2024-11-03
23061,EG00023061,Mohamed,Ibrahim,single,Male,2024-06-05
23062,EG00023062,Mona,Shawky,,Female,2022-10-26
23063,EG00023063,Hany,Hassan,M,Male,2024-04-09
23064,EG00023064,Mariam,Fouad ,S,F,2022-06-19
23065,EG00023065,Aya,Ali ,married,,2024-11-08
23066,EG00023066, Rana,Fouad,M,F,2022-01-11
23067,EG00023067,Mostafa,Farid ,S,M,2024-09-22
23068,EG00023068, Adel,Kamel,M,M,2022-09-07
23069,EG00023069,Rana,Kamel,M,f,2025-02-12
23070,EG00023070,Tarek,Ibrahim,married,m,2024-12-13
23071,EG00023071,Sherif,Zaki,S,Male,2022-07-08
23072,EG00023072,Adel,Fouad,M,Male,2022-07-28
23073,EG00023073,Khaled,Ezzat,married,Male,2023-02-02
23074,EG00023074,Aliaa,Kamel,,f,2022-01-16
23075,EG00023075,Salma,Ali,S,,2025-02-13
23076,EG00023076,Ayman,Hamdy ,,M,2022-05-30
23077,EG00023077,Tarek,Ali,single,Male,2023-05-12
23078,EG00023078,Fatma,Zaki,married,F,2025-09-05
23079,EG00023079,Salma,El-Masry,S,f,2025-02-01
23080,EG00023080,Mahmoud,Hassan,,m,2022-02-16
23081,EG00023081,Dina,Ezzat,single,F,2023-04-11
23082,EG00023082,Shaimaa,Tolba,S,f,2025-09-15
23083,EG00023083,Aya,Abdel Rahman,,F,2023-10-16
23084,EG00023084,Shaimaa,Gaber,married,Female,2025-04-28
23085,EG00023085,Mariam,Rashad,single,F,2024-05-08
23086,EG00023086,Eman,Mahmoud,M,,2022-01-31
23087,EG00023087,Fatma,Mahmoud,M,f,2024-07-15
23088,EG00023088,Mona,Hamdy ,S,f,2024-06-28
23089,EG00023089,Fatma,Abdel Rahman,S,F,2022-10-14
23090,EG00023090,Dina,Ibrahim,single,,2025-06-15
23091,EG00023091,Ayman,Shawky,married,,2023-01-05
23092,EG00023092,Mariam,Rashad,single,f,2023-05-29
23093,EG00023093,Amr,Nabil,S,M,2024-07-19
23094,EG00023094,Tarek,Ali,married,,2025-05-14
23095,EG00023095,Ibrahim,Rashad,married,M,2024-02-26
23096,EG00023096,Wael,Tolba ,S,m,2024-01-26
23097,EG00023097,Sara,Abdel Rahman,single,f,2025-06-24
23098,EG00023098,Doaa,Nabil,married,F,2023-10-22
23099,EG00023099,Sameh,Shawky,married,m,2025-05-24
23100,EG00023100,Nourhan,El-Sayed,,F,2024-06-25
23101,EG00023101,Omar,El-Masry,M,m,2022-02-24
23102,EG00023102,Fatma,Farid,M,F,2024-01-06
23103,EG00023103,Ashraf,El-Sayed,M,,2022-01-11
23104,EG00023104,Dina,Kamel,M,F,2023-04-18
23105,EG00023105,Sameh,Mahmoud,married,Male,2022-01-16
23106,EG00023106,Karim,Mahmoud,S,M,2025-03-26
23107,EG00023107,Khaled,Fathy,,,2022-06-23
23108,EG00023108,Ahmed,Mahmoud,,Male,2024-05-31
23109,EG00023109,Ali,Kamel,single,Male,2024-10-05
23110,EG00023110,Sameh,Ezzat,S,,2025-04-01
23111,EG00023111,Khaled,Ibrahim,single,m,2022-10-07
23112,EG00023112,Youssef,Shawky,married,M,2023-08-07
23113,EG00023113,Nourhan,Nabil,M,,2022-01-27
23114,EG00023114,Ayman,Nabil,single,M,2022-06-14
23115,EG00023115,Radwa,Farid,S,F,2023-12-07
23116,EG00023116, Wael,Farid ,,m,2025-02-08
23117,EG00023117,Ibrahim,El-Masry,S,M,2022-11-16
23118,EG00023118,Khaled,Hassan,single,,2022-02-19
23119,EG00023119,Radwa,Farid,M,f,2024-09-22
23120,EG00023120,Adel,Ezzat ,M,,2025-07-26
23121,EG00023121,Marwa,Ezzat,S,F,2023-08-09
23122,EG00023122,Ayman,Nabil ,single,m,2024-07-17
23123,EG00023123,Dina,Tolba,single,f,2023-05-14
23124,EG00023124,Amr,Kamel,single,,2024-02-18
23125,EG00023125,Karim,El-Masry,S,M,2024-10-02
23126,EG00023126,Wael,Farid ,S,m,2024-12-08
23127,EG00023127, Mohamed,Ali,married,M,2024-03-05
23128,EG00023128,Rana,Farid,M,f,2024-01-26
23129,EG00023129,Karim,El-Masry,S,m,2023-05-25
23130,EG00023130,Mona,Shawky,,,2024-04-21
23131,EG00023131,Marwa,Hamdy,M,f,2023-07-25
23132,EG00023132, Mona,Ali,M,Female,2022-01-12
23133,EG00023133,Eman,Kamel,M,Female,2022-08-13
23134,EG00023134,Mohamed,Farid,M,,2023-01-03
23135,EG00023135,Ibrahim,Ibrahim,M,Male,2023-07-06
23136,EG00023136,Youssef,Kamel,married,Male,2022-01-09
23137,EG00023137,Karim,Fathy,,M,2023-08-11
23138,EG00023138,Radwa,Tolba,S,F,2024-11-30
23139,EG00023139, Sara,Hamdy,,f,2022-07-11
23140,EG00023140,Aliaa,Rashad,M,f,2023-01-31
23141,EG00023141,Yasmin,Mahmoud,S,Female,2022-05-12
23142,EG00023142,Radwa,Shawky,M,f,2024-04-13
23143,EG00023143,Karim,Saad ,S,m,2022-11-07
23144,EG00023144,Mohamed,Saad,M,,2023-06-03
23145,EG00023145,Amr,Fathy,,,2022-02-16
23146,EG00023146,Adel,Zaki,single,M,2023-02-28
23147,EG00023147,Mariam,Gaber,S,,2025-05-12
23148,EG00023148,Ahmed,Rashad,S,M,2022-08-21
23149,EG00023149,Karim,Fouad,S,m,2024-02-06
23150,EG00023150, Ahmed,Hassan,M,M,2024-08-31
23151,EG00023151,Marwa,Mahmoud ,,F,2023-08-09
23152,EG00023152,Fatma,Mahmoud,S,Female,2024-04-10
23153,EG00023153, Marwa,Gaber,S,f,2024-12-05
23154,EG00023154,Hassan,Saad,M,Male,2023-12-23
23155,EG00023155,Amr,Mahmoud ,M,Male,2024-02-21
23156,EG00023156,Aliaa,Ali,,Female,2022-03-15
23157,EG00023157,Ayman,Mahmoud,single,M,2024-04-09
23158,EG00023158,Wael,Ali ,,,2024-05-18
23159,EG00023159,Nour,Hassan,married,,2024-06-17
23160,EG00023160,Eman,Saad,M,F,2024-09-02
23161,EG00023161,Ibrahim,Ibrahim,M,Male,2023-01-24
23162,EG00023162, Mona,Rashad,S,,2022-11-04
23163,EG00023163,Dina,Ezzat,,f,2023-08-02
23164,EG00023164,Ali,Shawky ,married,,2023-11-18
23165,EG00023165,Youssef,Gaber,M,,2025-01-27
23166,EG00023166, Doaa,Fathy,M,F,2022-11-07
23167,EG00023167,Heba,El-Sayed,M,,2024-05-30
23168,EG00023168, Hassan,Gaber,single,M,2022-12-04
23169,EG00023169,Yasmin,Saad,S,f,2022-01-10
23170,EG00023170,Heba,Ibrahim,M,f,2022-01-17
23171,EG00023171,Dina,Rashad,M,,2024-08-18
23172,EG00023172,Nour,Ali,M,Female,2022-09-20
23173,EG00023173,Marwa,Shawky,S,F,2024-06-25
23174,EG00023174, Karim,Hassan,married,Male,2022-10-16
23175,EG00023175,Tarek,Nabil,S,Male,2025-09-10
23176,EG00023176, Aliaa,El-Masry,married,,2022-09-04
23177,EG00023177,Nour,Shawky,S,,2024-04-04
23178,EG00023178, Hend,Nabil,single,,2024-12-09
23179,EG00023179,Amr,Nabil ,,Male,2022-11-08
23180,EG00023180,Tarek,Kamel,single,Male,2023-02-06
23181,EG00023181,Doaa,Fathy,married,F,2025-04-01
23182,EG00023182,Hassan,Abdel Rahman,M,M,2024-01-12
23183,EG00023183,Radwa,Abdel Rahman,S,,2025-08-04
23184,EG00023184, Youssef,Gaber,S,M,2024-03-23
23185,EG00023185, Mostafa,Ibrahim ,M,Male,2025-02-21
23186,EG00023186,Hassan,Hamdy,married,m,2023-03-28
23187,EG00023187,Salma,Saad,M,F,2025-05-14
23188,EG00023188,Omar,Nabil,S,Male,2024-02-27
23189,EG00023189,Sameh,Farid,S,m,2022-11-16
23190,EG00023190,Amr,Hassan,single,m,2025-09-08
23191,EG00023191,Hend,Ezzat,S,,2025-01-08
23192,EG00023192,Aya,Tolba,M,f,2023-08-18
23193,EG00023193,Mohamed,Mahmoud,single,m,2022-02-12
23194,EG00023194,Sara,Hassan,married,F,2023-10-17
23195,EG00023195,Ashraf,Ibrahim,M,m,2024-10-11
23196,EG00023196,Ali,Fathy,single,m,2023-04-26
23197,EG00023197,Hend,Fathy,married,f,2022-01-27
23198,EG00023198,Mohamed,Mahmoud,,m,2022-05-16
23199,EG00023199,Marwa,Ali,S,F,2022-12-22
23200,EG00023200, Ibrahim,Fouad,,m,2025-07-03
23201,EG00023201, Ayman,Abdel Rahman,M,,2024-05-04
23202,EG00023202,Fatma,Abdel Rahman,,F,2024-11-14
23203,EG00023203,Karim,Kamel,S,Male,2025-03-17
23204,EG00023204,Aliaa,Fouad,married,Female,2023-03-28
23205,EG00023205,Youssef,Mahmoud,M,m,2022-01-18
23206,EG00023206,Radwa,Fathy,S,f,2022-07-13
23207,EG00023207,Tarek,Kamel,M,,2023-12-31
23208,EG00023208,Omar,Shawky,single,M,2024-11-08
23209,EG00023209,Radwa,Shawky,,f,2024-04-17
23210,EG00023210,Mostafa,Rashad,S,M,2022-06-29
23211,EG00023211,Rana,Hamdy,M,f,2024-05-20
23212,EG00023212,Hend,Hamdy,S,f,2024-07-05
23213,EG00023213,Fatma,Shawky,M,F,2024-08-07
23214,EG00023214,Eman,Tolba,,F,2022-10-05
23215,EG00023215,Reem,Zaki,M,Female,2025-05-20
23216,EG00023216, Nourhan,Nabil,,Female,2024-12-25
23217,EG00023217,Ibrahim,Ibrahim,S,M,2024-06-21
23218,EG00023218,Ali,Gaber,,M,2022-10-12
23219,EG00023219,Nourhan,Ezzat,M,F,2025-08-20
23220,EG00023220,Tarek,Saad ,single,Male,2022-03-31
23221,EG00023221,Ayman,El-Sayed,single,m,2024-12-06
23222,EG00023222,Shaimaa,El-Masry,S,f,2025-08-08
23223,EG00023223,Karim,Tolba,single,m,2023-11-28
23224,EG00023224,Youssef,Saad,M,Male,2022-12-17
23225,EG00023225,Ali,Zaki,M,m,2023-01-23
23226,EG00023226,Doaa,Fathy,S,,2022-12-11
23227,EG00023227,Ahmed,El-Masry ,M,Male,2022-12-20
23228,EG00023228,Hend,Kamel,M,Female,2023-05-05
23229,EG00023229,Salma,Ibrahim,married,F,2025-08-07
23230,EG00023230,Salma,Shawky,S,,2024-10-12
23231,EG00023231,Sara,Shawky,M,Female,2025-08-15
23232,EG00023232,Aya,Ezzat,S,Female,2024-02-19
23233,EG00023233,Shaimaa,Rashad,married,f,2025-09-26
23234,EG00023234,Marwa,Fathy,married,f,2025-09-16
23235,EG00023235,Shaimaa,Farid,married,,2023-03-19
23236,EG00023236,Nourhan,Nabil,S,,2024-08-26
23237,EG00023237, Marwa,El-Masry,,Female,2023-05-15
23238,EG00023238,Mostafa,Zaki,single,Male,2023-09-08
23239,EG00023239,Mostafa,Zaki,S,Male,2022-02-18
23240,EG00023240,Reem,Mahmoud,,f,2024-12-25
23241,EG00023241,Nourhan,Hamdy,S,,2023-02-08
23242,EG00023242,Rana,Zaki,single,,2024-07-04
23243,EG00023243,Wael,Kamel,S,Male,2025-09-27
23244,EG00023244,Khaled,Rashad ,M,Male,2025-02-19
23245,EG00023245, Nour,Ezzat,single,F,2023-09-07
23246,EG00023246,Mariam,El-Sayed ,M,Female,2023-04-10
23247,EG00023247,Karim,Hamdy,single,m,2023-04-04
23248,EG00023248,Doaa,Gaber,single,F,2022-08-17
23249,EG00023249,Khaled,Ezzat,married,m,2024-04-01
23250,EG00023250,Rana,Hamdy,M,,2023-01-11
23251,EG00023251,Nour,Mahmoud,,f,2025-02-08
23252,EG00023252,Mona,Nabil ,single,,2022-03-25
23253,EG00023253,Ashraf,Abdel Rahman ,single,Male,2023-12-06
23254,EG00023254,Reem,Abdel Rahman,married,,2022-10-05
23255,EG00023255,Rana,Rashad,M,f,2024-06-24
23256,EG00023256,Nourhan,Ali,S,Female,2024-09-01
23257,EG00023257,Hend,El-Sayed,S,f,2024-05-18
23258,EG00023258,Sameh,Fouad,married,,2024-03-14
23259,EG00023259,Ahmed,Tolba ,,m,2022-06-21
23260,EG00023260,Dina,Ibrahim,,Female,2022-06-01
23261,EG00023261,Radwa,Mahmoud ,S,f,2022-09-14
23262,EG00023262,Aliaa,Abdel Rahman ,M,f,2023-07-29
23263,EG00023263,Sameh,Rashad ,,Male,2022-07-05
23264,EG00023264,Yasmin,Mahmoud,M,,2023-09-02
23265,EG00023265,Sara,Kamel,M,F,2023-05-20
23266,EG00023266,Yasmin,El-Masry,M,,2023-01-14
23267,EG00023267,Omar,Gaber ,S,Male,2023-02-02
23268,EG00023268,Sameh,Fathy,,Male,2023-04-06
23269,EG00023269,Mohamed,El-Sayed,M,M,2025-08-08
23270,EG00023270,Ibrahim,Ibrahim,S,,2025-05-23
23271,EG00023271,Ali,Gaber,M,m,2024-11-08
23272,EG00023272,Mostafa,Kamel ,S,,2023-04-14
23273,EG00023273,Mahmoud,Ali,,M,2023-10-22
23274,EG00023274,Heba,Hamdy,married,F,2024-01-06
23275,EG00023275,Ashraf,Saad,M,Male,2023-12-11
23276,EG00023276, Sherif,Fathy,S,M,2022-12-30
23277,EG00023277,Karim,Shawky,,,2025-02-10
23278,EG00023278,Amr,Nabil,M,Male,2024-10-27
23279,EG00023279, Aliaa,Shawky,S,Female,2022-01-18
23280,EG00023280,Hassan,Farid,S,Male,2025-07-04
23281,EG00023281,Adel,Kamel,,M,2022-04-02
23282,EG00023282,Khaled,Rashad,S,M,2023-10-05
23283,EG00023283,Khaled,Abdel Rahman ,,Male,2022-11-24
23284,EG00023284,Ahmed,Ali,M,Male,2023-04-29
23285,EG00023285,Mohamed,Rashad,S,,2024-12-07
23286,EG00023286,Mostafa,Abdel Rahman ,,M,2025-08-21
23287,EG00023287,Dina,Shawky,,Female,2025-08-20
23288,EG00023288,Hend,El-Masry ,S,f,2022-06-15
23289,EG00023289,Nour,Mahmoud,M,F,2024-06-07
23290,EG00023290,Hassan,Rashad,married,Male,2022-08-02
23291,EG00023291, Amr,Hamdy,married,M,2025-04-11
23292,EG00023292,Ayman,Fouad,S,Male,2024-05-10
23293,EG00023293,Yasmin,Zaki,married,F,2025-05-13
23294,EG00023294,Hany,Farid,M,M,2024-10-23
23295,EG00023295,Yasmin,Farid,S,f,2024-04-02
23296,EG00023296,Aliaa,Rashad ,S,,2023-03-01
23297,EG00023297,Nour,Fathy,M,Female,2022-04-06
23298,EG00023298,Karim,Fathy,married,Male,2025-09-28
23299,EG00023299,Fatma,Nabil,M,f,2024-10-09
23300,EG00023300, Heba,Fathy,S,F,2024-07-25
23301,EG00023301,Nour,Nabil,S,f,2023-08-29
23302,EG00023302,Omar,Zaki,M,m,2024-05-01
23303,EG00023303,Radwa,Ibrahim,M,,2025-04-29
23304,EG00023304,Mariam,Fathy,M,F,2022-02-27
23305,EG00023305,Shaimaa,Abdel Rahman,single,f,2024-04-02
23306,EG00023306,Youssef,Ezzat,M,M,2025-09-16
23307,EG00023307,Wael,Mahmoud,S,M,2022-03-31
23308,EG00023308,Sara,Shawky,,F,2022-06-17
23309,EG00023309,Rana,Kamel,S,f,2022-02-11
23310,EG00023310,Adel,Ali,M,M,2024-09-10
23311,EG00023311,Aliaa,Saad,single,Female,2025-03-26
23312,EG00023312,Salma,Tolba,S,Female,2022-11-27
23313,EG00023313,Omar,El-Masry,married,,2023-11-19
23314,EG00023314,Mona,Saad,,F,2022-01-20
23315,EG00023315,Fatma,El-Masry,married,Female,2024-04-12
23316,EG00023316,Omar,Farid ,,,2024-01-21
23317,EG00023317,Aliaa,El-Sayed,S,,2025-05-07
23318,EG00023318,Doaa,Farid,,F,2022-07-01
23319,EG00023319,Sameh,Tolba,S,,2024-12-22
23320,EG00023320,Mohamed,Ali,S,,2022-06-07
23321,EG00023321,Radwa,Ezzat,M,F,2024-03-07
23322,EG00023322,Amr,Farid,M,M,2024-08-20
23323,EG00023323, Aya,Tolba,S,F,2023-05-12
23324,EG00023324,Rana,Zaki,,Female,2024-10-28
23325,EG00023325,Ibrahim,Farid,M,M,2022-11-10
23326,EG00023326,Aya,Fathy,S,Female,2022-08-05
23327,EG00023327,Aya,Hassan,M,Female,2025-02-16
23328,EG00023328,Hassan,El-Masry,S,m,2023-01-20
23329,EG00023329,Sara,Ali,,Female,2024-01-04
23330,EG00023330,Nour,Fathy,S,f,2022-07-12
23331,EG00023331,Nourhan,Fathy,S,,2025-05-09
23332,EG00023332,Marwa,Gaber,single,,2025-09-16
23333,EG00023333,Mona,Tolba,S,F,2025-02-25
23334,EG00023334,Omar,Hamdy,M,Male,2025-08-25
23335,EG00023335,Mostafa,Shawky ,M,m,2025-06-27
23336,EG00023336,Heba,Farid,M,F,2024-09-07
23337,EG00023337,Tarek,Ibrahim,M,m,2025-08-16
23338,EG00023338,Hassan,Ali,married,m,2022-05-06
23339,EG00023339,Dina,El-Sayed,S,F,2022-07-12
23340,EG00023340,Tarek,Nabil,,Male,2022-11-15
23341,EG00023341,Mahmoud,Fouad,S,M,2025-05-15
23342,EG00023342,Aliaa,Farid,S,F,2024-11-20
23343,EG00023343,Fatma,Gaber,,Female,2022-07-31
23344,EG00023344,Radwa,Ezzat,single,F,2023-01-30
23345,EG00023345,Sara,Gaber,S,Female,2022-07-11
23346,EG00023346,Sameh,El-Sayed ,married,M,2022-02-25
23347,EG00023347,Ibrahim,Shawky,single,m,2022-03-14
23348,EG00023348,Khaled,El-Masry,,,2025-05-13
23349,EG00023349,Mahmoud,Tolba,M,M,2025-03-10
23350,EG00023350,Fatma,Hassan,married,f,2025-05-31
23351,EG00023351,Ayman,Abdel Rahman,S,m,2023-08-26
23352,EG00023352,Ali,Farid,M,Male,2024-04-19
23353,EG00023353,Amr,Nabil,M,m,2023-06-12
23354,EG00023354, Wael,Ezzat,,,2024-06-12
23355,EG00023355,Sara,Saad,married,Female,2022-12-26
23356,EG00023356,Dina,Rashad,M,Female,2023-12-05
23357,EG00023357,Hany,Fouad,S,Male,2022-12-01
23358,EG00023358,Doaa,Fouad,married,F,2023-05-25
23359,EG00023359,Doaa,Farid,,F,2024-08-21
23360,EG00023360,Reem,Mahmoud,,f,2022-01-10
23361,EG00023361,Ashraf,Tolba,,,2023-03-11
23362,EG00023362,Salma,Zaki,,,2024-05-30
23363,EG00023363,Eman,Rashad,S,,2022-08-07
23364,EG00023364,Mariam,Farid ,S,,2022-06-18
23365,EG00023365,Ahmed,Fathy,single,,2022-07-30
23366,EG00023366,Nourhan,El-Masry,single,Female,2022-01-01
23367,EG00023367,Fatma,Rashad,S,F,2024-02-27
23368,EG00023368,Salma,Fouad,M,f,2023-08-05
23369,EG00023369,Sherif,Zaki,,Male,2022-02-08
23370,EG00023370,Reem,Ibrahim,M,f,2024-09-19
23371,EG00023371,Salma,Mahmoud,S,f,2025-02-22
23372,EG00023372,Fatma,El-Masry,M,Female,2024-07-01
23373,EG00023373,Tarek,Mahmoud,married,m,2025-01-08
23374,EG00023374,Radwa,Farid,married,Female,2024-11-19
23375,EG00023375,Mostafa,Abdel Rahman,M,,2025-02-19
23376,EG00023376,Ali,Fathy,S,M,2022-02-14
23377,EG00023377,Karim,Hamdy,S,M,2025-06-04
23378,EG00023378,Ahmed,Nabil,S,m,2024-09-29
23379,EG00023379,Mona,Saad,M,,2023-11-02
23380,EG00023380,Yasmin,Mahmoud,M,Female,2023-09-15
23381,EG00023381,Heba,Zaki,,,2023-05-16
23382,EG00023382, Omar,Rashad,M,m,2024-01-30
23383,EG00023383,Hend,Hassan,S,,2023-03-27
23384,EG00023384,Hany,Nabil,M,,2022-12-21
23385,EG00023385,Yasmin,Shawky,,Female,2022-03-26
23386,EG00023386,Radwa,Fouad,married,Female,2025-06-09
23387,EG00023387,Salma,Abdel Rahman,single,Female,2022-10-11
23388,EG00023388,Heba,Hamdy,married,F,2023-05-07
23389,EG00023389,Nourhan,Hamdy,S,Female,2022-11-04
23390,EG00023390,Wael,Farid ,,,2023-12-20
23391,EG00023391, Tarek,Hassan,married,m,2025-08-27
23392,EG00023392,Mohamed,Zaki,single,M,2025-03-15
23393,EG00023393,Sara,Farid,,f,2023-05-11
23394,EG00023394,Aya,Gaber,married,Female,2025-09-02
23395,EG00023395,Mona,Abdel Rahman,M,f,2024-04-22
23396,EG00023396,Sara,Ibrahim ,M,F,2025-03-14
23397,EG00023397,Youssef,Mahmoud,,Male,2024-05-13
23398,EG00023398,Youssef,Zaki,,,2023-10-06
23399,EG00023399, Youssef,Rashad,,m,2024-07-06
23400,EG00023400, Nourhan,Farid,M,,2024-05-20
23401,EG00023401,Sameh,Farid,S,,2025-04-10
23402,EG00023402,Nourhan,Shawky,,F,2024-02-03
23403,EG00023403,Sherif,Shawky,S,M,2024-12-14
23404,EG00023404,Hassan,El-Sayed,S,m,2025-03-22
23405,EG00023405,Wael,Farid,S,Male,2024-09-12
23406,EG00023406,Ayman,Rashad,S,Male,2022-04-23
23407,EG00023407,Fatma,Fathy,M,F,2023-09-24
23408,EG00023408,Salma,Hamdy,,F,2023-06-03
23409,EG00023409,Marwa,Gaber,married,Female,2022-09-20
23410,EG00023410,Amr,Gaber,S,m,2023-04-08
23411,EG00023411,Dina,Ezzat,single,,2024-04-27
23412,EG00023412,Radwa,El-Masry,M,Female,2022-06-06
23413,EG00023413,Ahmed,Kamel,S,,2023-10-14
23414,EG00023414,Sherif,Fathy,married,Male,2025-07-30
23415,EG00023415,Omar,El-Masry,,M,2025-03-28
23416,EG00023416,Fatma,El-Sayed,M,Female,2024-01-10
23417,EG00023417,Ali,Hamdy,M,m,2022-07-18
23418,EG00023418,Tarek,Rashad,,M,2022-04-24
23419,EG00023419,Adel,Hassan,M,Male,2022-09-18
23420,EG00023420, Tarek,El-Sayed,S,,2023-05-11
23421,EG00023421,Ashraf,Ali,M,,2023-01-31
23422,EG00023422,Fatma,Hassan,M,f,2022-06-21
23423,EG00023423,Mona,Ezzat ,S,Female,2023-04-03
23424,EG00023424,Amr,Mahmoud,M,,2024-12-27
23425,EG00023425,Omar,Mahmoud,M,Male,2025-06-11
23426,EG00023426,Reem,Gaber,single,,2023-05-02
23427,EG00023427, Reem,Nabil,M,F,2022-10-17
23428,EG00023428,Doaa,Zaki,M,Female,2022-06-18
23429,EG00023429,Ahmed,Farid,single,,2025-08-05
23430,EG00023430, Doaa,Hassan,married,f,2022-11-24
23431,EG00023431,Yasmin,Ali,married,f,2022-11-08
23432,EG00023432,Wael,Ezzat,single,,2025-06-20
23433,EG00023433,Yasmin,Ibrahim,M,F,2022-01-08
23434,EG00023434,Sherif,Tolba,single,Male,2024-10-05
23435,EG00023435,Karim,Rashad ,M,m,2022-10-26
23436,EG00023436,Mohamed,Hamdy,S,,2022-09-21
23437,EG00023437,Heba,Rashad,,Female,2022-06-30
23438,EG00023438,Reem,El-Sayed,S,F,2022-10-29
23439,EG00023439, Mariam,Shawky,M,f,2023-06-21
23440,EG00023440,Mostafa,Ezzat,S,,2024-03-28
23441,EG00023441, Sara,Tolba,single,Female,2024-06-11
23442,EG00023442, Aya,Fathy,S,Female,2024-06-02
23443,EG00023443,Khaled,Saad,,,2024-02-20
23444,EG00023444,Hend,Zaki,M,,2025-09-11
23445,EG00023445,Mostafa,Kamel,,M,2022-06-30
23446,EG00023446,Amr,Rashad,M,Male,2025-09-24
23447,EG00023447,Fatma,Tolba,S,f,2023-11-06
23448,EG00023448,Hassan,Saad,S,m,2025-02-21
23449,EG00023449,Ashraf,Nabil,married,M,2023-06-16
23450,EG00023450,Eman,Mahmoud,M,f,2025-02-22
23451,EG00023451,Ashraf,Ezzat,M,,2023-03-17
23452,EG00023452,Ashraf,Gaber,single,,2024-10-07
23453,EG00023453,Adel,Fouad,M,,2023-11-11
23454,EG00023454,Yasmin,Tolba,single,f,2022-11-22
23455,EG00023455,Adel,Ibrahim ,M,m,2023-05-18
23456,EG00023456,Heba,Mahmoud,S,,2025-01-01
23457,EG00023457,Hend,El-Masry,,F,2025-06-04
23458,EG00023458,Aya,Gaber,S,Female,2025-03-22
23459,EG00023459,Eman,El-Masry ,S,f,2022-06-16
23460,EG00023460,Reem,Ezzat,,f,2024-10-27
23461,EG00023461,Aya,Rashad,S,F,2025-07-26
23462,EG00023462,Marwa,Shawky,M,,2024-06-27
23463,EG00023463,Nour,Ali,M,Female,2023-11-17
23464,EG00023464,Hassan,Zaki,S,Male,2025-08-06
23465,EG00023465,Salma,Ali,,,2023-05-02
23466,EG00023466,Mohamed,Tolba,,m,2022-05-05
23467,EG00023467,Ali,Fathy ,single,Male,2025-03-24
23468,EG00023468,Yasmin,El-Sayed,,Female,2025-01-13
23469,EG00023469,Tarek,Zaki,,M,2025-03-08
23470,EG00023470,Hend,Mahmoud,married,F,2023-07-17
23471,EG00023471,Amr,Fathy,S,Male,2023-03-25
23472,EG00023472,Dina,Ezzat,M,,2022-08-02
23473,EG00023473,Reem,Fouad,S,f,2025-04-14
23474,EG00023474,Ali,Mahmoud,married,Male,2024-04-05
23475,EG00023475, Wael,Kamel,M,,2023-09-05
23476,EG00023476,Omar,Zaki,married,Male,2024-04-17
23477,EG00023477,Yasmin,Saad ,S,Female,2023-10-20
23478,EG00023478,Adel,Abdel Rahman,M,Male,2023-10-18
23479,EG00023479,Youssef,El-Sayed,M,Male,2024-03-25
23480,EG00023480,Marwa,Fouad,M,F,2024-09-11
23481,EG00023481,Fatma,Tolba,,F,2024-07-23
23482,EG00023482, Mona,Ezzat,single,Female,2023-09-05
23483,EG00023483,Tarek,Zaki,single,M,2024-05-29
23484,EG00023484,Doaa,Rashad,married,f,2024-11-25
23485,EG00023485,Eman,El-Masry,S,,2023-10-16
23486,EG00023486,Wael,Ibrahim,,Male,2025-08-21
23487,EG00023487,Tarek,Abdel Rahman,M,,2022-07-28
23488,EG00023488,Hend,Tolba,S,Female,2025-06-08
23489,EG00023489,Wael,Shawky,S,M,2023-12-10
23490,EG00023490,Sherif,Tolba,S,M,2022-08-13
23491,EG00023491,Ibrahim,Fouad,married,Male,2025-06-12
23492,EG00023492,Dina,Hassan,single,,2022-10-01
23493,EG00023493,Sherif,Ezzat,M,Male,2022-08-01
23494,EG00023494,Ibrahim,Fouad,M,Male,2022-07-15
23495,EG00023495,Shaimaa,Gaber,M,Female,2022-11-07
23496,EG00023496,Karim,Rashad,,M,2025-04-07
23497,EG00023497,Radwa,Zaki,,F,2025-08-31
23498,EG00023498,Nourhan,Mahmoud,,Female,2025-07-10
23499,EG00023499,Amr,Farid,single,Male,2024-06-28
23500,EG00023500,Tarek,Ibrahim,married,,2025-07-21
23501,EG00023501,Hassan,El-Masry,married,m,2023-08-19
23502,EG00023502,Adel,Ezzat,S,m,2024-10-19
23503,EG00023503, Mona,Shawky,M,,2022-07-26
23504,EG00023504,Youssef,Hamdy,single,M,2022-08-03
23505,EG00023505,Sara,Shawky,S,F,2024-09-28
23506,EG00023506,Doaa,El-Sayed,single,F,2024-03-25
23507,EG00023507,Omar,Ezzat,single,,2024-06-30
23508,EG00023508,Dina,Ezzat,M,f,2024-01-24
23509,EG00023509,Marwa,Zaki,M,f,2022-09-30
23510,EG00023510,Hassan,Hassan,S,M,2023-02-02
23511,EG00023511,Youssef,Fouad,married,Male,2022-12-04
23512,EG00023512,Salma,Zaki,single,f,2023-10-05
23513,EG00023513,Eman,Farid,S,Female,2024-12-01
23514,EG00023514,Amr,Ibrahim,single,m,2024-01-16
23515,EG00023515,Mona,Rashad,S,f,2023-12-03
23516,EG00023516,Mostafa,Abdel Rahman,,Male,2022-05-20
23517,EG00023517,Sameh,Saad,S,M,2022-09-16
23518,EG00023518, Amr,El-Sayed,M,Male,2022-11-22
23519,EG00023519,Fatma,Ali,,f,2023-11-14
23520,EG00023520,Nourhan,Gaber,single,Female,2024-02-13
23521,EG00023521,Heba,El-Sayed,S,Female,2022-06-06
23522,EG00023522,Sameh,Ali,single,Male,2022-06-24
23523,EG00023523,Ali,Hamdy,single,Male,2022-10-23
23524,EG00023524,Amr,Rashad,S,m,2024-06-29
23525,EG00023525,Marwa,Nabil,S,,2022-06-14
23526,EG00023526,Nourhan,Kamel,S,f,2023-02-11
23527,EG00023527,Ibrahim,Fouad,S,m,2024-06-26
23528,EG00023528,Adel,Fathy ,S,,2024-03-19
23529,EG00023529, Aliaa,El-Masry,M,,2024-06-10
23530,EG00023530,Adel,Abdel Rahman,single,Male,2022-01-06
23531,EG00023531,Hend,El-Masry ,M,f,2022-07-12
23532,EG00023532,Yasmin,Mahmoud,,,2025-02-22
23533,EG00023533,Tarek,Ali,M,M,2023-04-09
23534,EG00023534,Ali,Nabil,S,,2024-08-14
23535,EG00023535,Nour,Tolba,S,f,2025-06-01
23536,EG00023536,Ali,Fouad,,,2025-08-14
23537,EG00023537,Khaled,Nabil,S,,2022-04-19
23538,EG00023538,Adel,Hassan,,M,2023-01-20
23539,EG00023539,Shaimaa,Kamel,S,,2023-07-22
23540,EG00023540,Omar,Gaber ,M,,2022-10-11
23541,EG00023541,Rana,Shawky,S,,2025-03-16
23542,EG00023542,Adel,Saad,,M,2022-10-17
23543,EG00023543,Amr,Ezzat,married,Male,2023-01-29
23544,EG00023544,Ahmed,Farid,married,Male,2022-06-22
23545,EG00023545,Salma,Gaber,M,Female,2022-09-08
23546,EG00023546,Mahmoud,Hassan,married,M,2022-11-05
23547,EG00023547,Amr,Hassan,single,,2025-03-05
23548,EG00023548,Khaled,Gaber,M,M,2024-10-06
23549,EG00023549,Fatma,El-Masry,S,,2024-10-21
23550,EG00023550,Sara,Tolba,single,,2022-01-10
23551,EG00023551,Fatma,Shawky,married,Female,2023-03-04
23552,EG00023552,Hany,Shawky ,,,2024-04-06
23553,EG00023553,Aliaa,Farid ,S,f,2023-09-28
23554,EG00023554,Eman,Hamdy,M,F,2025-08-01
23555,EG00023555,Dina,Mahmoud,,,2024-07-13
23556,EG00023556,Radwa,Fouad,married,F,2023-09-11
23557,EG00023557,Shaimaa,Mahmoud,M,f,2022-08-28
23558,EG00023558, Sherif,Shawky,S,m,2024-09-17
23559,EG00023559,Hany,Zaki,S,Male,2024-09-04
23560,EG00023560, Nour,Ali,,,2024-03-14
23561,EG00023561,Aliaa,Ezzat,M,Female,2024-08-02
23562,EG00023562,Sameh,Tolba,M,m,2023-08-30
23563,EG00023563,Aya,Ibrahim,,Female,2024-02-18
23564,EG00023564,Hend,Ibrahim,,f,2025-08-24
23565,EG00023565,Fatma,Fathy,married,,2022-03-11
23566,EG00023566,Aliaa,Hamdy,S,f,2025-03-12
23567,EG00023567,Yasmin,Shawky,M,,2022-05-23
23568,EG00023568,Mohamed,Hamdy,S,m,2025-02-08
23569,EG00023569,Rana,El-Sayed ,,f,2023-08-12
23570,EG00023570,Mahmoud,Abdel Rahman,M,M,2022-10-21
23571,EG00023571,Ayman,Tolba,M,M,2024-04-01
23572,EG00023572,Ali,Tolba,M,M,2024-03-27
23573,EG00023573,Yasmin,Fathy,M,Female,2022-10-15
23574,EG00023574,Fatma,Kamel,single,F,2022-03-09
23575,EG00023575,Aya,Fouad,S,Female,2024-12-24
23576,EG00023576, Reem,Abdel Rahman,single,F,2023-06-09
23577,EG00023577,Sherif,Ezzat,,M,2023-10-26
23578,EG00023578,Hany,Farid,M,Male,2023-11-14
23579,EG00023579,Wael,Rashad,,,2025-01-19
23580,EG00023580, Mariam,El-Sayed,M,f,2022-09-08
23581,EG00023581, Youssef,El-Masry,,Male,2025-02-21
23582,EG00023582,Hend,Fathy,single,f,2025-01-10
23583,EG00023583,Eman,Saad,,,2023-02-20
23584,EG00023584,Hassan,El-Sayed,married,,2022-12-22
23585,EG00023585,Wael,Tolba,M,M,2023-04-26
23586,EG00023586,Mahmoud,Rashad ,S,M,2023-10-26
23587,EG00023587,Mohamed,El-Sayed,single,M,2022-11-04
23588,EG00023588,Karim,El-Sayed,S,M,2024-09-28
23589,EG00023589,Salma,Ezzat ,S,,2025-06-22
23590,EG00023590,Youssef,Mahmoud,M,m,2024-08-13
23591,EG00023591,Mariam,Ali,single,,2023-06-02
23592,EG00023592,Rana,Mahmoud,S,,2024-12-30
23593,EG00023593,Salma,Rashad,M,F,2025-03-19
23594,EG00023594,Marwa,El-Masry,,f,2024-03-25
23595,EG00023595,Mostafa,Mahmoud,S,,2025-05-02
23596,EG00023596,Khaled,Kamel ,single,Male,2024-10-21
23597,EG00023597, Ayman,Hamdy,single,M,2025-03-04
23598,EG00023598,Radwa,Zaki,single,f,2022-02-26
23599,EG00023599,Sherif,Hassan ,married,m,2025-01-30
23600,EG00023600,Yasmin,Abdel Rahman,,,2022-01-08
23601,EG00023601,Eman,Fathy,,f,2025-04-30
23602,EG00023602,Ibrahim,Rashad,S,Male,2022-09-13
23603,EG00023603,Mostafa,Fathy,S,Male,2025-05-16
23604,EG00023604,Ahmed,Hamdy,S,M,2023-09-27
23605,EG00023605,Tarek,Rashad,,,2022-11-21
23606,EG00023606,Yasmin,Ezzat,,f,2022-05-24
23607,EG00023607,Tarek,Tolba,M,,2023-04-28
23608,EG00023608,Aliaa,El-Masry,S,f,2025-07-25
23609,EG00023609,Heba,Gaber,M,,2022-12-04
23610,EG00023610, Mona,El-Masry,married,Female,2023-04-02
23611,EG00023611,Mahmoud,Zaki ,married,m,2023-07-08
23612,EG00023612,Tarek,Kamel,M,M,2025-07-07
23613,EG00023613,Mohamed,Tolba,M,Male,2024-09-16
23614,EG00023614,Wael,Farid,M,,2022-10-11
23615,EG00023615,Sherif,Fouad,M,,2025-05-12
23616,EG00023616,Mohamed,Zaki,S,M,2022-07-25
23617,EG00023617,Yasmin,Hamdy,S,,2023-01-13
23618,EG00023618,Ali,Nabil,married,Male,2024-05-12
23619,EG00023619,Ahmed,Hassan,,m,2023-03-22
23620,EG00023620,Doaa,Saad,married,Female,2022-12-02
23621,EG00023621,Ashraf,Rashad,married,Male,2025-06-16
23622,EG00023622,Hend,El-Masry,S,Female,2023-05-26
23623,EG00023623,Mahmoud,El-Sayed,single,Male,2024-08-10
23624,EG00023624, Ali,Gaber,M,M,2025-03-22
23625,EG00023625,Mohamed,Farid,S,Male,2023-09-09
23626,EG00023626,Hany,Saad,single,Male,2023-10-14
23627,EG00023627,Sara,Nabil,M,,2025-05-11
23628,EG00023628,Mohamed,Farid,married,Male,2025-03-15
23629,EG00023629,Ayman,Fathy,,,2025-04-18
23630,EG00023630,Hassan,Gaber,single,m,2023-12-12
23631,EG00023631,Sameh,El-Masry,M,m,2023-05-24
23632,EG00023632, Khaled,Abdel Rahman,S,Male,2023-05-25
23633,EG00023633,Mohamed,El-Sayed,S,m,2022-11-09
23634,EG00023634, Radwa,Fouad,S,f,2024-07-28
23635,EG00023635,Mohamed,Abdel Rahman ,S,,2022-04-09
23636,EG00023636,Khaled,Kamel,M,M,2024-01-19
23637,EG00023637,Reem,Rashad ,,Female,2025-07-22
23638,EG00023638,Hassan,Kamel,single,Male,2023-11-30
23639,EG00023639, Salma,Hassan,S,Female,2022-06-29
23640,EG00023640,Ibrahim,Abdel Rahman,M,M,2025-04-15
23641,EG00023641,Khaled,Ezzat,single,m,2023-09-28
23642,EG00023642,Fatma,Zaki,S,,2023-10-06
23643,EG00023643,Radwa,Ali,married,f,2022-12-22
23644,EG00023644,Hassan,Farid,M,M,2024-04-20
23645,EG00023645,Youssef,Rashad,single,,2023-05-02
23646,EG00023646,Yasmin,Ibrahim ,M,F,2023-10-03
23647,EG00023647, Tarek,Kamel,single,,2024-10-22
23648,EG00023648,Hend,Zaki,S,f,2023-03-18
23649,EG00023649, Mariam,Saad,S,F,2022-04-01
23650,EG00023650,Tarek,Farid,single,m,2025-05-13
23651,EG00023651,Wael,Saad,,m,2022-03-20
23652,EG00023652,Nourhan,Ali,,F,2024-04-14
23653,EG00023653, Shaimaa,Ezzat,S,,2025-05-05
23654,EG00023654,Sherif,Mahmoud,M,m,2024-02-18
23655,EG00023655, Rana,Saad,M,,2022-11-17
23656,EG00023656,Adel,Ali,S,,2022-11-13
23657,EG00023657,Hany,Fathy,M,m,2022-02-28
23658,EG00023658,Mohamed,Shawky,,Male,2022-07-31
23659,EG00023659,Mona,Nabil,M,F,2023-06-17
23660,EG00023660,Radwa,Fouad,M,,2024-07-09
23661,EG00023661,Fatma,Rashad,S,F,2024-05-20
23662,EG00023662, Mona,Farid,married,Female,2024-04-03
23663,EG00023663,Tarek,Abdel Rahman ,S,,2023-03-06
23664,EG00023664,Ahmed,Mahmoud,S,,2023-11-10
23665,EG00023665,Khaled,El-Masry,M,M,2023-02-14
23666,EG00023666,Ali,El-Masry,,m,2024-05-01
23667,EG00023667,Sherif,Nabil,S,M,2022-10-22
23668,EG00023668,Sara,Kamel,S,Female,2023-10-20
23669,EG00023669,Mohamed,Gaber,,M,2025-09-25
23670,EG00023670,Ashraf,El-Masry,,,2022-10-04
23671,EG00023671,Nourhan,Ali ,married,Female,2023-05-25
23672,EG00023672, Mohamed,Ibrahim ,M,Male,2022-11-19
23673,EG00023673,Doaa,Abdel Rahman,single,Female,2022-08-06
23674,EG00023674,Eman,Tolba,S,,2024-03-04
23675,EG00023675,Sameh,Zaki,S,,2022-11-18
23676,EG00023676,Ibrahim,Kamel,M,M,2022-01-09
23677,EG00023677, Karim,Abdel Rahman,S,M,2024-02-02
23678,EG00023678,Aliaa,Hamdy,S,f,2024-01-07
23679,EG00023679,Sherif,Saad ,S,M,2024-11-23
23680,EG00023680,Sameh,Ibrahim,M,M,2025-01-15
23681,EG00023681,Mahmoud,Fathy,,Male,2023-07-19
23682,EG00023682,Doaa,Mahmoud,M,,2022-06-19
23683,EG00023683,Yasmin,El-Masry,,Female,2023-09-13
23684,EG00023684,Yasmin,Ibrahim,S,f,2023-05-30
23685,EG00023685,Heba,Hassan,M,F,2023-09-07
23686,EG00023686,Sara,Abdel Rahman,married,F,2024-12-27
23687,EG00023687,Karim,Shawky,married,M,2023-06-24
23688,EG00023688,Ayman,Abdel Rahman,M,M,2022-02-20
23689,EG00023689,Aliaa,Hassan,single,F,2022-07-28
23690,EG00023690,Ibrahim,Shawky,M,Male,2024-09-22
23691,EG00023691,Shaimaa,Rashad,S,F,2023-03-28
23692,EG00023692, Fatma,Fouad,,F,2022-08-16
23693,EG00023693,Tarek,Ibrahim,S,m,2022-11-17
23694,EG00023694,Nour,Hamdy,S,Female,2024-07-11
23695,EG00023695,Sameh,Ezzat,S,M,2024-03-02
23696,EG00023696,Nour,Nabil,,f,2022-05-22
23697,EG00023697,Amr,Ali,married,,2023-07-11
23698,EG00023698,Radwa,Kamel,S,,2025-05-13
23699,EG00023699,Sara,Hamdy ,M,,2023-06-28
23700,EG00023700,Doaa,Tolba,M,F,2025-05-22
23701,EG00023701, Khaled,Zaki,single,Male,2022-07-02
23702,EG00023702, Ali,Nabil,S,m,2022-12-10
23703,EG00023703,Aliaa,Ezzat ,single,F,2023-12-14
23704,EG00023704, Nourhan,Abdel Rahman,S,F,2024-12-29
23705,EG00023705,Reem,Nabil ,S,f,2024-03-22
23706,EG00023706, Ali,Nabil,S,,2024-08-08
23707,EG00023707,Shaimaa,Shawky,married,Female,2024-11-07
23708,EG00023708,Marwa,Hassan,M,,2022-08-07
23709,EG00023709,Mohamed,Hamdy ,S,,2024-09-22
23710,EG00023710,Wael,Gaber,M,m,2022-03-17
23711,EG00023711, Marwa,Ali,M,F,2025-03-21
23712,EG00023712,Sara,Mahmoud ,S,Female,2023-08-10
23713,EG00023713,Fatma,Ezzat,M,Female,2023-04-11
23714,EG00023714,Khaled,Saad,M,Male,2024-02-06
23715,EG00023715,Khaled,Tolba,single,M,2023-03-09
23716,EG00023716,Sherif,Abdel Rahman,married,M,2023-09-30
23717,EG00023717,Ali,Shawky,M,M,2025-06-10
23718,EG00023718, Aliaa,Abdel Rahman,,Female,2024-05-25
23719,EG00023719,Hassan,Saad,M,Male,2024-12-13
23720,EG00023720,Reem,Abdel Rahman,M,,2025-02-07
23721,EG00023721,Fatma,Fouad,M,Female,2025-03-26
23722,EG00023722,Omar,El-Masry,S,,2022-01-13
23723,EG00023723,Mona,Rashad,M,Female,2024-08-05
23724,EG00023724,Omar,Ali,M,m,2024-01-30
23725,EG00023725,Nourhan,Nabil,,,2022-02-01
23726,EG00023726,Tarek,Gaber ,married,m,2025-05-12
23727,EG00023727,Hassan,Kamel,S,,2024-03-25
23728,EG00023728,Sherif,Gaber,single,M,2023-11-06
23729,EG00023729,Ayman,El-Sayed ,S,M,2022-08-16
23730,EG00023730,Youssef,Gaber,married,,2023-01-30
23731,EG00023731,Aya,Zaki ,S,f,2022-01-03
23732,EG00023732,Adel,Saad,,Male,2025-09-25
23733,EG00023733, Eman,Zaki,single,,2024-09-06
23734,EG00023734, Amr,Fathy,S,M,2024-10-08
23735,EG00023735,Dina,Farid,S,,2022-05-24
23736,EG00023736,Karim,Hassan,M,m,2022-02-12
23737,EG00023737,Heba,Hassan,married,Female,2022-09-06
23738,EG00023738,Nourhan,Hassan,single,f,2022-03-01
23739,EG00023739,Amr,Farid ,single,,2025-05-29
23740,EG00023740,Mostafa,Saad,,M,2024-04-27
23741,EG00023741, Hend,Fouad,M,F,2025-03-16
23742,EG00023742,Mahmoud,Gaber,M,,2024-07-19
23743,EG00023743,Mahmoud,Shawky,,Male,2025-05-24
23744,EG00023744,Rana,El-Sayed,M,Female,2023-06-13
23745,EG00023745,Marwa,Fouad,single,,2025-01-15
23746,EG00023746,Marwa,Ali,S,Female,2023-04-01
23747,EG00023747,Mohamed,Farid,,M,2023-10-19
23748,EG00023748,Radwa,Hassan,S,F,2025-08-04
23749,EG00023749,Rana,El-Masry,S,f,2023-12-31
23750,EG00023750,Karim,Ibrahim,M,m,2024-08-16
23751,EG00023751,Omar,Farid,M,,2022-02-16
23752,EG00023752,Karim,Fathy,,M,2022-12-25
23753,EG00023753,Mona,Zaki,M,f,2024-07-21
23754,EG00023754,Ayman,Ezzat,S,Male,2022-05-19
23755,EG00023755,Hassan,Hamdy ,S,,2023-03-20
23756,EG00023756,Aliaa,Ibrahim,M,Female,2024-03-15
23757,EG00023757, Hend,Ali,,Female,2022-11-25
23758,EG00023758,Amr,Ibrahim,S,,2023-05-26
23759,EG00023759,Sameh,Kamel,S,m,2024-11-13
23760,EG00023760,Dina,El-Sayed ,M,f,2022-06-20
23761,EG00023761,Hany,Abdel Rahman,married,Male,2025-01-20
23762,EG00023762, Yasmin,El-Sayed,S,,2022-02-16
23763,EG00023763,Yasmin,Rashad,S,,2022-11-25
23764,EG00023764,Doaa,Farid,M,Female,2022-05-16
23765,EG00023765,Ayman,Gaber ,single,M,2022-02-07
23766,EG00023766,Fatma,Mahmoud,single,Female,2022-09-21
23767,EG00023767,Mostafa,El-Sayed ,M,,2022-01-22
23768,EG00023768,Yasmin,Kamel ,single,f,2022-01-06
23769,EG00023769,Hassan,Kamel,M,,2023-11-09
23770,EG00023770,Ashraf,Ali,M,M,2025-05-26
23771,EG00023771,Mostafa,Shawky,married,,2025-06-07
23772,EG00023772,Shaimaa,El-Masry,M,f,2022-01-03
23773,EG00023773,Mona,Fouad ,S,,2022-07-23
23774,EG00023774,Nourhan,Fouad ,single,Female,2023-08-18
23775,EG00023775, Shaimaa,Ibrahim,S,,2024-04-13
23776,EG00023776,Yasmin,Tolba,M,F,2025-04-15
23777,EG00023777, Tarek,Ali ,married,M,2025-09-01
23778,EG00023778,Doaa,Tolba,single,f,2022-09-08
23779,EG00023779,Rana,Gaber,single,f,2022-09-30
23780,EG00023780,Ibrahim,Saad,M,,2025-07-26
23781,EG00023781,Dina,Ezzat,single,Female,2024-10-14
23782,EG00023782,Rana,Gaber,,Female,2022-04-06
23783,EG00023783,Youssef,Ali,married,Male,2023-10-17
23784,EG00023784,Rana,Hamdy,,f,2024-04-03
23785,EG00023785,Khaled,Hassan,,M,2023-05-03
23786,EG00023786,Hassan,Ezzat,married,M,2025-04-29
23787,EG00023787,Nour,Rashad,married,Female,2022-09-26
23788,EG00023788,Ayman,Abdel Rahman,single,Male,2025-09-15
23789,EG00023789, Doaa,El-Sayed,S,,2024-06-26
23790,EG00023790,Aliaa,El-Masry,S,F,2023-01-21
23791,EG00023791,Eman,Rashad,married,Female,2024-08-15
23792,EG00023792,Yasmin,Hamdy,married,F,2022-06-29
23793,EG00023793,Mariam,Rashad,S,,2022-03-21
23794,EG00023794,Sherif,El-Sayed,M,,2024-12-04
23795,EG00023795,Sara,Ibrahim,M,,2022-05-25
23796,EG00023796,Sameh,Tolba,single,m,2022-01-15
23797,EG00023797,Aya,Shawky,single,f,2025-03-17
23798,EG00023798,Eman,Zaki ,S,,2022-04-10
23799,EG00023799,Amr,Saad,,Male,2022-10-26
23800,EG00023800,Shaimaa,Zaki,S,Female,2023-04-26
23801,EG00023801, Nourhan,Abdel Rahman,,F,2025-08-14
23802,EG00023802,Wael,Abdel Rahman,,Male,2023-07-21
23803,EG00023803,Aliaa,Fouad,S,F,2024-07-14
23804,EG00023804,Eman,El-Sayed,single,Female,2023-08-07
23805,EG00023805,Tarek,Hamdy,S,,2022-03-05
23806,EG00023806,Dina,Gaber,M,Female,2025-07-07
23807,EG00023807,Hany,Zaki,M,Male,2024-11-02
23808,EG00023808,Aliaa,Saad,M,Female,2024-05-03
23809,EG00023809,Ali,El-Masry,M,Male,2022-03-21
23810,EG00023810,Heba,Mahmoud,S,,2024-08-11
23811,EG00023811,Nour,Fathy ,single,F,2024-10-04
23812,EG00023812,Ali,Tolba,single,Male,2023-08-02
23813,EG00023813,Khaled,Fathy,S,m,2025-02-09
23814,EG00023814,Sara,El-Sayed,M,,2023-10-08
23815,EG00023815,Mahmoud,Hamdy,single,Male,2022-09-01
23816,EG00023816,Doaa,Hamdy,S,f,2022-10-14
23817,EG00023817,Khaled,Fouad ,M,Male,2022-03-10
23818,EG00023818,Sherif,Gaber,S,m,2022-03-17
23819,EG00023819,Mostafa,Ali ,M,Male,2023-06-28
23820,EG00023820,Eman,Fouad,S,f,2022-08-09
23821,EG00023821,Ayman,Hassan,single,M,2024-05-07
23822,EG00023822,Mariam,Hamdy ,M,f,2022-11-03
23823,EG00023823,Ahmed,Ezzat,,Male,2023-05-24
23824,EG00023824,Hassan,Ezzat,S,Male,2022-04-15
23825,EG00023825,Mostafa,Fathy,M,,2024-09-24
23826,EG00023826,Heba,Abdel Rahman,married,f,2025-03-26
23827,EG00023827, Hassan,Farid,single,m,2024-03-30
23828,EG00023828,Yasmin,Farid,M,f,2022-11-03
23829,EG00023829,Ashraf,Hamdy,S,,2022-08-02
23830,EG00023830,Doaa,Mahmoud,M,F,2022-05-18
23831,EG00023831, Nour,El-Sayed,married,f,2023-06-02
23832,EG00023832,Doaa,Mahmoud,M,F,2024-02-23
23833,EG00023833,Youssef,Rashad,married,m,2025-04-19
23834,EG00023834,Ayman,El-Sayed,single,m,2022-08-19
23835,EG00023835, Ibrahim,Abdel Rahman ,M,,2022-03-28
23836,EG00023836,Adel,Kamel,single,,2024-06-29
23837,EG00023837,Rana,Hamdy,,Female,2024-10-02
23838,EG00023838,Rana,Rashad ,M,f,2022-11-22
23839,EG00023839,Youssef,El-Sayed,S,Male,2023-06-14
23840,EG00023840,Hend,Ezzat,single,Female,2024-10-02
23841,EG00023841,Mariam,Tolba,S,,2023-06-28
23842,EG00023842,Yasmin,Fouad,M,Female,2024-08-02
23843,EG00023843,Hany,Rashad,M,Male,2022-01-29
23844,EG00023844,Mariam,Zaki,M,,2022-04-19
23845,EG00023845,Fatma,Kamel,,,2022-11-10
23846,EG00023846,Yasmin,Shawky,M,f,2024-04-01
23847,EG00023847, Ali,Fouad ,S,m,2024-10-06
23848,EG00023848, Sameh,Farid,single,,2025-01-16
23849,EG00023849,Amr,Hassan,M,,2023-09-18
23850,EG00023850,Eman,Ezzat,,f,2022-09-10
23851,EG00023851,Hassan,Kamel,S,Male,2022-06-20
23852,EG00023852,Mariam,Hassan ,,Female,2025-02-13
23853,EG00023853, Sameh,Hamdy,M,M,2024-11-19
23854,EG00023854,Radwa,Ali ,M,F,2022-04-23
23855,EG00023855,Salma,Mahmoud,,Female,2024-06-25
23856,EG00023856,Aliaa,Kamel,S,F,2023-11-02
23857,EG00023857,Youssef,Mahmoud,S,M,2024-08-18
23858,EG00023858,Omar,El-Masry,single,m,2022-01-25
23859,EG00023859,Sara,Kamel,M,f,2025-07-07
23860,EG00023860, Ayman,El-Sayed ,single,m,2025-06-23
23861,EG00023861,Mona,Zaki,single,,2025-09-01
23862,EG00023862,Dina,Zaki,single,,2023-09-26
23863,EG00023863,Rana,Ezzat,single,Female,2025-08-21
23864,EG00023864, Mohamed,Nabil,S,m,2024-06-21
23865,EG00023865, Sara,Ezzat,M,f,2024-07-28
23866,EG00023866,Hany,Farid,,,2024-02-16
23867,EG00023867,Ali,Ibrahim,M,M,2024-07-26
23868,EG00023868,Doaa,Mahmoud,,,2024-11-23
23869,EG00023869,Hassan,Fouad ,S,m,2023-11-23
23870,EG00023870,Rana,Nabil,M,Female,2023-06-28
23871,EG00023871,Mariam,Tolba,M,f,2023-06-14
23872,EG00023872,Dina,Gaber,,F,2022-07-19
23873,EG00023873,Youssef,Mahmoud,married,M,2024-12-30
23874,EG00023874,Hend,Farid,single,Female,2025-05-06
23875,EG00023875,Mahmoud,Hassan,M,M,2024-10-21
23876,EG00023876,Mohamed,Hamdy,S,M,2022-03-23
23877,EG00023877,Karim,Farid,M,m,2022-01-18
23878,EG00023878,Reem,Nabil,,,2025-01-27
23879,EG00023879,Ayman,Kamel,married,Male,2024-08-21
23880,EG00023880,Doaa,Rashad,S,Female,2022-12-24
23881,EG00023881,Hany,Ali,S,,2023-01-05
23882,EG00023882, Hassan,Farid,S,M,2023-07-10
23883,EG00023883,Yasmin,Zaki,M,,2025-06-23
23884,EG00023884,Eman,Rashad,S,Female,2023-07-25
23885,EG00023885,Marwa,Fouad,S,f,2023-07-23
23886,EG00023886,Omar,Zaki,,m,2024-05-01
23887,EG00023887,Ibrahim,Zaki,S,M,2025-04-05
23888,EG00023888,Hassan,Shawky,S,M,2022-11-10
23889,EG00023889,Marwa,Nabil,M,,2023-12-17
23890,EG00023890,Nour,Hassan,married,,2022-10-06
23891,EG00023891,Khaled,Mahmoud,S,,2023-11-18
23892,EG00023892,Marwa,Ibrahim,S,,2022-03-13
23893,EG00023893,Karim,Hamdy,M,M,2023-03-13
23894,EG00023894, Rana,El-Masry,single,f,2023-08-06
23895,EG00023895,Aliaa,Ezzat,married,F,2022-09-24
23896,EG00023896,Amr,Rashad,married,m,2025-02-15
23897,EG00023897,Shaimaa,Mahmoud,S,Female,2023-12-12
23898,EG00023898,Marwa,Shawky,S,Female,2022-06-13
23899,EG00023899,Mahmoud,Rashad,M,M,2022-12-17
23900,EG00023900, Hend,Tolba,married,Female,2024-03-09
23901,EG00023901,Rana,Rashad,single,Female,2024-07-08
23902,EG00023902, Ibrahim,Kamel ,M,m,2025-06-17
23903,EG00023903,Fatma,El-Sayed,S,f,2024-06-04
23904,EG00023904,Marwa,Farid,M,,2025-01-21
23905,EG00023905,Yasmin,Farid,married,Female,2023-01-17
23906,EG00023906,Yasmin,Saad,S,f,2022-11-03
23907,EG00023907,Sameh,El-Masry,S,,2022-06-13
23908,EG00023908,Mostafa,El-Sayed,M,Male,2025-07-30
23909,EG00023909,Mona,El-Masry,M,f,2025-08-24
23910,EG00023910,Hany,El-Masry,S,Male,2023-11-09
23911,EG00023911,Ibrahim,Saad,M,M,2022-09-15
23912,EG00023912,Dina,Kamel,married,,2022-02-16
23913,EG00023913, Rana,Fouad,M,Female,2023-12-02
23914,EG00023914,Salma,Farid,single,f,2025-03-31
23915,EG00023915,Aliaa,Mahmoud ,M,F,2024-01-07
23916,EG00023916,Salma,Shawky,,,2023-12-05
23917,EG00023917,Doaa,Ibrahim,,Female,2024-06-02
23918,EG00023918,Dina,Fathy,married,F,2022-11-30
23919,EG00023919,Shaimaa,Zaki,single,,2022-03-01
23920,EG00023920,Mostafa,El-Sayed,S,Male,2022-11-23
23921,EG00023921,Aya,Mahmoud ,,Female,2023-02-27
23922,EG00023922,Youssef,Kamel ,married,m,2025-03-25
23923,EG00023923,Omar,Abdel Rahman,S,,2022-10-22
23924,EG00023924,Khaled,Ezzat,S,M,2022-03-20
23925,EG00023925,Omar,Ezzat,S,m,2023-10-30
23926,EG00023926,Aliaa,Ibrahim,M,f,2024-11-13
23927,EG00023927,Fatma,Gaber,M,Female,2024-08-05
23928,EG00023928,Mona,El-Masry,,Female,2024-01-24
23929,EG00023929,Ibrahim,Gaber,single,,2022-10-02
23930,EG00023930,Hany,Ali,married,Male,2022-06-02
23931,EG00023931,Ayman,Ezzat,M,Male,2022-10-21
23932,EG00023932,Hany,Saad,married,M,2024-03-18
23933,EG00023933,Nour,Hassan,S,Female,2024-02-06
23934,EG00023934,Salma,Nabil ,M,F,2025-09-23
23935,EG00023935,Wael,Shawky,M,m,2022-02-22
23936,EG00023936,Tarek,Mahmoud,single,m,2022-12-19
23937,EG00023937,Mahmoud,Nabil,single,m,2025-04-08
23938,EG00023938,Mostafa,Abdel Rahman,married,M,2025-03-25
23939,EG00023939,Fatma,El-Sayed ,,F,2024-01-11
23940,EG00023940,Sherif,El-Masry,S,M,2023-08-02
23941,EG00023941, Doaa,Fouad,single,f,2022-11-12
23942,EG00023942, Salma,Farid,,F,2022-08-22
23943,EG00023943,Tarek,Abdel Rahman,S,,2022-05-21
23944,EG00023944,Amr,Zaki,single,m,2024-08-03
23945,EG00023945, Shaimaa,Farid,S,f,2022-08-26
23946,EG00023946,Karim,Ibrahim,single,m,2024-10-26
23947,EG00023947, Khaled,Mahmoud,S,M,2022-11-30
23948,EG00023948,Adel,Rashad,,,2024-04-24
23949,EG00023949,Mona,El-Sayed,S,F,2024-11-16
23950,EG00023950,Youssef,Fathy,,m,2022-07-12
23951,EG00023951,Yasmin,Abdel Rahman,single,,2024-09-28
23952,EG00023952,Tarek,Hassan ,married,m,2025-01-27
23953,EG00023953,Ayman,Ali,M,Male,2022-03-15
23954,EG00023954,Mariam,Ali,M,F,2023-05-25
23955,EG00023955,Aya,Tolba ,M,F,2023-06-09
23956,EG00023956, Nourhan,Ezzat,M,Female,2022-11-11
23957,EG00023957,Aliaa,Kamel,married,f,2022-08-29
23958,EG00023958,Mariam,Fathy,,F,2022-07-10
23959,EG00023959,Ibrahim,Hamdy,M,,2023-02-26
23960,EG00023960,Mostafa,Shawky ,S,Male,2024-04-04
23961,EG00023961,Nourhan,Zaki,married,f,2023-03-23
23962,EG00023962,Sara,Ibrahim,S,F,2022-02-24
23963,EG00023963,Fatma,Fouad,M,f,2023-01-09
23964,EG00023964,Tarek,Fathy,M,Male,2024-12-30
23965,EG00023965,Salma,Nabil,,f,2025-06-30
23966,EG00023966,Khaled,Hamdy,married,,2023-01-17
23967,EG00023967,Sameh,Gaber,M,Male,2025-02-01
23968,EG00023968,Aya,Ezzat,M,F,2025-03-25
23969,EG00023969,Mariam,Fathy,M,f,2024-05-27
23970,EG00023970,Shaimaa,Rashad,M,f,2024-03-22
23971,EG00023971,Karim,Abdel Rahman ,single,m,2024-04-22
23972,EG00023972,Aliaa,Ezzat,married,Female,2024-11-25
23973,EG00023973, Radwa,Fouad,married,F,2022-09-24
23974,EG00023974, Ali,Abdel Rahman,M,,2024-09-11
23975,EG00023975,Sara,Ali,S,F,2022-08-16
23976,EG00023976,Aya,Hassan,S,Female,2023-03-15
23977,EG00023977,Fatma,Hassan,S,Female,2024-03-02
23978,EG00023978, Amr,Shawky,M,,2022-02-15
23979,EG00023979,Reem,Gaber,S,Female,2022-12-26
23980,EG00023980,Marwa,Abdel Rahman,married,f,2024-10-20
23981,EG00023981,Fatma,Fouad,married,Female,2025-07-18
23982,EG00023982,Aya,Gaber,M,,2022-02-28
23983,EG00023983,Khaled,Ibrahim ,M,m,2022-11-08
23984,EG00023984,Yasmin,Abdel Rahman,,,2023-07-01
23985,EG00023985,Omar,Hamdy,M,m,2024-12-31
23986,EG00023986,Sara,Tolba,M,F,2025-04-14
23987,EG00023987,Hassan,Ibrahim,S,,2024-01-09
23988,EG00023988, Adel,Ali,single,Male,2022-02-09
23989,EG00023989,Hassan,Saad,M,,2024-08-07
23990,EG00023990,Ahmed,Farid,,Male,2025-09-15
23991,EG00023991,Nour,Nabil,S,Female,2023-08-07
23992,EG00023992,Hend,Tolba,S,,2023-12-26
23993,EG00023993,Yasmin,El-Masry,S,F,2024-04-29
23994,EG00023994,Hany,Fathy,single,Male,2023-10-16
23995,EG00023995,Khaled,Gaber,single,m,2025-02-02
23996,EG00023996,Mahmoud,Farid,,,2022-07-06
23997,EG00023997,Mohamed,Hassan,S,m,2025-06-29
23998,EG00023998,Reem,Hamdy ,single,f,2022-03-25
23999,EG00023999,Eman,Nabil ,married,Female,2022-12-22
24000,EG00024000,Ibrahim,Ezzat,married,m,2025-08-03
24001,EG00024001,Wael,El-Sayed,single,Male,2024-04-10
24002,EG00024002,Eman,Rashad,M,,2023-10-30
24003,EG00024003,Aya,Hamdy,married,F,2023-12-01
24004,EG00024004,Youssef,Saad,S,Male,2022-05-30
24005,EG00024005,Wael,Tolba,S,M,2023-09-08
24006,EG00024006,Aya,Fouad,S,f,2022-05-04
24007,EG00024007,Mona,Nabil,married,,2023-03-12
24008,EG00024008,Rana,Abdel Rahman,M,Female,2025-02-19
24009,EG00024009, Aliaa,Ibrahim,S,f,2023-11-29
24010,EG00024010,Mahmoud,Gaber,married,M,2025-02-01
24011,EG00024011,Mahmoud,Shawky,S,,2025-09-25
24012,EG00024012,Hend,Ibrahim,single,f,2025-01-29
24013,EG00024013,Ashraf,Ezzat,M,m,2022-08-11
24014,EG00024014,Ahmed,Fathy,S,M,2024-07-04
24015,EG00024015,Khaled,El-Masry ,single,,2024-06-09
24016,EG00024016,Mahmoud,Mahmoud,married,M,2025-03-14
24017,EG00024017,Hassan,Saad,single,,2024-10-04
24018,EG00024018,Shaimaa,Hamdy,M,,2023-12-13
24019,EG00024019,Wael,Nabil,S,,2023-10-11
24020,EG00024020,Yasmin,Farid,S,F,2025-05-09
24021,EG00024021,Sameh,Ali,M,,2025-03-28
24022,EG00024022,Mariam,Mahmoud,M,f,2022-05-05
24023,EG00024023,Mostafa,El-Sayed,M,M,2023-03-20
24024,EG00024024,Ali,Fouad,S,,2023-04-02
24025,EG00024025,Ahmed,Zaki,M,Male,2022-03-22
24026,EG00024026, Dina,Gaber,M,f,2023-07-11
24027,EG00024027,Nourhan,El-Masry,single,f,2024-09-14
24028,EG00024028,Mohamed,Ezzat,M,,2025-05-14
24029,EG00024029,Amr,Kamel,S,m,2022-11-03
24030,EG00024030,Nourhan,El-Sayed,M,,2022-10-14
24031,EG00024031,Wael,El-Sayed,M,M,2022-03-14
24032,EG00024032,Khaled,El-Masry,single,M,2022-01-15
24033,EG00024033,Yasmin,Fathy,M,,2022-01-23
24034,EG00024034,Heba,Fathy,single,F,2025-07-18
24035,EG00024035,Adel,Fouad,S,m,2024-01-08
24036,EG00024036,Shaimaa,Ibrahim,S,Female,2022-08-21
24037,EG00024037,Hend,Tolba,single,,2023-08-29
24038,EG00024038,Mona,Nabil,M,F,2024-01-23
24039,EG00024039,Shaimaa,Abdel Rahman,M,Female,2022-03-03
24040,EG00024040,Heba,Kamel,single,,2024-12-05
24041,EG00024041,Doaa,Fathy,,f,2025-07-25
24042,EG00024042,Khaled,Zaki,M,m,2023-03-09
24043,EG00024043,Sherif,Ibrahim ,,Male,2025-04-06
24044,EG00024044,Mona,Ezzat,single,F,2022-09-19
24045,EG00024045,Mariam,Shawky,single,,2025-07-30
24046,EG00024046,Ali,Hamdy,M,,2022-07-11
24047,EG00024047,Eman,Tolba,M,Female,2025-06-14
24048,EG00024048,Ahmed,Abdel Rahman,M,,2024-02-20
24049,EG00024049,Karim,Ali,M,m,2024-06-23
24050,EG00024050,Heba,Tolba,,Female,2025-06-13
24051,EG00024051, Doaa,Nabil,S,Female,2023-08-09
24052,EG00024052,Mona,Farid,M,F,2024-08-20
24053,EG00024053,Sameh,El-Masry ,single,M,2022-02-02
24054,EG00024054,Hany,Fathy,single,m,2023-12-20
24055,EG00024055,Aliaa,Fathy,M,f,2023-08-07
24056,EG00024056,Aya,Tolba,M,,2022-01-11
24057,EG00024057, Ashraf,Ali ,,,2024-03-22
24058,EG00024058,Hany,Fathy,M,Male,2023-09-16
24059,EG00024059,Shaimaa,Tolba,M,Female,2025-06-11
24060,EG00024060,Aya,Hassan,S,F,2025-05-12
24061,EG00024061,Wael,Ali,married,Male,2025-07-31
24062,EG00024062,Ahmed,Nabil,M,Male,2024-05-07
24063,EG00024063,Eman,Nabil,M,f,2025-01-10
24064,EG00024064,Shaimaa,Mahmoud,single,Female,2022-09-25
24065,EG00024065,Ibrahim,Shawky,S,m,2024-06-25
24066,EG00024066, Aliaa,Hamdy,married,f,2024-06-30
24067,EG00024067,Dina,Fouad,M,Female,2025-06-21
24068,EG00024068,Sameh,Mahmoud,S,m,2023-05-06
24069,EG00024069,Sameh,Tolba,M,Male,2024-03-16
24070,EG00024070,Hassan,Abdel Rahman,S,Male,2024-12-18
24071,EG00024071,Doaa,Gaber ,married,F,2023-12-30
24072,EG00024072,Sara,Abdel Rahman ,,F,2023-03-06
24073,EG00024073,Salma,Farid,S,Female,2025-04-18
24074,EG00024074,Amr,El-Masry,M,,2025-04-08
24075,EG00024075, Youssef,Farid,married,Male,2022-04-01
24076,EG00024076,Ashraf,Shawky,,,2024-10-26
24077,EG00024077, Ashraf,Mahmoud,S,Male,2024-12-03
24078,EG00024078,Amr,Fathy,M,,2022-01-03
24079,EG00024079,Khaled,Saad,married,M,2022-12-09
24080,EG00024080,Radwa,Fathy ,S,F,2023-01-13
24081,EG00024081, Mona,Hamdy,S,F,2024-02-28
24082,EG00024082,Ayman,Nabil,S,m,2024-04-01
24083,EG00024083,Sara,Ezzat,single,f,2025-03-26
24084,EG00024084, Shaimaa,Hamdy,single,,2022-06-07
24085,EG00024085, Mariam,Rashad,M,f,2022-11-30
24086,EG00024086,Mariam,El-Masry,,,2022-06-21
24087,EG00024087,Ashraf,Abdel Rahman,married,m,2023-07-27
24088,EG00024088, Rana,Kamel,married,Female,2022-03-26
24089,EG00024089,Amr,El-Masry ,M,,2024-01-14
24090,EG00024090,Nourhan,Kamel,S,,2024-03-29
24091,EG00024091,Youssef,El-Sayed,single,m,2022-03-09
24092,EG00024092,Mohamed,Shawky,S,,2023-10-14
24093,EG00024093, Fatma,El-Sayed,S,F,2025-01-15
24094,EG00024094,Omar,Kamel,married,m,2025-06-12
24095,EG00024095,Amr,Mahmoud,married,,2025-04-04
24096,EG00024096,Mohamed,Farid,married,Male,2025-09-19
24097,EG00024097,Doaa,Farid,single,F,2022-02-11
24098,EG00024098,Nour,Tolba,S,Female,2024-01-06
24099,EG00024099, Sherif,El-Sayed,S,m,2024-05-14
24100,EG00024100,Sameh,Ali,S,M,2023-06-03
24101,EG00024101,Hend,Mahmoud,single,,2022-07-29
24102,EG00024102,Sara,Rashad,,Female,2023-06-24
24103,EG00024103, Eman,Ezzat,,Female,2024-10-24
24104,EG00024104,Mostafa,Kamel,S,,2024-06-04
24105,EG00024105,Ayman,Rashad,single,M,2024-09-24
24106,EG00024106,Yasmin,Zaki ,M,F,2023-08-18
24107,EG00024107,Aliaa,Hamdy,married,f,2025-07-08
24108,EG00024108,Aliaa,Shawky,,Female,2023-02-04
24109,EG00024109,Omar,Shawky,M,m,2024-12-10
24110,EG00024110,Nour,El-Masry,M,Female,2025-04-07
24111,EG00024111,Karim,Shawky,M,M,2022-09-05
24112,EG00024112,Nourhan,Kamel,M,F,2023-01-24
24113,EG00024113,Doaa,Saad,M,,2024-09-16
24114,EG00024114,Omar,Shawky,M,,2023-08-28
24115,EG00024115,Mahmoud,Hassan,M,m,2023-02-27
24116,EG00024116,Karim,Gaber,M,Male,2022-11-07
24117,EG00024117, Nourhan,Mahmoud,married,Female,2025-05-14
24118,EG00024118,Fatma,Hamdy,married,F,2023-11-27
24119,EG00024119,Ahmed,Ezzat,S,m,2022-06-29
24120,EG00024120,Omar,Saad,S,Male,2025-06-08
24121,EG00024121,Tarek,Kamel,single,M,2022-01-14
24122,EG00024122,Karim,Tolba,single,m,2022-08-12
24123,EG00024123,Fatma,Fouad,,,2024-11-14
24124,EG00024124,Hassan,Fathy,married,,2025-04-26
24125,EG00024125,Tarek,Mahmoud ,S,,2024-12-23
24126,EG00024126,Khaled,Hassan,,M,2024-10-25
24127,EG00024127,Ahmed,Mahmoud,M,Male,2022-11-30
24128,EG00024128,Mona,Hamdy,married,,2023-03-21
24129,EG00024129,Mona,Saad,married,Female,2022-09-19
24130,EG00024130,Heba,Nabil,M,f,2024-10-08
24131,EG00024131,Ibrahim,Nabil,single,Male,2023-02-19
24132,EG00024132,Nour,Hassan,single,f,2025-02-07
24133,EG00024133,Ibrahim,Mahmoud,S,m,2025-02-08
24134,EG00024134,Sameh,El-Masry,M,,2024-08-26
24135,EG00024135,Nourhan,Shawky,,,2023-09-05
24136,EG00024136, Marwa,Hamdy,S,,2023-10-04
24137,EG00024137,Youssef,Fathy,S,m,2022-07-30
24138,EG00024138,Yasmin,Shawky,S,,2023-08-29
24139,EG00024139,Hassan,Fouad,S,M,2024-03-04
24140,EG00024140,Hassan,Nabil,married,,2023-09-19
24141,EG00024141,Aliaa,Nabil,S,,2022-07-18
24142,EG00024142,Sherif,Abdel Rahman,S,,2022-12-04
24143,EG00024143, Doaa,Hamdy ,S,f,2025-07-20
24144,EG00024144,Dina,Nabil,S,Female,2025-02-03
24145,EG00024145,Fatma,Saad ,M,,2022-04-20
24146,EG00024146,Omar,Ezzat,,Male,2023-03-22
24147,EG00024147,Hend,Abdel Rahman,S,F,2023-03-08
24148,EG00024148,Omar,El-Sayed,,Male,2023-06-25
24149,EG00024149,Hany,Ibrahim,S,Male,2024-12-11
24150,EG00024150,Ali,Rashad,single,,2023-06-08
24151,EG00024151,Hany,Ibrahim,married,Male,2024-04-03
24152,EG00024152,Ahmed,Hamdy,M,m,2022-09-04
24153,EG00024153,Adel,Kamel,M,,2025-01-05
24154,EG00024154,Wael,Rashad,M,,2023-06-20
24155,EG00024155,Ayman,Fathy ,S,Male,2025-08-11
24156,EG00024156,Eman,El-Sayed ,M,,2025-09-13
24157,EG00024157,Sara,Fouad,S,f,2023-02-19
24158,EG00024158,Aya,Fathy,single,Female,2025-03-30
24159,EG00024159,Omar,Saad,married,,2023-12-21
24160,EG00024160,Karim,Fouad ,M,m,2024-08-15
24161,EG00024161,Wael,Ibrahim,M,,2023-06-01
24162,EG00024162,Youssef,Farid,S,Male,2025-03-18
24163,EG00024163,Rana,Hassan,married,f,2022-08-02
24164,EG00024164,Mostafa,Fathy,,,2022-12-30
24165,EG00024165,Nourhan,Hamdy,M,Female,2025-03-09
24166,EG00024166,Sherif,Rashad,married,Male,2022-07-02
24167,EG00024167, Aya,Zaki,married,F,2025-01-26
24168,EG00024168,Rana,Farid,M,f,2025-05-29
24169,EG00024169, Wael,Shawky,S,M,2022-06-03
24170,EG00024170, Khaled,Zaki,S,Male,2023-08-03
24171,EG00024171,Amr,Farid,M,M,2023-06-20
24172,EG00024172,Youssef,Ibrahim,M,M,2024-02-27
24173,EG00024173, Aliaa,Zaki,married,F,2023-12-03
24174,EG00024174,Dina,Saad ,M,,2024-08-03
24175,EG00024175,Ali,Hamdy ,single,,2022-08-31
24176,EG00024176,Mahmoud,Fathy,M,m,2022-04-28
24177,EG00024177,Marwa,Shawky,M,Female,2024-01-14
24178,EG00024178,Nour,Ezzat,,f,2022-11-18
24179,EG00024179, Aliaa,Ibrahim,S,F,2024-08-13
24180,EG00024180,Heba,El-Sayed,S,,2024-11-06
24181,EG00024181,Hend,Saad,single,,2022-05-09
24182,EG00024182,Sameh,Gaber,S,,2024-09-07
24183,EG00024183,Heba,Fathy,S,,2022-04-15
24184,EG00024184,Ali,Fathy,M,,2023-12-20
24185,EG00024185,Aya,Gaber,M,,2025-06-21
24186,EG00024186,Eman,Fouad,S,Female,2025-07-10
24187,EG00024187,Hassan,Hamdy,single,M,2025-07-31
24188,EG00024188,Hassan,Ibrahim,M,m,2025-05-14
24189,EG00024189,Adel,Fouad,,,2023-10-07
24190,EG00024190,Ayman,Fouad ,M,Male,2023-07-27
24191,EG00024191, Wael,Saad,M,m,2024-12-28
24192,EG00024192,Nourhan,Tolba,S,f,2024-04-13
24193,EG00024193, Salma,Saad,married,F,2024-08-30
24194,EG00024194, Hany,Fathy,S,M,2023-12-22
24195,EG00024195,Ali,Fathy,S,M,2023-10-06
24196,EG00024196,Mohamed,Kamel,married,,2025-07-17
24197,EG00024197,Heba,Fathy,M,Female,2025-08-19
24198,EG00024198,Aya,Shawky,M,f,2022-10-07
24199,EG00024199,Heba,Tolba,S,f,2022-04-20
24200,EG00024200,Fatma,Mahmoud ,single,,2024-06-12
24201,EG00024201, Wael,Rashad,S,M,2024-03-13
24202,EG00024202,Marwa,Fouad,,,2023-02-19
24203,EG00024203,Khaled,Ibrahim,M,Male,2024-07-04
24204,EG00024204,Aya,El-Masry,S,F,2023-12-06
24205,EG00024205,Mostafa,Mahmoud,single,,2024-12-17
24206,EG00024206,Reem,Farid ,S,F,2022-11-24
24207,EG00024207,Khaled,Shawky,,M,2022-09-18
24208,EG00024208,Wael,Hamdy,,Male,2022-07-29
24209,EG00024209,Khaled,El-Masry,S,Male,2024-10-31
24210,EG00024210, Wael,Tolba ,married,,2025-08-06
24211,EG00024211,Nour,Ibrahim,M,F,2024-07-20
24212,EG00024212,Adel,Nabil,,m,2022-01-22
24213,EG00024213,Hassan,Saad,M,,2023-11-04
24214,EG00024214,Mariam,Nabil,M,f,2024-11-18
24215,EG00024215,Ayman,Ibrahim,,m,2025-09-20
24216,EG00024216,Aya,Abdel Rahman ,M,Female,2025-07-02
24217,EG00024217,Aya,Fouad,single,Female,2025-04-18
24218,EG00024218,Ahmed,Fathy,S,,2025-07-06
24219,EG00024219,Hend,Ibrahim,M,,2025-06-22
24220,EG00024220,Omar,Ezzat,single,M,2022-09-24
24221,EG00024221,Nourhan,Fathy,married,f,2023-05-19
24222,EG00024222,Nourhan,Ezzat ,M,F,2024-06-20
24223,EG00024223,Sherif,Fouad,married,m,2024-08-06
24224,EG00024224, Mahmoud,Ibrahim,single,Male,2023-03-17
24225,EG00024225, Adel,Gaber,M,M,2025-09-22
24226,EG00024226,Mohamed,Shawky,S,Male,2024-12-18
24227,EG00024227,Mohamed,Tolba,S,Male,2024-12-22
24228,EG00024228,Aliaa,Fathy,married,,2025-05-13
24229,EG00024229,Heba,Tolba,M,Female,2023-11-06
24230,EG00024230,Dina,Saad,S,f,2024-09-22
24231,EG00024231,Amr,Saad,S,m,2025-04-16
24232,EG00024232,Nour,Saad,S,,2024-05-07
24233,EG00024233,Ibrahim,Gaber,,M,2025-03-23
24234,EG00024234,Doaa,Gaber,,,2024-03-04
24235,EG00024235,Ibrahim,Ibrahim,,Male,2025-04-13
24236,EG00024236,Ibrahim,Ibrahim,S,Male,2024-04-13
24237,EG00024237,Sara,Abdel Rahman ,married,,2025-05-04
24238,EG00024238,Mona,Ezzat,M,Female,2023-11-13
24239,EG00024239,Mohamed,Saad,M,,2024-06-17
24240,EG00024240,Salma,Hamdy,M,,2023-07-11
24241,EG00024241,Eman,El-Sayed,S,f,2023-03-21
24242,EG00024242,Yasmin,Nabil,M,,2025-05-05
24243,EG00024243, Doaa,Mahmoud ,S,Female,2024-01-16
24244,EG00024244,Shaimaa,Nabil,M,Female,2022-08-05
24245,EG00024245,Hend,Kamel,married,,2025-09-11
24246,EG00024246,Nour,Kamel,S,F,2022-12-12
24247,EG00024247,Hend,Hamdy,S,,2023-09-09
24248,EG00024248,Karim,Kamel,M,Male,2023-02-09
24249,EG00024249,Tarek,Ezzat,M,Male,2022-07-31
24250,EG00024250,Sara,Mahmoud,S,f,2023-08-17
24251,EG00024251,Mona,Zaki,S,,2023-01-19
24252,EG00024252,Mostafa,Rashad,M,Male,2025-09-09
24253,EG00024253,Hend,Farid,married,Female,2022-01-16
24254,EG00024254, Eman,Hassan,single,F,2023-08-25
24255,EG00024255, Youssef,El-Masry,single,,2025-02-19
24256,EG00024256,Rana,Hassan,,f,2023-04-02
24257,EG00024257,Shaimaa,Shawky,,f,2022-05-21
24258,EG00024258,Sara,Saad,,Female,2025-08-16
24259,EG00024259,Youssef,Mahmoud,,m,2025-05-08
24260,EG00024260,Youssef,Ali,S,m,2024-04-11
24261,EG00024261,Sara,Mahmoud,single,f,2023-03-21
24262,EG00024262,Dina,El-Masry,S,f,2025-01-17
24263,EG00024263,Marwa,El-Sayed,S,f,2024-12-17
24264,EG00024264,Salma,Hamdy,M,,2024-06-04
24265,EG00024265,Dina,Fouad,single,F,2025-01-18
24266,EG00024266,Tarek,Saad,M,,2024-06-09
24267,EG00024267,Radwa,Fouad,S,Female,2022-03-03
24268,EG00024268,Aliaa,Rashad,M,,2025-05-12
24269,EG00024269,Hend,Abdel Rahman,S,F,2025-01-30
24270,EG00024270,Aliaa,Nabil,S,,2024-12-14
24271,EG00024271,Fatma,Nabil,married,f,2025-03-11
24272,EG00024272,Dina,Hassan,M,,2023-09-29
24273,EG00024273,Amr,Zaki,single,,2025-04-09
24274,EG00024274,Adel,Tolba,,,2024-03-10
24275,EG00024275,Marwa,Hassan,,f,2022-10-12
24276,EG00024276,Khaled,Kamel,M,m,2022-04-18
24277,EG00024277,Hany,Fathy,married,Male,2022-04-20
24278,EG00024278,Fatma,Fathy,S,Female,2024-10-12
24279,EG00024279,Mohamed,Fouad,M,Male,2024-07-09
24280,EG00024280,Mona,Hamdy,S,F,2023-12-24
24281,EG00024281,Fatma,Kamel,M,,2023-06-19
24282,EG00024282,Doaa,Fouad,M,f,2024-08-14
24283,EG00024283, Sherif,Farid,S,m,2023-05-30
24284,EG00024284, Rana,Mahmoud,single,,2024-06-26
24285,EG00024285,Aliaa,Ali,M,Female,2022-06-19
24286,EG00024286,Ashraf,Saad,S,Male,2024-04-17
24287,EG00024287,Nour,Abdel Rahman,,Female,2022-04-12
24288,EG00024288,Hassan,Fathy,single,,2024-05-16
24289,EG00024289,Heba,El-Sayed,single,F,2023-07-26
24290,EG00024290,Amr,Fathy ,S,M,2024-10-02
24291,EG00024291,Mohamed,Ezzat,,Male,2023-12-17
24292,EG00024292,Salma,Tolba,,F,2023-11-15
24293,EG00024293,Wael,Ibrahim,,,2022-07-15
24294,EG00024294,Tarek,Fathy,married,m,2022-04-02
24295,EG00024295,Mariam,El-Masry,single,Female,2022-09-10
24296,EG00024296, Mohamed,Farid,M,m,2022-08-11
24297,EG00024297,Shaimaa,Tolba,M,,2022-08-14
24298,EG00024298,Aliaa,Abdel Rahman,S,f,2022-06-19
24299,EG00024299,Hany,Nabil ,M,,2024-04-22
24300,EG00024300,Nourhan,Mahmoud,S,,2023-12-30
24301,EG00024301,Marwa,Ibrahim,M,Female,2023-11-11
24302,EG00024302,Yasmin,Farid,S,f,2024-04-09
24303,EG00024303,Sara,Kamel,S,F,2023-12-31
24304,EG00024304, Shaimaa,El-Masry,S,,2022-06-05
24305,EG00024305,Mahmoud,Hassan ,M,,2025-05-11
24306,EG00024306,Mahmoud,Abdel Rahman,,m,2023-04-19
24307,EG00024307,Sherif,Fouad,single,Male,2022-06-17
24308,EG00024308,Reem,El-Masry,,Female,2023-01-21
24309,EG00024309,Omar,Saad,M,,2023-06-27
24310,EG00024310,Marwa,Gaber,single,F,2025-03-20
24311,EG00024311,Karim,Mahmoud,single,M,2023-10-24
24312,EG00024312, Shaimaa,Saad,S,f,2023-01-25
24313,EG00024313,Nourhan,Ezzat,M,f,2023-05-03
24314,EG00024314,Ibrahim,El-Masry,S,m,2024-08-11
24315,EG00024315,Ahmed,Tolba,S,,2023-06-24
24316,EG00024316, Hany,Hamdy,S,,2022-01-22
24317,EG00024317, Aliaa,Mahmoud,single,f,2025-02-04
24318,EG00024318,Amr,Tolba ,single,Male,2024-02-19
24319,EG00024319,Hany,Shawky,S,M,2024-10-07
24320,EG00024320, Ashraf,Abdel Rahman,S,Male,2024-01-14
24321,EG00024321,Ali,Zaki,single,M,2024-09-26
24322,EG00024322,Ali,Nabil ,,Male,2023-09-07
24323,EG00024323,Ali,Ezzat,S,Male,2022-11-02
24324,EG00024324,Eman,Fathy,S,,2024-02-22
24325,EG00024325,Mariam,Tolba,S,,2025-01-06
24326,EG00024326,Hend,Kamel,M,F,2025-04-04
24327,EG00024327,Mostafa,Ibrahim,married,,2022-05-13
24328,EG00024328,Adel,Farid,single,M,2022-02-24
24329,EG00024329,Mostafa,Ibrahim ,S,M,2025-02-12
24330,EG00024330, Hany,Mahmoud,M,,2024-04-11
24331,EG00024331,Sameh,Ibrahim,single,,2024-08-10
24332,EG00024332, Radwa,Mahmoud,M,f,2024-02-29
24333,EG00024333,Omar,Ali,single,,2023-09-19
24334,EG00024334,Mariam,El-Masry,,Female,2024-03-10
24335,EG00024335,Ashraf,El-Sayed,married,M,2023-02-24
24336,EG00024336,Nourhan,Abdel Rahman,,,2023-08-02
24337,EG00024337, Sherif,Mahmoud,M,,2023-06-29
24338,EG00024338,Radwa,Fathy,M,F,2024-09-30
24339,EG00024339,Aya,Saad,M,,2025-05-28
24340,EG00024340,Sherif,Zaki,S,Male,2023-03-19
24341,EG00024341,Sherif,Shawky,married,M,2022-12-30
24342,EG00024342,Yasmin,Mahmoud,S,,2023-06-05
24343,EG00024343,Eman,Ali,S,F,2025-03-10
24344,EG00024344,Eman,Tolba,single,F,2023-03-12
24345,EG00024345,Khaled,Rashad,S,,2024-12-22
24346,EG00024346,Sameh,El-Masry,married,Male,2022-12-31
24347,EG00024347,Rana,Mahmoud,married,,2023-06-04
24348,EG00024348, Marwa,Ali,M,f,2023-08-18
24349,EG00024349,Nour,Hamdy,married,f,2022-10-09
24350,EG00024350,Youssef,Hamdy,S,M,2023-05-16
24351,EG00024351,Aliaa,Ezzat,S,Female,2023-10-29
24352,EG00024352,Radwa,El-Masry,M,Female,2023-02-22
24353,EG00024353,Karim,Nabil,M,Male,2023-05-23
24354,EG00024354,Youssef,Gaber ,,m,2024-07-29
24355,EG00024355,Mohamed,Zaki ,married,m,2024-02-19
24356,EG00024356,Aliaa,Ezzat,,Female,2023-02-08
24357,EG00024357,Ashraf,Ali,married,,2022-01-10
24358,EG00024358,Reem,Ibrahim,M,Female,2023-06-29
24359,EG00024359, Mohamed,Hassan,M,,2023-06-18
24360,EG00024360,Sherif,Fouad,S,M,2024-12-10
24361,EG00024361,Sameh,Rashad,,M,2023-03-15
24362,EG00024362,Ashraf,Abdel Rahman,S,m,2024-12-18
24363,EG00024363, Marwa,Hassan,M,F,2023-01-22
24364,EG00024364,Aliaa,Ezzat,married,,2023-08-10
24365,EG00024365,Ali,El-Sayed,S,Male,2024-05-02
24366,EG00024366,Ahmed,El-Sayed,S,Male,2024-03-08
24367,EG00024367,Karim,Abdel Rahman ,married,M,2024-06-29
24368,EG00024368,Tarek,Abdel Rahman,S,Male,2023-06-15
24369,EG00024369,Sara,Mahmoud,M,F,2022-04-16
24370,EG00024370, Eman,Ezzat,M,F,2023-06-16
24371,EG00024371,Mahmoud,Ibrahim,single,M,2024-09-25
24372,EG00024372,Nourhan,Hassan ,,Female,2024-06-12
24373,EG00024373,Fatma,Saad,S,F,2023-01-28
24374,EG00024374,Amr,Farid,S,m,2024-11-26
24375,EG00024375,Doaa,Hassan,married,Female,2025-02-04
24376,EG00024376, Hany,Zaki,M,m,2025-03-04
24377,EG00024377,Ibrahim,El-Sayed,M,m,2022-06-25
24378,EG00024378,Omar,Nabil,,Male,2024-10-28
24379,EG00024379,Tarek,Ali,M,Male,2024-03-23
24380,EG00024380,Ashraf,Ali,S,m,2022-01-12
24381,EG00024381, Mahmoud,Ibrahim,S,m,2022-04-16
24382,EG00024382,Salma,Farid,,,2024-04-05
24383,EG00024383,Doaa,Nabil,M,,2023-01-18
24384,EG00024384,Khaled,Shawky,,M,2024-05-02
24385,EG00024385,Aya,Tolba,S,f,2022-11-03
24386,EG00024386,Adel,Ibrahim ,S,Male,2022-10-09
24387,EG00024387,Omar,Ezzat,married,m,2023-04-28
24388,EG00024388,Rana,Rashad,S,f,2022-10-30
24389,EG00024389,Nourhan,El-Sayed,S,f,2022-11-20
24390,EG00024390,Karim,Gaber,married,Male,2022-11-22
24391,EG00024391,Adel,Farid ,M,,2024-02-28
24392,EG00024392,Tarek,Kamel,single,,2025-08-03
24393,EG00024393,Nourhan,El-Masry,single,,2024-09-23
24394,EG00024394,Youssef,Mahmoud,married,Male,2022-04-17
24395,EG00024395,Khaled,Fathy,S,M,2022-02-08
24396,EG00024396,Yasmin,Nabil,M,Female,2023-07-21
24397,EG00024397,Mostafa,Ezzat ,single,m,2025-04-30
24398,EG00024398,Wael,Farid,single,m,2025-04-04
24399,EG00024399,Rana,Abdel Rahman ,,f,2024-11-13
24400,EG00024400,Ali,Fathy,married,,2025-01-29
24401,EG00024401,Marwa,Ibrahim,S,Female,2023-01-05
24402,EG00024402,Sherif,Hamdy,,Male,2025-03-31
24403,EG00024403,Youssef,Hassan,,m,2022-06-15
24404,EG00024404,Ibrahim,Abdel Rahman,S,Male,2022-01-15
24405,EG00024405,Mariam,El-Masry ,,Female,2025-03-05
24406,EG00024406,Eman,Zaki,M,Female,2024-07-23
24407,EG00024407,Marwa,Farid,married,F,2023-05-02
24408,EG00024408,Ibrahim,Tolba,married,Male,2025-02-05
24409,EG00024409,Mona,Fouad,S,Female,2023-11-21
24410,EG00024410,Amr,Fathy,,M,2023-12-20
24411,EG00024411,Nour,Tolba,S,F,2022-07-23
24412,EG00024412,Ayman,Farid,single,m,2024-05-28
24413,EG00024413,Ali,Ezzat ,married,Male,2022-03-04
24414,EG00024414,Fatma,El-Masry,M,f,2023-05-01
24415,EG00024415,Yasmin,Farid,,,2022-03-22
24416,EG00024416,Mahmoud,Fathy,M,M,2024-06-22
24417,EG00024417,Sameh,Zaki,M,Male,2023-09-22
24418,EG00024418,Reem,Kamel,M,,2023-10-12
24419,EG00024419,Dina,El-Masry,S,Female,2025-05-26
24420,EG00024420,Khaled,Ali,,,2022-11-28
24421,EG00024421,Mohamed,Farid,,Male,2022-02-23
24422,EG00024422, Khaled,Rashad,M,,2023-09-02
24423,EG00024423,Fatma,Mahmoud,,f,2023-09-16
24424,EG00024424,Hassan,Ibrahim,M,Male,2024-05-15
24425,EG00024425,Mostafa,Rashad,married,m,2023-01-12
24426,EG00024426,Tarek,Tolba,married,M,2023-03-06
24427,EG00024427,Ahmed,Fouad,M,Male,2023-03-13
24428,EG00024428,Tarek,Nabil ,S,M,2022-04-03
24429,EG00024429, Tarek,Shawky ,S,M,2023-02-13
24430,EG00024430,Khaled,Gaber,M,Male,2022-09-30
24431,EG00024431,Wael,Kamel,M,Male,2024-05-16
24432,EG00024432,Yasmin,Hassan,S,,2025-02-08
24433,EG00024433,Radwa,Farid,S,F,2023-03-22
24434,EG00024434,Aliaa,Hassan,,F,2024-12-27
24435,EG00024435,Ayman,Hamdy,S,Male,2024-11-03
24436,EG00024436,Dina,Mahmoud ,S,Female,2023-12-01
24437,EG00024437,Marwa,Hassan,married,f,2023-07-29
24438,EG00024438,Adel,Rashad ,,,2023-10-01
24439,EG00024439,Khaled,Ali,S,Male,2025-06-23
24440,EG00024440,Ashraf,Ali,S,m,2025-09-17
24441,EG00024441,Yasmin,Mahmoud,S,f,2023-04-28
24442,EG00024442,Hany,Hassan,S,,2023-04-12
24443,EG00024443, Hend,Hamdy,single,,2025-07-24
24444,EG00024444,Sherif,Fathy,M,M,2023-12-11
24445,EG00024445,Mona,Gaber,S,Female,2022-03-15
24446,EG00024446,Marwa,Tolba,single,f,2025-08-12
24447,EG00024447,Omar,Mahmoud,M,M,2023-07-22
24448,EG00024448,Ayman,Nabil,S,m,2023-08-28
24449,EG00024449,Nour,Hamdy,single,F,2023-07-27
24450,EG00024450,Ahmed,Nabil,S,,2023-06-11
24451,EG00024451,Yasmin,Farid,married,,2022-05-02
24452,EG00024452,Eman,Rashad ,married,F,2022-08-29
24453,EG00024453,Aliaa,Ibrahim,M,F,2023-08-08
24454,EG00024454,Dina,Ibrahim,married,,2025-09-12
24455,EG00024455,Marwa,Tolba,single,Female,2025-05-15
24456,EG00024456,Amr,Mahmoud,,M,2024-08-08
24457,EG00024457,Doaa,Zaki,,f,2023-06-19
24458,EG00024458,Eman,El-Sayed ,married,F,2022-08-04
24459,EG00024459,Mohamed,Hassan,S,m,2022-10-06
24460,EG00024460,Youssef,Fouad,married,Male,2022-07-18
24461,EG00024461,Mahmoud,Hamdy ,married,,2022-04-27
24462,EG00024462,Khaled,Fouad,S,m,2022-11-13
24463,EG00024463,Nourhan,El-Masry,married,Female,2023-03-07
24464,EG00024464, Yasmin,Gaber,M,f,2022-09-10
24465,EG00024465, Ibrahim,Fouad ,,M,2025-08-03
24466,EG00024466, Ahmed,Shawky ,single,,2025-08-23
24467,EG00024467,Mohamed,Mahmoud,S,Male,2023-06-27
24468,EG00024468,Mostafa,Hamdy,single,Male,2023-02-14
24469,EG00024469,Yasmin,Gaber ,married,,2022-08-11
24470,EG00024470,Doaa,Tolba,single,f,2024-04-26
24471,EG00024471,Adel,Fouad,M,,2023-10-11
24472,EG00024472,Ali,Saad,S,M,2024-12-29
24473,EG00024473,Hassan,Zaki,S,M,2023-01-10
24474,EG00024474,Karim,Fathy,M,Male,2024-11-12
24475,EG00024475,Amr,Gaber,,M,2023-11-20
24476,EG00024476, Wael,Gaber,single,M,2025-04-14
24477,EG00024477,Heba,Ezzat,S,f,2024-01-04
24478,EG00024478,Hassan,El-Masry,S,Male,2025-03-04
24479,EG00024479,Aya,Tolba,S,F,2022-04-10
24480,EG00024480,Mariam,Shawky,M,,2023-09-02
24481,EG00024481,Yasmin,Hamdy,M,,2024-08-05
24482,EG00024482,Adel,Ezzat,single,,2022-02-12
24483,EG00024483, Karim,Ali,S,,2022-11-18
24484,EG00024484,Aya,Ezzat,S,F,2024-06-08
24485,EG00024485,Ashraf,Zaki,M,Male,2024-08-17
24486,EG00024486,Hany,Tolba,S,M,2024-09-03
24487,EG00024487,Heba,Ali,M,f,2024-02-01
24488,EG00024488,Khaled,Tolba,,Male,2023-07-02
24489,EG00024489,Hany,Rashad,M,,2022-07-05
24490,EG00024490,Eman,Fouad,S,Female,2025-05-23
24491,EG00024491,Doaa,Ezzat,S,f,2024-07-07
24492,EG00024492,Omar,El-Masry,single,m,2024-06-18
24493,EG00024493,Sameh,Abdel Rahman,single,Male,2022-02-18
24494,EG00024494,Amr,Zaki,single,m,2024-09-01
24495,EG00024495,Nour,Hamdy,single,F,2025-09-26
24496,EG00024496,Sara,Fouad,single,Female,2022-07-23
24497,EG00024497,Mahmoud,Rashad,S,M,2023-12-19
24498,EG00024498,Karim,Kamel,S,,2025-08-23
24499,EG00024499,Reem,Tolba,,f,2024-06-24
24500,EG00024500,Radwa,El-Masry,,f,2023-10-14
24501,EG00024501,Heba,Abdel Rahman,M,f,2022-09-30
24502,EG00024502,Marwa,Fathy,,f,2022-06-13
24503,EG00024503, Nour,Mahmoud,M,,2022-12-05
24504,EG00024504,Hassan,Fathy,single,,2025-03-11
24505,EG00024505,Reem,Fathy ,S,,2023-05-25
24506,EG00024506,Ahmed,Ezzat,,m,2022-05-15
24507,EG00024507,Dina,Ibrahim,S,F,2024-09-02
24508,EG00024508,Khaled,Hamdy,M,M,2022-09-24
24509,EG00024509,Heba,Fouad,,Female,2022-04-16
24510,EG00024510,Hany,Ezzat,single,M,2024-12-12
24511,EG00024511,Mostafa,Rashad ,S,,2022-11-05
24512,EG00024512,Ahmed,Rashad,married,m,2022-09-06
24513,EG00024513,Mona,El-Sayed,single,Female,2025-03-13
24514,EG00024514,Sara,Kamel ,S,,2023-12-20
24515,EG00024515,Hany,Ezzat,M,m,2023-02-07
24516,EG00024516,Adel,Saad,married,M,2025-05-24
24517,EG00024517,Fatma,Hamdy,married,Female,2022-09-07
24518,EG00024518,Ahmed,Mahmoud,M,,2025-08-23
24519,EG00024519,Marwa,El-Masry,S,F,2025-04-18
24520,EG00024520,Eman,Ali ,,,2022-12-27
24521,EG00024521,Ali,Farid,M,,2022-12-31
24522,EG00024522,Reem,Ali,married,f,2022-03-22
24523,EG00024523,Dina,Rashad,S,Female,2024-04-01
24524,EG00024524,Omar,El-Masry,M,Male,2025-05-23
24525,EG00024525, Ashraf,Nabil,single,,2024-07-08
24526,EG00024526,Sara,Hamdy,single,,2025-02-28
24527,EG00024527,Shaimaa,Gaber,married,F,2022-04-22
24528,EG00024528,Hend,Hamdy,S,F,2024-10-29
24529,EG00024529,Doaa,Abdel Rahman,,Female,2023-03-20
24530,EG00024530, Radwa,Mahmoud,,f,2022-08-13
24531,EG00024531,Aya,Ezzat,M,Female,2023-05-21
24532,EG00024532,Shaimaa,Ibrahim ,S,,2025-07-10
24533,EG00024533, Ali,Ezzat,M,Male,2024-03-17
24534,EG00024534,Mostafa,Tolba ,married,m,2022-11-22
24535,EG00024535,Heba,Gaber ,S,,2024-09-17
24536,EG00024536,Youssef,Kamel ,,Male,2024-07-26
24537,EG00024537,Eman,Ali,S,f,2023-11-29
24538,EG00024538, Nourhan,Ibrahim,single,F,2023-11-15
24539,EG00024539,Shaimaa,Fathy,single,f,2022-03-05
24540,EG00024540,Hassan,Hassan,married,,2023-11-24
24541,EG00024541,Karim,Tolba,,Male,2025-06-16
24542,EG00024542,Aliaa,Ibrahim,M,F,2022-02-20
24543,EG00024543, Aya,Shawky,M,f,2024-06-30
24544,EG00024544,Mohamed,Fouad ,married,,2023-09-25
24545,EG00024545,Heba,Shawky ,single,,2023-05-04
24546,EG00024546,Hend,El-Sayed,M,,2023-09-09
24547,EG00024547,Ibrahim,Fouad,M,,2022-09-07
24548,EG00024548,Tarek,Rashad,S,m,2024-09-28
24549,EG00024549,Dina,Hassan,,,2022-12-21
24550,EG00024550,Heba,Fouad,single,f,2022-10-07
24551,EG00024551,Khaled,Tolba,,m,2022-09-09
24552,EG00024552, Eman,Ibrahim,S,f,2022-10-11
24553,EG00024553,Tarek,Fouad,married,Male,2024-05-09
24554,EG00024554,Radwa,Hassan,S,F,2024-08-09
24555,EG00024555,Nourhan,Ibrahim,,f,2025-03-27
24556,EG00024556,Omar,Shawky,S,,2025-08-30
24557,EG00024557,Radwa,Hamdy,S,,2024-06-05
24558,EG00024558,Nourhan,Fouad,,Female,2022-09-15
24559,EG00024559,Sameh,Gaber,M,Male,2023-11-06
24560,EG00024560,Rana,Hassan ,,,2024-12-19
24561,EG00024561,Ashraf,Rashad,M,Male,2023-09-05
24562,EG00024562, Yasmin,El-Sayed ,single,Female,2022-03-25
24563,EG00024563,Doaa,El-Sayed,married,f,2025-08-14
24564,EG00024564, Aya,Mahmoud,M,Female,2024-04-29
24565,EG00024565, Heba,Tolba,married,F,2023-06-11
24566,EG00024566, Mohamed,Fathy,,m,2023-05-11
24567,EG00024567,Youssef,Ali,,Male,2022-02-13
24568,EG00024568,Mona,Fouad,,,2023-10-17
24569,EG00024569,Yasmin,Nabil,S,Female,2022-06-03
24570,EG00024570,Heba,Farid,S,,2024-12-07
24571,EG00024571,Ibrahim,Hassan,,m,2025-08-24
24572,EG00024572,Fatma,Abdel Rahman,M,,2023-05-22
24573,EG00024573,Adel,Tolba,,,2025-09-22
24574,EG00024574,Fatma,Hamdy,S,,2022-04-05
24575,EG00024575,Ayman,Zaki,married,,2022-09-22
24576,EG00024576,Hend,Zaki,single,f,2025-04-27
24577,EG00024577,Ali,Rashad,married,Male,2022-08-28
24578,EG00024578,Eman,Hamdy,single,F,2022-07-05
24579,EG00024579,Karim,El-Masry,S,Male,2022-09-18
24580,EG00024580,Amr,Rashad,S,m,2022-09-12
24581,EG00024581, Fatma,Tolba,S,,2022-12-18
24582,EG00024582,Aya,Farid,S,,2023-11-21
24583,EG00024583,Hend,Fathy,M,Female,2022-03-16
24584,EG00024584,Tarek,Fathy,S,m,2025-01-07
24585,EG00024585,Hassan,Ibrahim,S,Male,2025-05-04
24586,EG00024586,Fatma,Fouad ,S,Female,2023-01-24
24587,EG00024587,Sara,El-Masry ,single,f,2023-05-21
24588,EG00024588,Sameh,Mahmoud,,,2022-02-20
24589,EG00024589, Hassan,Fouad,M,M,2022-02-19
24590,EG00024590, Hany,El-Masry,M,Male,2023-05-10
24591,EG00024591,Wael,El-Masry,M,Male,2023-12-04
24592,EG00024592, Aliaa,Shawky,S,,2023-04-07
24593,EG00024593,Reem,Nabil ,M,F,2023-01-04
24594,EG00024594, Hend,Farid,M,f,2025-03-27
24595,EG00024595,Ayman,Fouad,married,m,2022-05-22
24596,EG00024596,Sara,Ali,married,f,2025-07-27
24597,EG00024597,Ashraf,Mahmoud,married,Male,2024-10-29
24598,EG00024598,Tarek,Hamdy,married,M,2022-09-27
24599,EG00024599,Khaled,Hamdy,S,m,2024-06-23
24600,EG00024600,Doaa,Abdel Rahman,S,,2022-06-29
24601,EG00024601,Rana,Hassan ,single,f,2022-12-30
24602,EG00024602,Ali,Gaber ,single,Male,2023-05-30
24603,EG00024603,Ali,Fouad,S,Male,2023-03-07
24604,EG00024604,Ashraf,Farid,M,M,2025-07-17
24605,EG00024605,Hany,Kamel,M,,2024-10-21
24606,EG00024606,Ibrahim,El-Sayed ,single,,2025-01-21
24607,EG00024607, Radwa,Ali,M,Female,2023-03-23
24608,EG00024608,Ahmed,Mahmoud,single,,2023-03-10
24609,EG00024609,Ibrahim,Saad,M,,2023-11-09
24610,EG00024610,Nourhan,Ezzat,M,Female,2024-08-05
24611,EG00024611,Khaled,Nabil,M,m,2023-01-12
24612,EG00024612,Nourhan,Ezzat,single,,2024-12-18
24613,EG00024613,Fatma,Gaber,M,Female,2022-09-05
24614,EG00024614,Reem,El-Masry,married,F,2024-11-20
24615,EG00024615,Nour,El-Masry,S,Female,2025-04-02
24616,EG00024616, Reem,Farid,single,f,2023-03-25
24617,EG00024617,Reem,Kamel,single,Female,2024-11-22
24618,EG00024618, Yasmin,Hassan,M,Female,2022-07-09
24619,EG00024619,Reem,Ezzat,S,f,2024-07-17
24620,EG00024620,Khaled,El-Masry ,S,Male,2022-10-22
24621,EG00024621, Salma,Fathy,M,F,2025-01-21
24622,EG00024622,Khaled,El-Masry,M,M,2022-02-03
24623,EG00024623,Sherif,Kamel,M,m,2022-12-07
24624,EG00024624,Sara,Hassan,S,,2022-09-30
24625,EG00024625,Mariam,Hamdy,single,Female,2023-02-10
24626,EG00024626,Adel,Hamdy,single,Male,2024-10-18
24627,EG00024627, Aliaa,Zaki,M,f,2023-09-29
24628,EG00024628,Nourhan,Farid,S,f,2024-06-02
24629,EG00024629,Ashraf,Nabil,M,Male,2022-02-03
24630,EG00024630,Reem,Tolba,M,f,2025-03-15
24631,EG00024631,Rana,Shawky,M,f,2022-10-20
24632,EG00024632,Aliaa,El-Sayed,S,,2025-01-11
24633,EG00024633,Wael,Mahmoud,M,m,2023-05-09
24634,EG00024634,Aya,Farid ,S,F,2023-09-03
24635,EG00024635, Fatma,Rashad,,,2022-12-12
24636,EG00024636,Marwa,Saad,,f,2023-07-11
24637,EG00024637,Doaa,Fouad,single,Female,2022-06-20
24638,EG00024638,Doaa,Gaber ,single,Female,2023-07-14
24639,EG00024639,Adel,Rashad,married,M,2025-01-20
24640,EG00024640,Adel,Ibrahim,M,Male,2024-08-18
24641,EG00024641,Eman,Hassan,married,f,2024-10-08
24642,EG00024642,Doaa,Abdel Rahman,married,F,2022-07-06
24643,EG00024643, Mahmoud,Ibrahim,,Male,2023-01-05
24644,EG00024644,Ahmed,Kamel ,M,m,2022-05-30
24645,EG00024645,Khaled,Shawky,single,M,2023-08-20
24646,EG00024646,Ashraf,Rashad,S,m,2023-05-16
24647,EG00024647,Adel,Zaki,S,M,2023-01-10
24648,EG00024648,Doaa,Ibrahim,S,,2024-09-22
24649,EG00024649,Nourhan,Tolba ,single,F,2022-08-04
24650,EG00024650,Hany,Shawky,M,m,2023-08-26
24651,EG00024651,Marwa,Abdel Rahman,married,,2022-08-21
24652,EG00024652,Fatma,Gaber,M,F,2022-08-21
24653,EG00024653,Sara,Rashad,M,f,2022-03-09
24654,EG00024654,Sara,Mahmoud,single,F,2025-01-21
24655,EG00024655,Tarek,Tolba,M,m,2022-08-20
24656,EG00024656,Mariam,Ibrahim,single,f,2022-12-31
24657,EG00024657,Fatma,Rashad,married,Female,2023-01-18
24658,EG00024658,Nourhan,El-Sayed,S,f,2022-06-30
24659,EG00024659,Omar,Ali,single,Male,2022-12-06
24660,EG00024660,Mahmoud,Shawky ,single,M,2024-04-01
24661,EG00024661, Marwa,Ali,M,,2022-10-05
24662,EG00024662, Mahmoud,Gaber,M,Male,2022-12-13
24663,EG00024663,Aliaa,Abdel Rahman,S,Female,2022-06-21
24664,EG00024664,Reem,Fathy ,single,F,2024-01-10
24665,EG00024665,Youssef,Zaki,S,Male,2022-02-26
24666,EG00024666, Reem,Gaber,S,f,2025-01-26
24667,EG00024667,Hend,El-Masry,M,Female,2024-06-12
24668,EG00024668, Doaa,El-Masry ,single,f,2022-02-18
24669,EG00024669,Nourhan,Fouad,S,f,2023-10-22
24670,EG00024670,Mariam,Hassan,M,,2025-08-06
24671,EG00024671,Dina,Kamel,S,f,2022-09-25
24672,EG00024672, Sherif,Ali,married,m,2023-06-08
24673,EG00024673,Mostafa,Fathy,S,M,2024-01-16
24674,EG00024674, Mahmoud,Nabil,S,,2025-07-30
24675,EG00024675,Radwa,Hassan,single,,2023-07-11
24676,EG00024676,Aliaa,Tolba,M,f,2025-07-15
24677,EG00024677,Mahmoud,Fouad,single,M,2023-09-23
24678,EG00024678,Shaimaa,Hassan,single,F,2025-03-28
24679,EG00024679,Omar,Ali,S,Male,2024-04-13
24680,EG00024680,Nourhan,Hamdy,,Female,2022-09-22
24681,EG00024681,Eman,Shawky ,S,f,2022-07-13
24682,EG00024682,Hend,Nabil,M,,2022-03-24
24683,EG00024683,Karim,Fathy,S,m,2023-09-18
24684,EG00024684,Marwa,El-Sayed,S,f,2022-11-01
24685,EG00024685,Ayman,Ezzat,M,Male,2024-12-09
24686,EG00024686,Dina,Ezzat,M,f,2025-06-22
24687,EG00024687,Amr,Gaber,single,M,2022-12-01
24688,EG00024688,Mariam,Zaki,single,,2023-02-05
24689,EG00024689,Nourhan,Nabil,single,,2023-05-24
24690,EG00024690,Ibrahim,Shawky,single,m,2025-05-19
24691,EG00024691,Adel,Rashad,M,m,2024-08-27
24692,EG00024692,Ibrahim,Abdel Rahman,S,,2025-07-15
24693,EG00024693,Mohamed,Ali,S,M,2022-08-27
24694,EG00024694,Yasmin,Hassan,S,Female,2022-12-29
24695,EG00024695,Heba,Shawky,,,2023-01-08
24696,EG00024696,Amr,Ezzat,S,Male,2024-01-14
24697,EG00024697,Tarek,Fathy,M,M,2022-06-08
24698,EG00024698,Hany,Gaber,S,Male,2024-09-06
24699,EG00024699,Rana,Hassan,S,f,2025-07-04
24700,EG00024700,Nourhan,Abdel Rahman,S,f,2025-07-02
24701,EG00024701,Omar,Farid,,m,2023-05-31
24702,EG00024702,Salma,El-Sayed,M,f,2023-06-03
24703,EG00024703,Heba,Gaber,,,2024-02-07
24704,EG00024704,Sherif,Abdel Rahman ,S,M,2023-06-19
24705,EG00024705,Fatma,Saad,,f,2023-04-26
24706,EG00024706,Ibrahim,Hamdy,S,Male,2023-02-07
24707,EG00024707, Ahmed,Saad,S,m,2024-09-06
24708,EG00024708,Rana,Nabil ,married,F,2023-07-05
24709,EG00024709,Mariam,Farid,M,F,2022-02-24
24710,EG00024710,Doaa,Farid,S,F,2022-10-29
24711,EG00024711,Sameh,El-Masry,S,,2023-11-24
24712,EG00024712,Mostafa,Hassan,S,Male,2025-04-05
24713,EG00024713,Omar,Ali,M,m,2022-06-16
24714,EG00024714,Sara,Ibrahim,M,,2022-12-05
24715,EG00024715,Marwa,Abdel Rahman ,M,F,2025-02-08
24716,EG00024716,Fatma,Fouad,S,f,2024-02-01
24717,EG00024717,Hany,Zaki,,,2024-10-31
24718,EG00024718,Rana,Mahmoud,S,F,2023-07-24
24719,EG00024719,Yasmin,Fouad,M,,2022-12-14
24720,EG00024720, Adel,Farid,,Male,2022-12-14
24721,EG00024721,Doaa,Zaki,single,,2024-06-13
24722,EG00024722,Wael,Zaki,S,Male,2023-10-06
24723,EG00024723,Radwa,Tolba,single,f,2024-03-09
24724,EG00024724,Hend,Ibrahim,S,F,2024-01-26
24725,EG00024725,Ayman,Fouad,S,M,2023-07-29
24726,EG00024726,Ashraf,Mahmoud,married,,2022-02-22
24727,EG00024727,Sameh,Ezzat,,,2024-05-21
24728,EG00024728,Ayman,Farid,M,,2022-02-05
24729,EG00024729,Reem,Hassan ,S,Female,2022-09-23
24730,EG00024730,Rana,Kamel,S,F,2024-12-14
24731,EG00024731,Karim,Fouad,,Male,2025-05-27
24732,EG00024732,Ibrahim,Shawky,married,Male,2025-08-05
24733,EG00024733,Wael,Hamdy,S,M,2024-07-04
24734,EG00024734,Mona,Gaber,married,Female,2025-02-21
24735,EG00024735, Yasmin,Gaber,S,Female,2024-05-08
24736,EG00024736, Eman,Mahmoud,S,f,2022-11-20
24737,EG00024737,Eman,El-Sayed,married,,2023-11-03
24738,EG00024738,Amr,Zaki,married,M,2022-10-19
24739,EG00024739,Khaled,Saad ,S,M,2025-02-21
24740,EG00024740,Fatma,Gaber ,M,Female,2022-10-21
24741,EG00024741,Eman,Gaber,married,Female,2022-05-22
24742,EG00024742,Ayman,El-Masry,M,Male,2024-05-04
24743,EG00024743,Tarek,Kamel,S,Male,2022-05-02
24744,EG00024744,Yasmin,Ibrahim,S,,2022-06-06
24745,EG00024745,Sameh,Zaki,M,m,2024-12-03
24746,EG00024746,Ali,Ezzat,M,m,2024-11-05
24747,EG00024747,Tarek,Ali,M,M,2024-02-27
24748,EG00024748,Khaled,Fathy,single,m,2022-05-06
24749,EG00024749, Salma,Nabil,M,,2025-08-29
24750,EG00024750,Sara,El-Sayed,M,F,2023-04-01
24751,EG00024751, Shaimaa,Rashad,S,F,2025-04-03
24752,EG00024752,Mostafa,El-Masry,M,,2024-07-26
24753,EG00024753,Aliaa,Abdel Rahman,M,,2023-09-30
24754,EG00024754,Mona,Nabil,M,Female,2024-10-29
24755,EG00024755,Ayman,Gaber,M,Male,2022-08-16
24756,EG00024756,Mohamed,Kamel,S,Male,2023-02-25
24757,EG00024757,Mohamed,Rashad,M,m,2023-01-22
24758,EG00024758,Amr,Ezzat,S,Male,2023-11-20
24759,EG00024759,Hany,Ibrahim,M,m,2024-05-15
24760,EG00024760,Ali,Hamdy ,single,M,2023-09-01
24761,EG00024761,Marwa,El-Masry ,M,Female,2025-02-25
24762,EG00024762,Hassan,Kamel,,,2023-05-26
24763,EG00024763,Mahmoud,Tolba,S,,2022-12-12
24764,EG00024764,Rana,Mahmoud,married,Female,2024-11-04
24765,EG00024765,Hany,Hamdy,,m,2025-01-04
24766,EG00024766,Marwa,Rashad ,single,Female,2025-05-20
24767,EG00024767,Fatma,Shawky,,F,2025-04-10
24768,EG00024768,Reem,Shawky,S,,2023-05-30
24769,EG00024769,Yasmin,Abdel Rahman ,S,F,2024-01-29
24770,EG00024770,Tarek,Kamel,single,,2024-10-11
24771,EG00024771,Reem,Fouad ,S,,2024-09-26
24772,EG00024772,Sara,Ali,M,F,2025-06-15
24773,EG00024773,Mostafa,El-Masry,S,M,2022-09-20
24774,EG00024774,Mohamed,Nabil,single,M,2025-07-24
24775,EG00024775,Dina,Fouad,single,f,2022-08-05
24776,EG00024776,Nour,Abdel Rahman ,M,f,2022-06-29
24777,EG00024777,Aya,Ezzat,M,Female,2023-08-15
24778,EG00024778,Sameh,Fathy,married,,2024-09-30
24779,EG00024779,Fatma,Ezzat,M,F,2023-12-13
24780,EG00024780,Aliaa,Ali,M,,2022-06-15
24781,EG00024781,Hend,Rashad,S,f,2024-05-11
24782,EG00024782,Ali,Fouad ,,Male,2023-10-05
24783,EG00024783,Mostafa,Ali ,M,Male,2024-04-30
24784,EG00024784,Mahmoud,Kamel,S,m,2024-02-04
24785,EG00024785, Doaa,Shawky,M,,2025-03-08
24786,EG00024786,Salma,Rashad,M,,2025-02-07
24787,EG00024787,Marwa,El-Masry,single,,2023-02-10
24788,EG00024788,Ashraf,Farid ,M,,2025-07-08
24789,EG00024789,Hassan,Fathy,M,m,2023-12-13
24790,EG00024790,Mostafa,Fouad ,S,m,2024-09-15
24791,EG00024791,Nourhan,Tolba,S,,2024-03-10
24792,EG00024792, Omar,Zaki,married,,2023-05-15
24793,EG00024793,Mariam,Saad,married,,2022-01-10
24794,EG00024794,Yasmin,El-Sayed,S,,2024-08-21
24795,EG00024795,Sherif,El-Masry,single,Male,2022-12-07
24796,EG00024796,Fatma,Ibrahim,married,F,2023-03-21
24797,EG00024797, Wael,Fathy,S,m,2024-06-29
24798,EG00024798,Nourhan,Fathy,single,f,2023-12-01
24799,EG00024799,Fatma,Ali,M,F,2023-05-13
24800,EG00024800,Mostafa,Tolba,M,m,2025-09-16
24801,EG00024801,Adel,Gaber,single,M,2022-07-30
24802,EG00024802,Mahmoud,Saad,married,M,2023-03-05
24803,EG00024803,Hend,Shawky,single,Female,2024-09-10
24804,EG00024804,Sameh,Hassan,married,Male,2025-04-05
24805,EG00024805,Reem,Ibrahim,M,F,2022-12-21
24806,EG00024806,Mariam,Abdel Rahman,single,f,2025-09-26
24807,EG00024807,Amr,Kamel,M,,2023-11-07
24808,EG00024808,Aliaa,Ali,married,f,2022-04-22
24809,EG00024809,Nourhan,Saad ,married,F,2022-09-15
24810,EG00024810,Reem,Kamel,S,F,2024-10-22
24811,EG00024811,Rana,Zaki,,f,2022-01-09
24812,EG00024812,Ibrahim,Ali,M,,2023-07-04
24813,EG00024813,Khaled,Shawky,S,,2024-04-27
24814,EG00024814,Yasmin,Saad,M,,2022-08-11
24815,EG00024815,Aya,Tolba ,married,f,2025-02-26
24816,EG00024816,Shaimaa,Fouad,single,Female,2023-10-18
24817,EG00024817,Radwa,Farid ,M,,2023-12-04
24818,EG00024818,Mariam,Mahmoud,S,Female,2025-05-02
24819,EG00024819,Nourhan,Hamdy,M,Female,2025-04-25
24820,EG00024820,Ali,Ibrahim,S,M,2022-11-12
24821,EG00024821,Mariam,Farid,S,f,2024-04-19
24822,EG00024822,Sameh,El-Masry,M,m,2022-01-02
24823,EG00024823,Ahmed,Abdel Rahman,,M,2022-05-17
24824,EG00024824,Ahmed,Tolba,M,,2023-03-27
24825,EG00024825,Rana,Ibrahim,S,Female,2024-10-27
24826,EG00024826,Ali,Ezzat ,single,M,2025-04-01
24827,EG00024827,Sherif,Shawky,married,Male,2023-02-01
24828,EG00024828, Radwa,El-Masry,married,,2023-02-17
24829,EG00024829,Youssef,Shawky,,Male,2023-07-09
24830,EG00024830,Shaimaa,Rashad,single,F,2023-12-26
24831,EG00024831, Shaimaa,Ali,M,F,2022-10-07
24832,EG00024832,Mostafa,Farid,M,M,2022-03-08
24833,EG00024833,Marwa,Mahmoud,married,Female,2024-03-01
24834,EG00024834,Ibrahim,Zaki,S,M,2022-02-22
24835,EG00024835,Ashraf,Mahmoud,M,m,2024-11-29
24836,EG00024836,Aya,Shawky,M,Female,2024-10-13
24837,EG00024837,Dina,Shawky,,F,2025-02-09
24838,EG00024838, Nour,Fathy,,,2024-10-16
24839,EG00024839,Sameh,Abdel Rahman,S,Male,2023-08-25
24840,EG00024840,Adel,Fouad,S,M,2022-08-01
24841,EG00024841,Ashraf,Mahmoud,S,M,2025-03-29
24842,EG00024842,Rana,Tolba,S,,2025-06-26
24843,EG00024843,Khaled,Kamel,M,,2024-08-16
24844,EG00024844,Hend,Mahmoud,M,Female,2022-05-26
24845,EG00024845,Tarek,Ibrahim,married,,2025-01-31
24846,EG00024846,Adel,Hamdy,single,m,2022-02-13
24847,EG00024847,Sameh,Fathy,married,m,2025-07-21
24848,EG00024848,Mariam,El-Sayed,,f,2022-01-10
24849,EG00024849,Nour,Ezzat,,Female,2022-08-29
24850,EG00024850, Khaled,Ali,M,M,2023-11-30
24851,EG00024851,Aliaa,Shawky,,f,2025-09-23
24852,EG00024852, Mohamed,Abdel Rahman,M,Male,2024-06-15
24853,EG00024853,Sara,Ezzat,M,f,2022-01-27
24854,EG00024854,Mostafa,Ibrahim,M,M,2025-05-02
24855,EG00024855,Hassan,Zaki,M,Male,2023-12-01
24856,EG00024856,Fatma,Fathy,married,,2024-09-03
24857,EG00024857,Mona,Ali,M,,2023-12-31
24858,EG00024858,Sherif,Hamdy,S,m,2023-10-24
24859,EG00024859,Mostafa,Zaki ,S,Male,2022-08-02
24860,EG00024860,Omar,Gaber,M,m,2025-01-17
24861,EG00024861,Fatma,Gaber,M,,2022-03-17
24862,EG00024862,Sara,Farid,,F,2025-05-31
24863,EG00024863,Sameh,Fathy,M,Male,2024-06-07
24864,EG00024864,Sara,El-Sayed,M,F,2023-05-25
24865,EG00024865,Mona,Shawky,M,f,2023-05-16
24866,EG00024866,Doaa,Ezzat,M,F,2023-11-26
24867,EG00024867,Ibrahim,Gaber,single,m,2024-04-04
24868,EG00024868, Adel,Rashad,married,m,2023-07-06
24869,EG00024869,Hany,Hassan,single,,2022-11-26
24870,EG00024870,Eman,Hamdy,M,f,2023-03-18
24871,EG00024871,Mariam,Fathy,S,,2025-02-21
24872,EG00024872,Rana,Farid,married,f,2022-09-09
24873,EG00024873,Mahmoud,Tolba ,married,m,2023-04-02
24874,EG00024874,Sameh,Ibrahim,married,,2023-01-15
24875,EG00024875,Dina,Tolba,,Female,2023-07-17
24876,EG00024876, Mona,Fouad,M,Female,2025-01-08
24877,EG00024877,Youssef,Fouad ,M,Male,2024-04-03
24878,EG00024878,Ahmed,Fathy,M,,2024-08-30
24879,EG00024879,Ibrahim,Nabil ,M,,2024-01-08
24880,EG00024880,Nour,Farid,single,,2025-09-01
24881,EG00024881,Youssef,Fathy,S,M,2024-12-10
24882,EG00024882,Rana,Rashad,M,Female,2025-07-04
24883,EG00024883,Tarek,Hamdy,,m,2023-03-08
24884,EG00024884,Ashraf,El-Sayed,M,Male,2024-03-20
24885,EG00024885,Heba,Shawky,M,F,2025-02-08
24886,EG00024886, Nourhan,Mahmoud,M,f,2024-11-18
24887,EG00024887,Khaled,Fathy,,M,2024-11-21
24888,EG00024888,Radwa,Nabil,M,f,2023-06-05
24889,EG00024889,Mohamed,Abdel Rahman ,single,M,2024-03-06
24890,EG00024890,Dina,Shawky,M,Female,2024-01-14
24891,EG00024891,Salma,Hassan ,single,Female,2024-07-18
24892,EG00024892,Yasmin,El-Sayed,married,F,2025-07-22
24893,EG00024893,Sameh,Nabil ,M,,2022-03-31
24894,EG00024894,Mahmoud,Shawky,,M,2025-07-28
24895,EG00024895,Hany,Fouad,,M,2024-02-17
24896,EG00024896, Tarek,Fouad ,M,,2025-01-22
24897,EG00024897,Reem,El-Masry,married,f,2022-06-05
24898,EG00024898,Mona,Mahmoud,S,f,2023-03-10
24899,EG00024899,Sherif,Fouad,S,,2022-06-06
24900,EG00024900,Ahmed,Hamdy,S,M,2022-12-12
24901,EG00024901,Ahmed,Ezzat,married,,2024-06-07
24902,EG00024902,Nour,Fouad,M,f,2022-09-07
24903,EG00024903,Fatma,Fouad,S,Female,2022-05-16
24904,EG00024904,Ashraf,Rashad,married,m,2022-11-17
24905,EG00024905,Mahmoud,Saad,S,Male,2025-08-31
24906,EG00024906,Mohamed,Saad,S,m,2022-08-15
24907,EG00024907, Nourhan,Rashad,M,,2025-05-28
24908,EG00024908,Rana,Gaber,married,F,2024-09-04
24909,EG00024909,Karim,Fouad,M,Male,2023-05-04
24910,EG00024910,Khaled,El-Sayed,M,,2023-05-29
24911,EG00024911,Yasmin,Abdel Rahman,S,Female,2022-04-07
24912,EG00024912,Wael,Shawky,,Male,2022-11-13
24913,EG00024913,Marwa,Ibrahim,,,2025-08-04
24914,EG00024914,Nour,Nabil,married,f,2025-04-24
24915,EG00024915,Sameh,Gaber,S,Male,2024-11-12
24916,EG00024916,Nour,Gaber,S,f,2023-03-09
24917,EG00024917, Radwa,El-Sayed,M,Female,2023-08-15
24918,EG00024918,Radwa,Tolba,single,F,2024-08-23
24919,EG00024919,Wael,Fouad ,M,Male,2024-01-01
24920,EG00024920,Marwa,Saad,,,2023-11-06
24921,EG00024921,Heba,El-Masry,M,,2024-02-12
24922,EG00024922,Hany,Kamel,S,Male,2024-08-20
24923,EG00024923, Nour,Kamel ,S,f,2024-06-12
24924,EG00024924,Sameh,Kamel,married,Male,2022-01-10
24925,EG00024925,Heba,Tolba,M,F,2022-10-08
24926,EG00024926,Doaa,Gaber,M,,2024-05-07
24927,EG00024927,Shaimaa,Mahmoud,M,f,2024-03-30
24928,EG00024928,Marwa,Hassan,married,F,2023-05-24
24929,EG00024929,Dina,El-Masry,,f,2025-06-09
24930,EG00024930,Ahmed,Fathy,S,m,2025-05-12
24931,EG00024931, Yasmin,Shawky,S,f,2023-01-06
24932,EG00024932,Dina,Nabil ,S,Female,2025-06-22
24933,EG00024933,Salma,Hamdy,M,f,2025-09-01
24934,EG00024934,Aliaa,Mahmoud,,F,2025-03-25
24935,EG00024935, Aliaa,Rashad,married,,2023-11-20
24936,EG00024936,Aliaa,Abdel Rahman ,S,f,2023-05-29
24937,EG00024937,Ibrahim,El-Masry,,M,2022-04-15
24938,EG00024938,Tarek,Ali,S,,2025-07-03
24939,EG00024939,Heba,Mahmoud,M,F,2024-10-26
24940,EG00024940,Aliaa,Hassan,,F,2024-03-03
24941,EG00024941,Marwa,Hamdy,S,F,2022-09-01
24942,EG00024942,Hassan,Rashad,,,2024-07-09
24943,EG00024943,Karim,Shawky,M,M,2025-02-07
24944,EG00024944,Ashraf,Ali,,Male,2025-08-21
24945,EG00024945,Hassan,Tolba,,,2022-02-22
24946,EG00024946,Nour,Ezzat,S,Female,2023-01-31
24947,EG00024947,Dina,Mahmoud,M,,2023-02-21
24948,EG00024948,Sameh,Gaber,M,M,2024-10-06
24949,EG00024949,Mostafa,Zaki,single,M,2023-07-09
24950,EG00024950, Mariam,Ibrahim,S,,2024-01-27
24951,EG00024951,Sara,Kamel,S,F,2024-05-15
24952,EG00024952,Sara,Hamdy,M,,2024-12-09
24953,EG00024953,Mahmoud,Rashad,single,Male,2022-11-12
24954,EG00024954,Heba,Fouad,M,f,2024-02-07
24955,EG00024955,Ayman,El-Masry,M,Male,2023-07-19
24956,EG00024956,Mona,Saad,,f,2025-09-27
24957,EG00024957,Fatma,Mahmoud,,f,2023-12-28
24958,EG00024958,Mostafa,El-Masry,M,,2022-01-05
24959,EG00024959,Wael,Nabil,S,M,2022-11-20
24960,EG00024960, Nourhan,Mahmoud,S,,2024-03-23
24961,EG00024961,Aliaa,Ezzat,S,,2022-08-15
24962,EG00024962,Hany,Tolba,M,M,2024-06-18
24963,EG00024963, Heba,Gaber,married,Female,2023-01-01
24964,EG00024964,Rana,Tolba,single,Female,2023-03-08
24965,EG00024965,Wael,Farid,married,m,2024-06-16
24966,EG00024966,Karim,Ezzat,M,m,2025-03-22
24967,EG00024967,Ibrahim,Saad,M,m,2023-11-19
24968,EG00024968,Sara,Nabil,,f,2025-08-31
24969,EG00024969,Amr,Farid,S,Male,2023-12-20
24970,EG00024970,Mahmoud,Shawky,S,,2023-04-09
24971,EG00024971,Karim,Kamel,married,,2024-02-26
24972,EG00024972,Hend,Shawky,S,Female,2023-04-25
24973,EG00024973,Hassan,El-Sayed,single,,2025-03-03
24974,EG00024974,Dina,Gaber,,,2022-05-31
24975,EG00024975,Shaimaa,Ibrahim,M,F,2023-11-13
24976,EG00024976, Dina,El-Sayed,married,,2025-02-16
24977,EG00024977,Salma,Ezzat,M,F,2023-10-08
24978,EG00024978, Ahmed,Hamdy,single,Male,2024-10-16
24979,EG00024979,Sherif,El-Sayed,,,2024-12-24
24980,EG00024980, Aya,Nabil,S,,2025-09-05
24981,EG00024981,Ibrahim,Rashad,M,m,2023-10-05
24982,EG00024982,Mariam,Mahmoud,single,Female,2022-05-09
24983,EG00024983,Fatma,El-Masry,married,,2024-01-14
24984,EG00024984,Ashraf,Fathy,,Male,2023-03-23
24985,EG00024985,Mahmoud,Hamdy,married,Male,2023-11-16
24986,EG00024986,Youssef,Zaki,M,M,2023-02-09
24987,EG00024987,Hend,Hassan,S,Female,2022-11-01
24988,EG00024988,Reem,Abdel Rahman,married,Female,2024-07-09
24989,EG00024989,Sameh,Ali ,S,M,2022-12-10
24990,EG00024990,Fatma,Zaki,married,Female,2023-05-20
24991,EG00024991,Salma,Rashad,single,F,2022-10-06
24992,EG00024992,Marwa,Ali,M,F,2022-01-30
24993,EG00024993,Ibrahim,Saad,married,M,2023-11-07
24994,EG00024994,Adel,Ali,S,M,2023-11-28
24995,EG00024995,Adel,Ali,S,,2023-03-30
24996,EG00024996,Marwa,Farid,S,f,2022-08-05
24997,EG00024997,Youssef,Ali,S,,2022-02-15
24998,EG00024998,Youssef,El-Sayed,M,,2024-05-14
24999,EG00024999, Yasmin,Saad,single,Female,2025-03-05
25000,EG00025000, Ali,El-Sayed,S,Male,2025-04-12
25001,EG00025001,Doaa,Hassan,married,f,2022-01-01
25002,EG00025002,Khaled,Hassan,M,Male,2024-05-04
25003,EG00025003,Radwa,Ali,M,F,2023-03-09
25004,EG00025004,Tarek,Tolba,S,m,2024-10-23
25005,EG00025005,Salma,Ali,,,2022-10-23
25006,EG00025006,Heba,Kamel,S,,2022-10-30
25007,EG00025007,Shaimaa,El-Masry ,M,,2022-07-22
25008,EG00025008,Ashraf,Ezzat,S,,2023-05-30
25009,EG00025009, Shaimaa,Shawky,single,Female,2024-10-29
25010,EG00025010,Ashraf,Abdel Rahman,,m,2024-01-26
25011,EG00025011,Aya,Kamel,,Female,2025-03-02
25012,EG00025012, Ashraf,El-Sayed,S,,2025-06-09
25013,EG00025013,Mahmoud,Ezzat,married,m,2024-07-27
25014,EG00025014,Rana,Kamel,S,f,2024-08-20
25015,EG00025015,Dina,Fouad,single,Female,2023-11-26
25016,EG00025016,Shaimaa,Mahmoud,married,f,2024-11-18
25017,EG00025017,Youssef,Hamdy,S,,2022-09-24
25018,EG00025018,Mona,Ibrahim,married,Female,2023-07-02
25019,EG00025019,Dina,Ezzat,married,Female,2023-05-21
25020,EG00025020,Ahmed,Fathy,single,M,2024-12-18
25021,EG00025021,Hend,Hamdy,M,,2025-08-03
25022,EG00025022,Aya,El-Masry,married,F,2022-07-19
25023,EG00025023, Mohamed,Nabil,S,m,2024-08-17
25024,EG00025024,Ali,Ibrahim,M,,2024-09-01
25025,EG00025025,Dina,Fathy,S,f,2022-09-30
25026,EG00025026,Heba,Tolba,M,Female,2022-09-20
25027,EG00025027,Radwa,El-Masry,M,Female,2024-01-12
25028,EG00025028,Reem,Mahmoud ,married,Female,2023-01-18
25029,EG00025029,Omar,Nabil,S,m,2024-02-15
25030,EG00025030,Sameh,Abdel Rahman,married,,2025-01-15
25031,EG00025031,Rana,Ibrahim,S,,2023-11-10
25032,EG00025032,Sherif,Saad,married,,2022-04-25
25033,EG00025033,Eman,Abdel Rahman,S,f,2022-09-25
25034,EG00025034,Karim,Gaber ,M,,2025-04-27
25035,EG00025035,Hend,Hamdy,married,F,2024-11-30
25036,EG00025036,Heba,Farid ,M,Female,2025-06-20
25037,EG00025037,Reem,Tolba,S,Female,2024-06-16
25038,EG00025038,Khaled,Gaber ,,Male,2024-08-01
25039,EG00025039,Wael,El-Masry,single,m,2024-10-31
25040,EG00025040,Mona,Nabil,,,2024-08-09
25041,EG00025041,Wael,Rashad,married,m,2022-02-11
25042,EG00025042, Adel,Ali ,single,Male,2022-12-31
25043,EG00025043, Hend,Zaki,S,Female,2024-09-27
25044,EG00025044, Eman,Gaber,married,F,2025-03-03
25045,EG00025045,Aliaa,Ali,married,F,2025-09-21
25046,EG00025046,Ahmed,Fouad,single,,2023-01-11
25047,EG00025047,Rana,El-Sayed,single,Female,2025-04-21
25048,EG00025048,Hend,Ezzat,S,f,2022-04-02
25049,EG00025049,Nour,Hamdy,single,Female,2022-05-11
25050,EG00025050,Amr,Fouad,S,m,2024-06-03
25051,EG00025051,Mona,Hamdy,M,Female,2022-09-24
25052,EG00025052,Reem,Rashad,M,F,2022-01-19
25053,EG00025053,Eman,Hamdy,M,,2022-06-03
25054,EG00025054,Sameh,Ibrahim,single,M,2024-09-12
25055,EG00025055,Nourhan,Shawky,,,2023-07-14
25056,EG00025056,Yasmin,Hassan,M,Female,2023-04-17
25057,EG00025057,Nourhan,Farid,married,F,2023-03-23
25058,EG00025058,Sherif,Fathy,,Male,2022-10-23
25059,EG00025059,Reem,Rashad,M,,2023-02-28
25060,EG00025060,Mariam,El-Masry,single,F,2025-09-16
25061,EG00025061,Rana,Saad,S,,2024-03-01
25062,EG00025062,Hend,Hassan,S,f,2025-09-06
25063,EG00025063,Dina,Ali,married,,2023-11-15
25064,EG00025064,Salma,Fouad,S,Female,2022-05-11
25065,EG00025065,Nourhan,Shawky ,single,,2023-02-16
25066,EG00025066,Yasmin,Ali ,single,F,2024-03-07
25067,EG00025067,Sara,Hamdy,married,F,2023-09-08
25068,EG00025068,Youssef,Fathy,married,m,2024-09-02
25069,EG00025069,Ayman,Farid,single,m,2025-05-04
25070,EG00025070,Eman,Rashad,single,F,2023-11-17
25071,EG00025071,Salma,Saad,S,,2022-07-02
25072,EG00025072,Ashraf,Zaki,S,Male,2023-08-22
25073,EG00025073, Wael,Ibrahim,M,m,2022-08-03
25074,EG00025074,Karim,Shawky,married,Male,2024-05-11
25075,EG00025075,Mahmoud,Hassan,married,Male,2022-06-05
25076,EG00025076, Radwa,El-Masry,,F,2024-12-13
25077,EG00025077, Rana,Ezzat,married,,2022-06-24
25078,EG00025078,Hend,Ezzat,M,f,2024-01-25
25079,EG00025079,Yasmin,Rashad,S,,2023-02-04
25080,EG00025080,Karim,Kamel,M,m,2023-04-28
25081,EG00025081,Yasmin,Rashad,M,F,2024-02-07
25082,EG00025082,Sherif,Zaki,M,,2024-12-13
25083,EG00025083,Radwa,Fouad,S,F,2024-07-20
25084,EG00025084, Sameh,Abdel Rahman ,S,Male,2022-04-11
25085,EG00025085,Adel,El-Masry,married,Male,2022-02-22
25086,EG00025086,Shaimaa,Ali,S,F,2022-01-04
25087,EG00025087,Radwa,Zaki,S,,2024-06-10
25088,EG00025088,Ashraf,Fathy,single,,2024-02-11
25089,EG00025089,Ali,Nabil,M,m,2023-09-08
25090,EG00025090,Aliaa,Fouad,M,f,2024-09-09
25091,EG00025091,Karim,Farid,S,M,2023-12-08
25092,EG00025092,Mahmoud,Fathy,single,,2023-05-17
25093,EG00025093,Reem,Mahmoud,,Female,2022-01-18
25094,EG00025094,Mariam,Fouad,S,,2025-08-06
25095,EG00025095, Rana,Zaki,,,2024-07-12
25096,EG00025096, Mostafa,Shawky,single,Male,2025-04-04
25097,EG00025097, Ayman,Rashad,M,m,2024-03-07
25098,EG00025098,Mona,Fathy,,Female,2024-12-09
25099,EG00025099,Salma,Saad,S,Female,2024-07-16
25100,EG00025100,Khaled,Ali,S,Male,2023-06-25
25101,EG00025101,Fatma,Farid,M,Female,2024-09-07
25102,EG00025102,Radwa,El-Masry,single,f,2022-06-12
25103,EG00025103,Khaled,Saad,S,,2022-05-29
25104,EG00025104,Adel,Tolba,S,,2025-04-28
25105,EG00025105,Karim,El-Sayed ,married,M,2022-05-03
25106,EG00025106,Eman,Ibrahim,S,,2023-04-17
25107,EG00025107,Reem,Rashad ,single,F,2025-03-16
25108,EG00025108,Hassan,Nabil,M,,2022-07-31
25109,EG00025109,Amr,Zaki,S,,2023-11-20
25110,EG00025110,Amr,Ezzat,single,Male,2025-06-08
25111,EG00025111,Reem,Tolba ,M,f,2024-10-28
25112,EG00025112,Omar,Zaki ,M,,2025-07-12
25113,EG00025113,Radwa,Saad,married,,2023-01-25
25114,EG00025114, Hend,Abdel Rahman,M,f,2025-04-04
25115,EG00025115,Mostafa,Shawky,single,,2024-10-27
25116,EG00025116,Reem,Ibrahim,single,Female,2023-07-23
25117,EG00025117,Sara,Hamdy,M,F,2022-06-17
25118,EG00025118,Hany,Zaki,M,,2023-12-30
25119,EG00025119,Hany,Saad,M,M,2023-11-13
25120,EG00025120,Fatma,Ezzat,M,,2023-10-17
25121,EG00025121,Ashraf,Rashad,married,,2022-12-04
25122,EG00025122, Reem,Rashad,married,,2022-03-12
25123,EG00025123,Mariam,El-Masry,M,F,2024-01-17
25124,EG00025124,Ali,Gaber,M,m,2025-06-22
25125,EG00025125,Sara,Hamdy,S,F,2023-01-24
25126,EG00025126,Mostafa,Zaki,married,m,2024-12-31
25127,EG00025127,Ibrahim,Shawky,married,M,2023-01-11
25128,EG00025128,Marwa,Gaber,married,f,2022-08-17
25129,EG00025129,Eman,El-Sayed,S,,2023-05-10
25130,EG00025130,Mostafa,Fathy,,Male,2024-12-22
25131,EG00025131,Mohamed,Farid,,m,2024-05-20
25132,EG00025132,Mostafa,Hamdy,M,Male,2025-09-27
25133,EG00025133,Sara,Shawky,S,Female,2024-07-08
25134,EG00025134, Ibrahim,Nabil ,single,,2024-09-12
25135,EG00025135,Sherif,Ibrahim,single,M,2022-02-22
25136,EG00025136,Reem,Saad,M,Female,2024-01-07
25137,EG00025137,Yasmin,Mahmoud,S,F,2023-08-10
25138,EG00025138,Sherif,Mahmoud,married,Male,2025-04-02
25139,EG00025139,Omar,Shawky,S,,2022-08-23
25140,EG00025140,Ibrahim,Ezzat,S,m,2025-08-19
25141,EG00025141,Mariam,Fouad,S,F,2022-03-26
25142,EG00025142,Reem,Rashad,,f,2022-09-24
25143,EG00025143,Mariam,Shawky,single,F,2025-08-25
25144,EG00025144,Salma,Zaki,S,,2025-08-22
25145,EG00025145,Marwa,Mahmoud,single,,2023-03-09
25146,EG00025146,Ali,Nabil,S,Male,2023-10-29
25147,EG00025147,Wael,Mahmoud,S,M,2023-08-31
25148,EG00025148,Hassan,Fouad,,,2024-04-02
25149,EG00025149,Ayman,Mahmoud,S,Male,2023-03-10
25150,EG00025150,Hassan,Rashad,single,,2024-10-12
25151,EG00025151,Ibrahim,Ali,M,M,2024-06-15
25152,EG00025152,Ashraf,Tolba,S,,2022-01-29
25153,EG00025153,Ali,Farid,S,m,2022-02-06
25154,EG00025154,Adel,Nabil ,M,M,2024-01-18
25155,EG00025155,Omar,Shawky,M,,2022-11-11
25156,EG00025156, Aliaa,Abdel Rahman,M,,2022-08-10
25157,EG00025157,Hany,Shawky,M,m,2025-04-11
25158,EG00025158,Radwa,Tolba,S,F,2025-02-11
25159,EG00025159,Ashraf,Saad,M,m,2025-08-28
25160,EG00025160,Youssef,Gaber ,M,M,2023-07-23
25161,EG00025161,Ali,Hassan,S,,2022-06-29
25162,EG00025162,Reem,Mahmoud,S,Female,2023-01-15
25163,EG00025163,Aya,Nabil,,f,2025-05-12
25164,EG00025164,Doaa,Nabil,S,F,2023-03-25
25165,EG00025165,Shaimaa,Mahmoud,married,,2022-10-04
25166,EG00025166,Ayman,Fathy,M,m,2025-05-01
25167,EG00025167,Reem,El-Sayed,M,,2022-01-05
25168,EG00025168,Salma,Ali,married,Female,2022-01-07
25169,EG00025169,Mostafa,Ali,M,Male,2023-12-25
25170,EG00025170,Nourhan,Hassan,M,f,2022-06-30
25171,EG00025171,Adel,Fouad,S,Male,2022-05-29
25172,EG00025172,Ashraf,Ezzat,single,Male,2022-10-17
25173,EG00025173,Reem,Ibrahim,,F,2024-11-11
25174,EG00025174,Marwa,El-Sayed,M,F,2022-11-06
25175,EG00025175,Heba,Fathy,M,f,2024-09-27
25176,EG00025176,Khaled,Kamel,M,m,2022-11-13
25177,EG00025177,Yasmin,Hamdy,M,Female,2024-06-08
25178,EG00025178,Marwa,Saad,married,Female,2024-02-28
25179,EG00025179,Aliaa,Nabil,,Female,2023-07-04
25180,EG00025180,Youssef,Fathy,M,m,2024-04-05
25181,EG00025181,Marwa,Fouad,S,Female,2023-04-16
25182,EG00025182,Hend,Hamdy,M,F,2023-01-27
25183,EG00025183,Ali,Ali,M,M,2024-09-17
25184,EG00025184,Doaa,Ibrahim,M,f,2023-01-23
25185,EG00025185,Omar,Gaber,single,M,2024-11-14
25186,EG00025186,Omar,Shawky,S,m,2023-05-27
25187,EG00025187, Yasmin,Rashad ,,f,2024-10-22
25188,EG00025188, Heba,Hassan,single,f,2025-02-27
25189,EG00025189,Shaimaa,Ali,married,F,2023-10-13
25190,EG00025190,Ahmed,Shawky ,M,m,2023-04-28
25191,EG00025191,Mona,Mahmoud ,M,,2025-08-30
25192,EG00025192,Karim,Nabil,single,m,2022-10-24
25193,EG00025193,Nour,Rashad,M,F,2023-05-17
25194,EG00025194,Sara,Farid ,S,F,2022-06-08
25195,EG00025195,Radwa,Zaki,single,F,2024-03-19
25196,EG00025196, Ayman,Saad,,,2025-08-08
25197,EG00025197,Rana,Farid,S,F,2024-12-28
25198,EG00025198, Mostafa,Rashad,married,m,2022-08-21
25199,EG00025199,Sara,Hamdy,M,F,2024-12-12
25200,EG00025200,Fatma,Fouad,M,F,2025-05-19
25201,EG00025201,Ahmed,Mahmoud,single,,2022-12-29
25202,EG00025202, Sara,El-Masry,single,Female,2024-10-05
25203,EG00025203,Marwa,Gaber,,f,2022-05-10
25204,EG00025204,Mahmoud,Hamdy ,S,m,2022-11-09
25205,EG00025205,Mahmoud,Kamel,M,Male,2023-06-09
25206,EG00025206,Omar,Nabil,M,Male,2024-09-29
25207,EG00025207,Salma,Abdel Rahman,M,Female,2024-01-10
25208,EG00025208, Aliaa,Rashad,single,f,2023-07-07
25209,EG00025209,Heba,Shawky,,f,2024-09-06
25210,EG00025210,Mona,Ezzat,S,f,2025-01-10
25211,EG00025211, Mona,Mahmoud,single,,2022-03-06
25212,EG00025212,Amr,Ali,single,M,2023-04-10
25213,EG00025213, Eman,Saad,M,F,2024-02-07
25214,EG00025214,Eman,Farid ,S,Female,2024-04-10
25215,EG00025215,Youssef,Zaki,M,Male,2023-01-16
25216,EG00025216,Mostafa,El-Sayed,M,M,2025-03-07
25217,EG00025217,Youssef,Shawky,M,,2023-04-10
25218,EG00025218, Omar,Shawky ,,m,2023-01-25
25219,EG00025219,Ahmed,Hassan,S,Male,2023-10-11
25220,EG00025220,Aya,Mahmoud ,single,Female,2022-03-01
25221,EG00025221, Ayman,Ibrahim,married,Male,2024-04-25
25222,EG00025222,Dina,Ezzat,M,Female,2025-05-09
25223,EG00025223,Fatma,El-Masry,M,Female,2022-08-13
25224,EG00025224,Ahmed,Kamel,,,2024-09-07
25225,EG00025225,Mohamed,Shawky,S,m,2023-08-27
25226,EG00025226,Amr,Ezzat,S,M,2025-09-22
25227,EG00025227,Eman,Mahmoud ,S,f,2022-11-06
25228,EG00025228,Wael,Zaki,M,Male,2022-12-01
25229,EG00025229,Nour,Gaber,,F,2024-04-01
25230,EG00025230,Omar,El-Masry,S,M,2022-05-17
25231,EG00025231, Rana,Fouad,married,Female,2024-01-17
25232,EG00025232,Hend,Hamdy,M,,2022-06-02
25233,EG00025233,Aya,Hassan,single,,2024-04-03
25234,EG00025234,Salma,Gaber,M,F,2023-01-29
25235,EG00025235,Mariam,Ali,M,,2022-07-02
25236,EG00025236, Mariam,Shawky,S,F,2022-08-01
25237,EG00025237,Hany,Fathy,single,M,2024-07-20
25238,EG00025238,Ahmed,Abdel Rahman,M,Male,2024-05-14
25239,EG00025239, Mariam,Ibrahim ,married,Female,2023-08-19
25240,EG00025240,Ali,Mahmoud,,m,2023-08-19
25241,EG00025241,Omar,Farid,married,m,2023-09-13
25242,EG00025242,Omar,Fouad,S,,2024-06-12
25243,EG00025243,Hassan,Saad,married,M,2025-08-12
25244,EG00025244,Salma,Kamel,M,Female,2024-03-30
25245,EG00025245,Khaled,Saad,married,Male,2022-07-20
25246,EG00025246,Doaa,Kamel,M,,2023-10-15
25247,EG00025247,Youssef,El-Masry,M,m,2022-07-21
25248,EG00025248,Aya,Tolba ,S,Female,2025-08-15
25249,EG00025249,Nour,Ali,single,F,2023-04-04
25250,EG00025250,Hend,Abdel Rahman,S,,2025-01-17
25251,EG00025251,Wael,Rashad,single,Male,2024-07-16
25252,EG00025252,Sara,Ali,M,F,2023-07-16
25253,EG00025253,Ibrahim,Fouad,married,,2023-05-08
25254,EG00025254,Hassan,Abdel Rahman,single,,2023-05-25
25255,EG00025255, Doaa,El-Masry,,Female,2022-11-16
25256,EG00025256,Dina,Hassan,M,Female,2022-04-10
25257,EG00025257,Mariam,Tolba ,single,F,2024-11-27
25258,EG00025258,Doaa,Shawky,S,F,2025-06-24
25259,EG00025259, Rana,Tolba,single,Female,2022-03-08
25260,EG00025260,Radwa,Tolba ,S,,2022-11-10
25261,EG00025261, Nourhan,Saad,single,f,2023-08-13
25262,EG00025262, Mostafa,Ali,S,M,2025-07-27
25263,EG00025263,Rana,El-Masry,,F,2024-11-11
25264,EG00025264,Ali,Saad ,S,m,2022-08-30
25265,EG00025265,Eman,Gaber,M,f,2023-03-06
25266,EG00025266,Youssef,El-Sayed,M,Male,2022-01-05
25267,EG00025267,Sameh,Ezzat,S,,2022-12-25
25268,EG00025268, Nour,Fouad,M,,2025-08-29
25269,EG00025269,Heba,Kamel,M,,2023-06-05
25270,EG00025270,Omar,Nabil ,S,m,2022-03-13
25271,EG00025271,Doaa,Abdel Rahman,S,,2022-05-15
25272,EG00025272, Yasmin,Gaber,S,f,2025-09-20
25273,EG00025273,Dina,Ibrahim,S,,2024-10-09
25274,EG00025274,Ali,Nabil,M,,2025-04-13
25275,EG00025275,Aliaa,Kamel,S,,2022-05-27
25276,EG00025276, Ashraf,Kamel,S,M,2023-05-06
25277,EG00025277, Mohamed,Ali,S,M,2022-12-31
25278,EG00025278,Nourhan,Tolba,married,Female,2022-08-01
25279,EG00025279,Amr,Kamel,M,m,2022-03-10
25280,EG00025280,Dina,Saad,married,,2022-05-02
25281,EG00025281,Heba,Tolba ,M,F,2024-12-14
25282,EG00025282,Shaimaa,Hamdy,,f,2022-09-11
25283,EG00025283,Omar,Farid,M,m,2024-02-09
25284,EG00025284,Sameh,Ibrahim,M,,2022-05-19
25285,EG00025285,Nour,Zaki,married,Female,2023-07-07
25286,EG00025286,Adel,Ibrahim,single,,2023-04-19
25287,EG00025287,Omar,Abdel Rahman,single,Male,2025-03-23
25288,EG00025288,Nourhan,El-Sayed,S,F,2024-06-19
25289,EG00025289,Mariam,Ibrahim,S,Female,2025-08-24
25290,EG00025290,Amr,Fouad ,S,M,2025-02-11
25291,EG00025291,Ashraf,Abdel Rahman,married,m,2024-12-31
25292,EG00025292,Radwa,El-Masry,M,Female,2024-11-21
25293,EG00025293,Mona,Abdel Rahman,M,Female,2022-07-25
25294,EG00025294,Dina,Fathy,S,,2024-04-21
25295,EG00025295,Radwa,Mahmoud,M,f,2023-04-23
25296,EG00025296,Omar,Tolba ,M,M,2022-08-02
25297,EG00025297, Reem,Abdel Rahman,M,F,2023-01-25
25298,EG00025298,Sara,Abdel Rahman,M,F,2023-03-17
25299,EG00025299, Eman,Fathy ,,f,2022-04-15
25300,EG00025300,Tarek,Ezzat ,M,M,2024-03-12
25301,EG00025301,Hassan,Hamdy,S,,2025-02-18
25302,EG00025302,Radwa,Abdel Rahman,S,F,2024-05-19
25303,EG00025303,Yasmin,Tolba ,single,f,2024-02-27
25304,EG00025304,Doaa,Ali,M,F,2025-06-26
25305,EG00025305,Radwa,Rashad,S,f,2023-10-05
25306,EG00025306, Mariam,Rashad,married,,2025-01-10
25307,EG00025307,Aya,Gaber,M,F,2024-07-04
25308,EG00025308, Salma,El-Sayed,S,Female,2022-06-23
25309,EG00025309,Reem,Farid,S,f,2022-04-10
25310,EG00025310,Ali,El-Masry,,m,2022-03-14
25311,EG00025311,Youssef,Abdel Rahman,S,Male,2022-03-10
25312,EG00025312,Shaimaa,Mahmoud,,F,2023-06-06
25313,EG00025313,Hend,Ezzat,S,F,2022-03-24
25314,EG00025314,Sara,Ibrahim,married,Female,2023-05-31
25315,EG00025315,Nourhan,Saad,,,2023-12-20
25316,EG00025316, Sherif,Farid,,m,2023-08-01
25317,EG00025317,Hend,Kamel,S,f,2024-12-22
25318,EG00025318,Wael,Zaki ,,M,2022-12-16
25319,EG00025319,Ali,Ezzat,S,M,2024-01-24
25320,EG00025320,Doaa,Ibrahim ,S,,2022-05-25
25321,EG00025321,Aya,Hassan,M,,2025-09-16
25322,EG00025322,Heba,Ali,M,f,2023-05-22
25323,EG00025323,Ashraf,Hamdy ,S,Male,2024-02-09
25324,EG00025324,Mostafa,Saad,M,,2023-08-03
25325,EG00025325,Marwa,Zaki,single,Female,2022-06-22
25326,EG00025326,Mahmoud,Saad ,S,m,2024-06-28
25327,EG00025327,Hassan,Fouad,,m,2025-03-30
25328,EG00025328, Reem,Tolba,married,Female,2024-12-21
25329,EG00025329,Mariam,Ibrahim,S,Female,2024-04-09
25330,EG00025330,Ashraf,Kamel,single,,2025-02-21
25331,EG00025331,Wael,Abdel Rahman,single,,2024-05-06
25332,EG00025332,Eman,El-Masry,S,Female,2023-05-24
25333,EG00025333, Yasmin,Ezzat ,,,2022-09-09
25334,EG00025334,Yasmin,Rashad,M,,2024-06-04
25335,EG00025335,Nourhan,Mahmoud ,S,f,2024-01-18
25336,EG00025336,Ali,Fouad,single,m,2022-08-20
25337,EG00025337,Hend,Tolba,S,Female,2024-05-11
25338,EG00025338, Reem,Tolba,married,,2023-03-12
25339,EG00025339,Radwa,Mahmoud,married,,2024-09-04
25340,EG00025340, Nour,Fouad,married,,2022-04-24
25341,EG00025341,Sherif,Ibrahim,S,Male,2025-06-19
25342,EG00025342,Sara,Zaki,S,,2023-10-26
25343,EG00025343,Sherif,Shawky,S,Male,2025-01-30
25344,EG00025344,Mona,Gaber,single,,2024-03-10
25345,EG00025345,Heba,Abdel Rahman,M,F,2023-11-15
25346,EG00025346,Ashraf,Gaber,single,,2022-11-25
25347,EG00025347,Radwa,Kamel,married,f,2024-08-30
25348,EG00025348,Eman,Gaber,M,F,2025-02-11
25349,EG00025349,Rana,Farid ,M,,2025-06-03
25350,EG00025350,Mahmoud,Hamdy,S,m,2025-08-06
25351,EG00025351, Heba,Ezzat,,,2022-07-30
25352,EG00025352,Mona,Abdel Rahman,M,Female,2022-10-13
25353,EG00025353,Radwa,Ali,S,F,2024-03-08
25354,EG00025354,Mostafa,Tolba,single,,2022-12-22
25355,EG00025355,Doaa,El-Sayed ,,F,2023-12-16
25356,EG00025356,Doaa,El-Masry,,f,2023-03-03
25357,EG00025357, Wael,Mahmoud ,M,Male,2025-04-01
25358,EG00025358,Karim,Fathy,M,m,2024-06-04
25359,EG00025359,Hassan,Zaki,S,,2025-03-28
25360,EG00025360, Doaa,Zaki,M,Female,2024-05-11
25361,EG00025361, Sara,Abdel Rahman ,M,,2025-05-12
25362,EG00025362,Hassan,Farid,S,M,2025-08-31
25363,EG00025363,Ahmed,Fathy,single,M,2024-01-23
25364,EG00025364,Hend,Farid,M,Female,2023-01-22
25365,EG00025365,Wael,Ezzat,S,m,2024-12-21
25366,EG00025366,Nourhan,Abdel Rahman,S,Female,2022-04-20
25367,EG00025367,Ahmed,El-Sayed,M,M,2024-07-18
25368,EG00025368,Youssef,Shawky ,married,Male,2023-12-23
25369,EG00025369,Mahmoud,Farid,S,Male,2024-11-12
25370,EG00025370,Hany,Kamel,M,,2025-04-21
25371,EG00025371,Sameh,Saad,,M,2022-12-18
25372,EG00025372,Aliaa,El-Sayed,M,,2025-06-16
25373,EG00025373, Mohamed,Nabil,married,m,2025-05-07
25374,EG00025374,Doaa,Shawky,S,F,2023-10-11
25375,EG00025375,Dina,Hassan ,S,Female,2022-02-11
25376,EG00025376,Fatma,Ibrahim ,S,f,2025-05-03
25377,EG00025377,Dina,Abdel Rahman,M,,2024-01-17
25378,EG00025378,Marwa,Ali,married,Female,2023-10-13
25379,EG00025379,Youssef,Tolba,S,M,2022-03-04
25380,EG00025380,Ibrahim,Saad,married,m,2022-07-07
25381,EG00025381,Wael,Mahmoud,single,M,2025-09-22
25382,EG00025382,Aya,Tolba,M,Female,2024-04-29
25383,EG00025383, Wael,Abdel Rahman,single,,2023-03-13
25384,EG00025384,Heba,Abdel Rahman,single,F,2022-06-20
25385,EG00025385,Omar,Nabil,S,m,2022-11-23
25386,EG00025386,Mariam,Ibrahim,M,Female,2023-07-07
25387,EG00025387,Nourhan,Mahmoud,married,F,2023-07-09
25388,EG00025388,Ibrahim,Rashad,married,,2022-06-20
25389,EG00025389,Adel,Ibrahim ,S,Male,2022-04-18
25390,EG00025390,Ibrahim,Abdel Rahman,,Male,2025-06-05
25391,EG00025391,Sara,Kamel,M,Female,2024-10-09
25392,EG00025392,Doaa,Farid,S,Female,2024-02-10
25393,EG00025393,Ibrahim,El-Masry,M,m,2023-09-27
25394,EG00025394,Aya,Mahmoud,single,,2022-08-13
25395,EG00025395,Reem,Fouad,M,,2024-10-18
25396,EG00025396,Omar,Nabil,S,,2022-04-24
25397,EG00025397,Shaimaa,Ibrahim,single,Female,2023-12-27
25398,EG00025398,Sara,Rashad,,,2023-10-30
25399,EG00025399,Hassan,Fouad ,S,Male,2022-10-09
25400,EG00025400,Yasmin,Shawky,,F,2023-12-11
25401,EG00025401,Youssef,Gaber,single,,2022-12-29
25402,EG00025402,Marwa,Fouad,M,F,2023-08-24
25403,EG00025403,Hassan,Hassan,,M,2023-08-27
25404,EG00025404,Ahmed,Hamdy,S,,2025-08-31
25405,EG00025405,Mohamed,Farid,M,,2024-01-08
25406,EG00025406,Yasmin,Abdel Rahman,M,,2024-04-21
25407,EG00025407,Mohamed,Gaber,married,M,2023-10-23
25408,EG00025408,Ahmed,El-Masry ,married,,2023-12-14
25409,EG00025409, Adel,Ibrahim,M,Male,2023-01-02
25410,EG00025410,Mona,Ezzat ,single,,2024-09-16
25411,EG00025411,Sara,Farid,S,f,2022-12-29
25412,EG00025412,Tarek,Tolba,S,m,2022-08-15
25413,EG00025413,Rana,Hamdy,,,2024-12-31
25414,EG00025414,Amr,Farid,S,M,2024-12-08
25415,EG00025415,Mahmoud,Mahmoud,S,Male,2024-08-10
25416,EG00025416,Eman,Rashad,S,f,2022-12-05
25417,EG00025417, Nourhan,Kamel,S,F,2025-02-19
25418,EG00025418,Karim,Ezzat,married,M,2024-04-06
25419,EG00025419,Mohamed,Shawky,M,Male,2023-11-22
25420,EG00025420,Doaa,Ali,M,F,2024-06-11
25421,EG00025421,Yasmin,Tolba,S,,2023-01-30
25422,EG00025422,Sara,Kamel,married,,2024-11-17
25423,EG00025423,Heba,Kamel,M,Female,2023-07-20
25424,EG00025424,Sara,Rashad,M,Female,2022-02-07
25425,EG00025425,Shaimaa,Hamdy,single,,2022-07-18
25426,EG00025426,Tarek,Ali,single,M,2024-06-14
25427,EG00025427,Reem,Rashad,M,f,2022-02-25
25428,EG00025428, Hassan,Farid,S,,2022-01-03
25429,EG00025429,Sara,Shawky,single,f,2024-08-21
25430,EG00025430,Doaa,Ibrahim,,F,2025-07-25
25431,EG00025431, Shaimaa,Abdel Rahman,M,,2025-09-03
25432,EG00025432,Mahmoud,Hamdy,M,M,2022-04-08
25433,EG00025433,Sara,Ali,S,,2023-11-04
25434,EG00025434,Radwa,Fathy,S,Female,2023-01-04
25435,EG00025435,Salma,Ibrahim,,Female,2022-01-06
25436,EG00025436,Rana,Ezzat,S,f,2025-01-03
25437,EG00025437,Fatma,Gaber,S,f,2023-11-06
25438,EG00025438, Hassan,Hamdy,,,2023-12-09
25439,EG00025439,Sherif,Ali,single,M,2024-12-22
25440,EG00025440, Fatma,Saad,married,Female,2022-07-28
25441,EG00025441,Ahmed,Ibrahim,S,Male,2024-02-05
25442,EG00025442,Ibrahim,Farid,M,m,2022-11-12
25443,EG00025443,Hend,Zaki,,Female,2024-07-06
25444,EG00025444,Sameh,Hamdy,,m,2024-01-28
25445,EG00025445, Amr,Zaki,S,,2023-02-11
25446,EG00025446, Sara,Hamdy,married,F,2023-02-21
25447,EG00025447,Heba,Zaki,M,Female,2025-01-01
25448,EG00025448,Ashraf,Abdel Rahman,S,m,2024-06-01
25449,EG00025449,Heba,Farid,S,Female,2023-10-08
25450,EG00025450,Mona,Farid ,S,Female,2022-08-11
25451,EG00025451,Nourhan,Abdel Rahman,S,,2025-06-18
25452,EG00025452,Hend,Abdel Rahman,S,f,2023-02-11
25453,EG00025453,Hassan,Kamel,married,m,2024-11-27
25454,EG00025454,Omar,Tolba,S,M,2025-06-04
25455,EG00025455,Wael,Ibrahim ,S,m,2025-01-23
25456,EG00025456,Nourhan,Farid,married,,2025-08-28
25457,EG00025457,Ali,Mahmoud,M,,2024-05-23
25458,EG00025458, Mostafa,Saad,M,m,2024-12-21
25459,EG00025459,Adel,Saad,M,M,2025-03-01
25460,EG00025460,Mariam,Hassan,,f,2023-08-27
25461,EG00025461,Radwa,Mahmoud,S,,2022-10-11
25462,EG00025462,Ahmed,Tolba,married,,2023-01-21
25463,EG00025463,Aliaa,Saad,,F,2024-05-17
25464,EG00025464,Mariam,Ibrahim,M,F,2022-11-23
25465,EG00025465,Eman,Mahmoud,S,f,2025-01-19
25466,EG00025466,Nourhan,Gaber ,,F,2024-07-09
25467,EG00025467, Mahmoud,Nabil,married,,2025-05-23
25468,EG00025468,Mariam,Fathy,,f,2023-06-26
25469,EG00025469,Ayman,Rashad,single,Male,2023-06-12
25470,EG00025470, Shaimaa,Tolba,S,f,2023-01-30
25471,EG00025471,Hend,Gaber,M,f,2024-03-03
25472,EG00025472,Mahmoud,Ali,,M,2024-05-14
25473,EG00025473, Hend,Nabil,,,2025-07-25
25474,EG00025474,Dina,Ibrahim,S,f,2024-06-30
25475,EG00025475,Ibrahim,Abdel Rahman,single,,2022-02-17
25476,EG00025476,Fatma,Gaber,,F,2023-04-27
25477,EG00025477,Heba,Hassan,S,,2023-11-24
25478,EG00025478,Yasmin,Fouad,single,Female,2023-05-20
25479,EG00025479,Omar,El-Masry,M,M,2023-12-22
25480,EG00025480,Hend,Farid,married,F,2024-06-21
25481,EG00025481,Nourhan,Fouad,S,,2024-07-08
25482,EG00025482,Hend,Shawky,single,,2024-11-12
25483,EG00025483,Hend,Gaber,S,Female,2022-11-03
25484,EG00025484,Reem,Rashad,M,f,2025-03-18
25485,EG00025485,Hany,El-Sayed,M,Male,2022-03-31
25486,EG00025486,Mariam,Ali,S,f,2024-11-24
25487,EG00025487,Hany,Abdel Rahman,,m,2023-04-30
25488,EG00025488,Amr,Rashad,M,m,2022-11-14
25489,EG00025489,Aya,Farid,M,,2024-06-01
25490,EG00025490,Mohamed,Abdel Rahman,S,M,2025-02-19
25491,EG00025491,Heba,El-Masry ,S,f,2024-04-20
25492,EG00025492,Wael,Abdel Rahman ,M,M,2022-04-18
25493,EG00025493,Karim,Farid,M,M,2025-04-14
25494,EG00025494,Fatma,Nabil ,married,F,2022-01-14
25495,EG00025495,Ayman,Ali,single,Male,2023-09-25
25496,EG00025496, Salma,Abdel Rahman ,,Female,2024-03-30
25497,EG00025497,Wael,Nabil,M,M,2025-08-17
25498,EG00025498,Rana,Kamel,,,2023-02-09
25499,EG00025499,Wael,Fathy,M,Male,2024-03-29
25500,EG00025500, Mohamed,Hamdy,single,,2022-05-15
25501,EG00025501,Wael,Hassan,S,m,2024-01-03
25502,EG00025502,Ahmed,Farid,M,,2023-06-11
25503,EG00025503,Tarek,Tolba,M,Male,2022-10-15
25504,EG00025504,Mona,Mahmoud,S,,2024-10-01
25505,EG00025505,Fatma,Hassan ,,Female,2025-03-19
25506,EG00025506,Heba,Rashad,S,,2023-10-11
25507,EG00025507,Mohamed,Fouad,S,m,2024-12-20
25508,EG00025508,Khaled,Mahmoud ,S,m,2022-02-11
25509,EG00025509,Karim,Zaki,S,Male,2025-08-10
25510,EG00025510,Dina,Abdel Rahman,,Female,2023-12-08
25511,EG00025511,Marwa,Farid,single,Female,2022-04-21
25512,EG00025512,Radwa,Hamdy,married,,2023-07-16
25513,EG00025513,Yasmin,Saad,S,F,2024-04-19
25514,EG00025514, Fatma,Ibrahim,,Female,2023-08-21
25515,EG00025515,Ayman,Saad,S,,2025-07-26
25516,EG00025516,Yasmin,Ali,S,Female,2025-05-22
25517,EG00025517,Sara,El-Sayed,S,Female,2025-08-10
25518,EG00025518,Radwa,Tolba ,married,Female,2023-04-14
25519,EG00025519,Mona,Shawky ,M,f,2023-08-11
25520,EG00025520, Hassan,Fouad,single,M,2024-11-18
25521,EG00025521, Mostafa,Fathy,,Male,2025-06-03
25522,EG00025522,Dina,Gaber,married,Female,2023-10-30
25523,EG00025523,Wael,Fathy,S,m,2024-12-07
25524,EG00025524,Youssef,Ali,S,m,2022-07-13
25525,EG00025525,Ibrahim,Fouad,,m,2024-08-09
25526,EG00025526, Sara,El-Masry,M,F,2025-06-27
25527,EG00025527,Mariam,Shawky,M,f,2024-06-27
25528,EG00025528,Rana,Fouad,M,f,2024-05-25
25529,EG00025529, Aliaa,Kamel,,F,2023-06-07
25530,EG00025530,Sara,El-Masry,single,f,2024-06-22
25531,EG00025531,Radwa,Gaber,M,,2023-02-04
25532,EG00025532,Eman,Ali,S,Female,2022-08-09
25533,EG00025533,Sameh,Ezzat,,m,2024-12-15
25534,EG00025534,Ali,Kamel ,M,Male,2022-08-03
25535,EG00025535,Doaa,Tolba,S,,2025-01-17
25536,EG00025536,Nour,Ezzat,M,f,2022-05-25
25537,EG00025537, Eman,Abdel Rahman,single,Female,2024-10-10
25538,EG00025538,Nourhan,Hassan,S,,2024-02-17
25539,EG00025539, Sara,Kamel ,S,F,2022-12-18
25540,EG00025540,Marwa,Farid,,Female,2024-12-04
25541,EG00025541,Sara,Ibrahim,S,f,2024-11-16
25542,EG00025542, Mostafa,Fathy,S,m,2024-10-12
25543,EG00025543,Doaa,Fathy,single,f,2024-10-16
25544,EG00025544,Nourhan,El-Sayed,single,,2023-10-12
25545,EG00025545,Youssef,Hassan,single,Male,2023-02-27
25546,EG00025546,Yasmin,Ibrahim,M,F,2023-09-28
25547,EG00025547,Aya,Zaki,S,,2025-09-13
25548,EG00025548,Reem,Tolba,single,,2022-12-27
25549,EG00025549,Heba,Rashad,single,f,2024-10-06
25550,EG00025550,Fatma,Ezzat,single,,2024-12-17
25551,EG00025551, Mariam,Hamdy,,f,2023-12-17
25552,EG00025552,Omar,Ibrahim ,,,2024-07-16
25553,EG00025553,Ahmed,El-Masry ,S,Male,2024-04-28
25554,EG00025554,Fatma,Zaki,M,,2022-01-20
25555,EG00025555,Ibrahim,Mahmoud,S,M,2022-01-03
25556,EG00025556,Ali,Ezzat,S,,2024-01-29
25557,EG00025557,Nourhan,Ezzat,single,f,2025-04-19
25558,EG00025558, Radwa,Nabil ,S,,2024-11-30
25559,EG00025559,Doaa,Ibrahim,M,f,2023-05-15
25560,EG00025560,Ayman,Nabil,single,m,2022-08-29
25561,EG00025561,Radwa,Ibrahim,married,,2023-11-16
25562,EG00025562,Hany,Abdel Rahman,S,m,2023-08-30
25563,EG00025563, Adel,Zaki,,M,2025-07-24
25564,EG00025564,Yasmin,Tolba,married,,2022-08-17
25565,EG00025565, Sara,El-Masry,M,,2022-09-07
25566,EG00025566,Doaa,Mahmoud,M,F,2023-11-11
25567,EG00025567, Hassan,Ali,,,2024-06-26
25568,EG00025568,Heba,Ali,M,,2022-03-08
25569,EG00025569,Sara,Rashad,married,F,2022-11-01
25570,EG00025570,Ayman,Saad,married,,2025-01-13
25571,EG00025571,Radwa,Hamdy,,f,2023-06-09
25572,EG00025572,Hany,Ezzat,single,,2025-01-06
25573,EG00025573,Rana,Hamdy,M,f,2022-01-26
25574,EG00025574, Ashraf,Hamdy,M,Male,2025-04-24
25575,EG00025575,Mariam,Ali,married,f,2024-02-27
25576,EG00025576, Yasmin,Hassan,M,F,2023-07-22
25577,EG00025577,Adel,El-Sayed,S,,2023-09-24
25578,EG00025578, Khaled,Hamdy,S,Male,2025-08-03
25579,EG00025579,Amr,Ali,single,m,2024-08-18
25580,EG00025580,Khaled,Ali,S,Male,2022-08-06
25581,EG00025581,Khaled,Shawky,S,Male,2024-06-20
25582,EG00025582,Tarek,Farid,S,M,2023-12-12
25583,EG00025583,Ibrahim,Ali,S,m,2024-10-09
25584,EG00025584,Youssef,Zaki,married,M,2022-02-13
25585,EG00025585,Sara,Farid,married,Female,2023-09-24
25586,EG00025586,Mostafa,Farid,S,,2024-08-13
25587,EG00025587,Ayman,Fouad ,married,,2022-04-13
25588,EG00025588,Ibrahim,Saad,M,Male,2022-01-24
25589,EG00025589,Doaa,El-Masry,single,Female,2024-09-18
25590,EG00025590, Tarek,Ibrahim ,S,Male,2022-05-13
25591,EG00025591,Fatma,Hamdy,M,f,2022-11-08
25592,EG00025592,Doaa,Nabil,S,F,2025-06-03
25593,EG00025593,Eman,Ezzat,M,Female,2022-06-04
25594,EG00025594,Youssef,Ibrahim,M,m,2023-03-11
25595,EG00025595,Doaa,Kamel,married,,2024-08-27
25596,EG00025596,Adel,Gaber,M,,2024-11-02
25597,EG00025597,Khaled,Zaki,S,Male,2023-02-11
25598,EG00025598,Aya,Rashad ,,F,2022-08-29
25599,EG00025599,Ibrahim,Gaber,married,M,2024-01-30
25600,EG00025600,Amr,Zaki,S,m,2022-11-18
25601,EG00025601, Wael,Ezzat,,,2023-05-12
25602,EG00025602,Hany,Gaber,M,m,2022-10-29
25603,EG00025603,Dina,Fouad ,M,Female,2024-09-15
25604,EG00025604,Reem,Farid ,M,f,2024-02-05
25605,EG00025605,Ahmed,Farid,S,Male,2024-12-07
25606,EG00025606,Tarek,Saad,S,,2025-01-13
25607,EG00025607,Sameh,Shawky,,,2023-01-04
25608,EG00025608,Hany,Ibrahim,M,Male,2024-11-03
25609,EG00025609, Heba,Shawky ,S,f,2022-10-06
25610,EG00025610,Yasmin,Fathy,M,,2024-02-04
25611,EG00025611,Youssef,Hassan,single,,2022-02-20
25612,EG00025612,Tarek,Ali,M,,2023-11-23
25613,EG00025613,Shaimaa,Saad,single,,2022-07-03
25614,EG00025614,Hany,Tolba,,M,2023-11-13
25615,EG00025615,Sameh,El-Sayed,single,M,2022-12-27
25616,EG00025616,Khaled,Zaki,M,Male,2023-02-04
25617,EG00025617,Nourhan,Fouad,M,Female,2024-02-25
25618,EG00025618, Mahmoud,Kamel,single,m,2023-07-29
25619,EG00025619,Aya,Fouad,,,2022-09-07
25620,EG00025620,Sameh,Mahmoud,M,M,2024-06-04
25621,EG00025621,Ayman,Zaki ,M,m,2024-11-28
25622,EG00025622, Ayman,Kamel,,,2022-01-31
25623,EG00025623,Rana,El-Masry,married,F,2022-04-28
25624,EG00025624,Mostafa,Fathy,,Male,2025-08-26
25625,EG00025625,Rana,Gaber,M,Female,2022-05-31
25626,EG00025626,Amr,Gaber,,M,2025-01-28
25627,EG00025627, Mariam,Saad,S,,2022-07-23
25628,EG00025628,Doaa,El-Sayed,M,F,2023-05-16
25629,EG00025629,Marwa,Ibrahim,,Female,2023-06-19
25630,EG00025630,Heba,El-Masry ,M,f,2024-06-02
25631,EG00025631,Radwa,Farid,M,F,2025-04-17
25632,EG00025632,Sameh,Mahmoud,S,m,2022-04-06
25633,EG00025633,Eman,El-Masry,,Female,2022-12-28
25634,EG00025634,Adel,Ali,S,,2023-07-26
25635,EG00025635, Rana,Zaki,M,F,2022-09-09
25636,EG00025636,Ali,Ezzat,M,M,2023-03-21
25637,EG00025637, Karim,Fathy ,,M,2024-07-06
25638,EG00025638,Tarek,El-Sayed,M,Male,2024-12-13
25639,EG00025639,Youssef,Rashad,S,,2023-03-24
25640,EG00025640,Hassan,Ali,M,m,2024-03-22
25641,EG00025641, Adel,Tolba,M,M,2022-03-29
25642,EG00025642,Youssef,Hamdy,married,Male,2022-05-12
25643,EG00025643,Ali,El-Sayed,S,M,2023-03-17
25644,EG00025644, Sara,El-Sayed,,F,2025-05-07
25645,EG00025645,Mariam,Hassan,M,,2022-06-18
25646,EG00025646,Ali,Mahmoud,M,m,2022-03-16
25647,EG00025647,Mona,Mahmoud,,F,2024-06-07
25648,EG00025648,Sherif,Abdel Rahman,S,M,2024-04-03
25649,EG00025649,Mostafa,Kamel ,S,Male,2024-02-13
25650,EG00025650, Wael,Abdel Rahman,single,M,2023-11-24
25651,EG00025651,Amr,Abdel Rahman ,M,,2023-02-20
25652,EG00025652,Ashraf,Kamel ,S,M,2025-07-30
25653,EG00025653,Ibrahim,Tolba,S,m,2023-04-30
25654,EG00025654,Khaled,Shawky,S,,2023-07-24
25655,EG00025655, Khaled,Zaki,,M,2022-01-24
25656,EG00025656, Adel,Nabil,M,,2024-01-09
25657,EG00025657,Youssef,Nabil,S,Male,2024-03-12
25658,EG00025658,Mariam,Ibrahim,single,Female,2024-01-09
25659,EG00025659,Nourhan,Nabil ,,F,2025-08-15
25660,EG00025660,Karim,Fathy ,S,M,2025-05-13
25661,EG00025661,Ali,Ibrahim ,M,Male,2022-03-08
25662,EG00025662,Reem,Ali,M,,2024-08-03
25663,EG00025663,Mona,Ibrahim ,M,f,2025-09-17
25664,EG00025664,Sameh,Nabil,single,,2023-12-10
25665,EG00025665,Shaimaa,Rashad,married,f,2022-01-21
25666,EG00025666,Ahmed,Fouad,M,M,2022-03-03
25667,EG00025667,Ali,Gaber,married,Male,2022-07-01
25668,EG00025668,Salma,Kamel,single,,2022-08-24
25669,EG00025669,Salma,Gaber,S,Female,2023-12-29
25670,EG00025670, Adel,Mahmoud,S,,2025-04-08
25671,EG00025671,Salma,El-Masry,S,f,2024-07-08
25672,EG00025672,Ashraf,Fouad,S,M,2025-03-04
25673,EG00025673, Hassan,Gaber,S,,2025-09-23
25674,EG00025674,Aliaa,Mahmoud,S,,2023-08-29
25675,EG00025675,Wael,Mahmoud ,M,Male,2022-12-14
25676,EG00025676,Reem,Fathy ,S,F,2024-07-10
25677,EG00025677,Rana,El-Sayed,S,Female,2022-05-22
25678,EG00025678,Mona,Fouad ,M,,2025-06-11
25679,EG00025679,Sherif,Rashad,S,,2023-01-20
25680,EG00025680,Amr,Zaki,S,M,2025-01-17
25681,EG00025681,Ashraf,Farid,M,M,2022-10-07
25682,EG00025682,Ali,Nabil,married,,2024-02-10
25683,EG00025683,Aliaa,Rashad,S,F,2025-02-10
25684,EG00025684,Mona,Mahmoud ,married,Female,2023-05-23
25685,EG00025685,Sherif,Hamdy,,m,2024-11-19
25686,EG00025686,Nour,Ibrahim,S,F,2023-05-29
25687,EG00025687,Sameh,Kamel,S,m,2023-01-16
25688,EG00025688, Reem,Tolba,S,F,2023-12-16
25689,EG00025689,Sameh,Fathy,S,Male,2023-02-03
25690,EG00025690,Mostafa,El-Masry ,single,m,2022-04-19
25691,EG00025691,Adel,Saad ,M,,2024-08-08
25692,EG00025692,Eman,Kamel,,F,2022-02-05
25693,EG00025693,Mariam,El-Masry,S,Female,2024-09-20
25694,EG00025694,Salma,Ezzat,married,,2025-04-25
25695,EG00025695,Tarek,Abdel Rahman,M,m,2025-02-05
25696,EG00025696,Dina,Ali,S,Female,2024-04-26
25697,EG00025697,Hend,Zaki,,f,2025-02-27
25698,EG00025698,Rana,Farid,M,f,2023-06-26
25699,EG00025699,Wael,Mahmoud,,M,2025-03-15
25700,EG00025700,Ibrahim,Farid,married,M,2023-06-28
25701,EG00025701,Khaled,Nabil,M,m,2022-11-04
25702,EG00025702, Nourhan,Rashad,M,F,2023-12-27
25703,EG00025703,Ashraf,Ali ,single,Male,2023-01-17
25704,EG00025704,Mostafa,Abdel Rahman,M,,2023-05-26
25705,EG00025705,Youssef,Fathy,S,m,2023-08-12
25706,EG00025706,Amr,Ezzat,S,,2025-02-24
25707,EG00025707, Mostafa,Ali,S,,2024-02-21
25708,EG00025708,Ahmed,Hamdy,M,m,2023-12-06
25709,EG00025709,Nour,Fouad,S,,2023-09-18
25710,EG00025710,Heba,Hassan,,Female,2025-04-28
25711,EG00025711,Ali,Shawky,S,M,2025-01-22
25712,EG00025712,Dina,Rashad,,Female,2024-08-28
25713,EG00025713,Ali,Ezzat ,,M,2023-06-26
25714,EG00025714, Sameh,Zaki,M,Male,2023-08-06
25715,EG00025715,Rana,Rashad,S,,2023-02-25
25716,EG00025716,Nourhan,Mahmoud,M,f,2024-06-07
25717,EG00025717,Youssef,Fouad,,M,2023-01-25
25718,EG00025718,Yasmin,Kamel,single,F,2023-09-18
25719,EG00025719, Mariam,Abdel Rahman,,f,2023-07-22
25720,EG00025720,Youssef,Shawky,,m,2024-09-04
25721,EG00025721,Adel,Farid ,M,,2025-08-22
25722,EG00025722,Mahmoud,El-Masry,S,M,2024-01-16
25723,EG00025723,Heba,Tolba,,f,2022-03-11
25724,EG00025724,Youssef,Fathy ,S,m,2023-05-16
25725,EG00025725,Fatma,El-Masry,S,f,2024-11-12
25726,EG00025726,Salma,Zaki,M,Female,2024-12-22
25727,EG00025727,Ahmed,Gaber,S,,2024-09-11
25728,EG00025728,Mahmoud,Saad,,m,2025-05-17
25729,EG00025729,Eman,Abdel Rahman,married,f,2023-01-12
25730,EG00025730,Marwa,Ali,M,Female,2023-05-17
25731,EG00025731,Eman,Saad,married,f,2022-03-29
25732,EG00025732,Rana,Nabil,married,F,2023-11-29
25733,EG00025733,Rana,Abdel Rahman,M,,2025-02-05
25734,EG00025734,Youssef,Tolba,S,Male,2022-06-08
25735,EG00025735,Adel,Ibrahim,married,m,2022-03-18
25736,EG00025736,Mostafa,Kamel,,Male,2024-04-04
25737,EG00025737,Amr,Hamdy,M,M,2024-09-09
25738,EG00025738,Karim,Hamdy,single,,2023-01-21
25739,EG00025739,Fatma,Abdel Rahman,,F,2024-05-23
25740,EG00025740, Radwa,Nabil,,Female,2025-08-12
25741,EG00025741,Mostafa,Shawky,M,,2024-01-31
25742,EG00025742,Fatma,Saad,M,,2024-09-13
25743,EG00025743,Marwa,Ezzat,S,Female,2024-10-31
25744,EG00025744,Mostafa,Hassan,married,m,2024-06-19
25745,EG00025745,Salma,Rashad,M,,2022-03-18
25746,EG00025746,Yasmin,Fouad ,S,,2024-10-13
25747,EG00025747,Karim,Ali,M,Male,2025-04-18
25748,EG00025748,Ali,Ali,M,,2023-03-03
25749,EG00025749, Ashraf,Nabil,,M,2023-09-15
25750,EG00025750, Wael,Fouad,,M,2024-11-15
25751,EG00025751,Reem,Gaber ,M,F,2025-06-12
25752,EG00025752,Mariam,El-Masry,M,f,2022-06-13
25753,EG00025753,Karim,Zaki,M,Male,2025-04-19
25754,EG00025754,Rana,Ezzat ,M,Female,2024-07-07
25755,EG00025755,Mona,Gaber,M,f,2025-02-11
25756,EG00025756,Ahmed,El-Masry,married,Male,2024-03-18
25757,EG00025757,Ibrahim,Gaber,single,Male,2022-08-26
25758,EG00025758, Ashraf,Shawky ,M,,2022-08-27
25759,EG00025759,Fatma,Gaber ,M,,2022-02-12
25760,EG00025760,Tarek,Nabil,M,M,2024-11-11
25761,EG00025761,Tarek,Fathy,married,,2025-06-23
25762,EG00025762,Reem,Hamdy,S,,2022-02-04
25763,EG00025763,Shaimaa,Fathy,M,F,2024-02-03
25764,EG00025764,Khaled,Saad,S,,2025-04-20
25765,EG00025765,Nourhan,Mahmoud,single,F,2024-11-18
25766,EG00025766,Reem,Saad,S,F,2023-01-31
25767,EG00025767,Dina,Nabil,S,f,2024-03-10
25768,EG00025768,Ashraf,Abdel Rahman,married,m,2022-11-20
25769,EG00025769,Ahmed,Zaki,M,M,2022-12-01
25770,EG00025770,Amr,Fouad,S,,2025-05-27
25771,EG00025771,Mohamed,El-Masry,married,,2022-09-26
25772,EG00025772,Mohamed,Shawky,S,,2024-12-15
25773,EG00025773,Hany,Hassan,married,M,2023-08-07
25774,EG00025774,Khaled,Shawky,M,,2025-05-26
25775,EG00025775,Eman,Fathy,M,Female,2025-05-16
25776,EG00025776,Radwa,Fathy,M,Female,2023-11-04
25777,EG00025777,Eman,Ali ,,Female,2023-11-17
25778,EG00025778,Mariam,El-Sayed,single,Female,2023-09-03
25779,EG00025779,Adel,Saad,M,,2025-03-16
25780,EG00025780,Nour,Abdel Rahman,S,,2024-11-02
25781,EG00025781,Doaa,Ibrahim,M,f,2025-03-02
25782,EG00025782,Tarek,Ali,,M,2025-06-30
25783,EG00025783,Doaa,Mahmoud,S,,2023-07-26
25784,EG00025784,Hany,Mahmoud,S,Male,2022-11-05
25785,EG00025785, Shaimaa,Farid,S,,2025-08-22
25786,EG00025786,Adel,El-Masry ,S,M,2025-06-10
25787,EG00025787,Ayman,Ali,S,m,2024-07-08
25788,EG00025788,Adel,Ibrahim,,M,2022-02-08
25789,EG00025789,Shaimaa,El-Masry ,single,,2024-01-04
25790,EG00025790,Omar,Fathy,M,m,2023-10-23
25791,EG00025791,Aliaa,Zaki,M,Female,2024-03-18
25792,EG00025792,Youssef,El-Masry ,M,m,2024-04-12
25793,EG00025793,Aliaa,Saad,M,f,2025-02-24
25794,EG00025794, Heba,Rashad ,M,f,2024-04-19
25795,EG00025795,Tarek,Zaki,,Male,2024-04-04
25796,EG00025796,Mona,Fouad,married,Female,2023-04-06
25797,EG00025797,Salma,Fouad,married,Female,2025-02-27
25798,EG00025798,Salma,Ali,M,f,2022-04-10
25799,EG00025799,Youssef,El-Sayed,S,m,2024-12-26
25800,EG00025800,Ahmed,Tolba ,M,,2023-10-21
25801,EG00025801,Tarek,Ezzat,M,M,2022-03-20
25802,EG00025802,Ayman,El-Sayed,married,Male,2022-09-30
25803,EG00025803,Mariam,Fouad,S,,2023-11-01
25804,EG00025804,Yasmin,Hamdy,married,F,2025-08-27
25805,EG00025805,Wael,Hamdy,married,m,2023-05-10
25806,EG00025806,Khaled,Gaber,S,m,2022-02-10
25807,EG00025807,Adel,Fouad,M,,2022-06-21
25808,EG00025808,Rana,Tolba,married,Female,2022-04-19
25809,EG00025809, Salma,Hassan ,S,F,2025-07-27
25810,EG00025810,Dina,El-Sayed,M,f,2023-06-08
25811,EG00025811,Mona,Ezzat,M,F,2023-03-28
25812,EG00025812,Hend,Hamdy,S,F,2022-06-05
25813,EG00025813, Sameh,Zaki,M,Male,2023-03-11
25814,EG00025814,Aya,El-Sayed,married,,2022-09-14
25815,EG00025815,Mariam,El-Masry,married,f,2024-11-03
25816,EG00025816,Aliaa,Gaber,married,Female,2022-03-30
25817,EG00025817, Aya,Zaki,S,F,2024-02-06
25818,EG00025818,Hassan,Mahmoud,S,Male,2024-05-05
25819,EG00025819, Fatma,Kamel,single,,2022-08-11
25820,EG00025820,Ayman,Ezzat,single,,2022-11-15
25821,EG00025821,Dina,Ibrahim,S,,2023-09-26
25822,EG00025822,Ayman,Fouad,M,M,2023-10-19
25823,EG00025823,Mariam,Mahmoud,single,f,2022-08-09
25824,EG00025824,Sara,El-Masry,married,Female,2023-01-22
25825,EG00025825,Mohamed,Abdel Rahman,married,m,2023-01-17
25826,EG00025826, Ali,Kamel,S,Male,2023-12-11
25827,EG00025827,Yasmin,Saad,M,Female,2024-06-25
25828,EG00025828,Khaled,Zaki,S,m,2022-05-27
25829,EG00025829, Ashraf,Ezzat,,Male,2024-06-30
25830,EG00025830,Marwa,El-Sayed,married,F,2025-03-04
25831,EG00025831,Radwa,El-Sayed,M,,2024-11-27
25832,EG00025832,Ahmed,Hassan,married,Male,2025-07-16
25833,EG00025833,Nourhan,Ibrahim,S,,2022-11-19
25834,EG00025834, Nourhan,Hamdy,M,,2022-07-23
25835,EG00025835,Mona,Saad,married,F,2025-09-22
25836,EG00025836,Mohamed,El-Masry,M,M,2023-06-01
25837,EG00025837,Eman,Mahmoud,M,F,2025-07-19
25838,EG00025838,Aya,Rashad,M,f,2022-03-26
25839,EG00025839,Tarek,Fouad,S,,2023-04-28
25840,EG00025840, Ashraf,El-Masry,,M,2022-09-05
25841,EG00025841,Mahmoud,Mahmoud,M,m,2025-06-04
25842,EG00025842,Ali,Zaki,M,,2022-06-19
25843,EG00025843,Hend,Farid ,S,,2025-03-19
25844,EG00025844,Sherif,El-Sayed,M,M,2025-01-18
25845,EG00025845, Omar,Fathy ,single,,2022-06-13
25846,EG00025846,Mahmoud,Hassan,S,M,2024-10-05
25847,EG00025847,Fatma,Shawky,S,f,2022-03-19
25848,EG00025848,Mariam,Nabil,M,F,2024-03-25
25849,EG00025849,Yasmin,Fathy,M,Female,2023-07-30
25850,EG00025850,Nour,Mahmoud,S,,2024-07-19
25851,EG00025851,Wael,Hamdy,M,M,2023-06-08
25852,EG00025852, Adel,Ali,married,M,2024-10-28
25853,EG00025853,Radwa,Zaki,single,F,2022-08-03
25854,EG00025854,Hany,Mahmoud,S,,2025-07-30
25855,EG00025855,Reem,Rashad,S,,2025-04-28
25856,EG00025856,Khaled,Abdel Rahman,single,Male,2025-07-20
25857,EG00025857,Radwa,Zaki,S,f,2024-09-16
25858,EG00025858,Shaimaa,Shawky,S,F,2023-08-15
25859,EG00025859,Heba,Fathy,S,f,2022-02-23
25860,EG00025860, Sara,Ibrahim,married,,2023-12-17
25861,EG00025861,Aya,Hamdy,married,,2023-08-19
25862,EG00025862,Mostafa,Fathy,S,,2022-10-16
25863,EG00025863,Mohamed,Fathy,M,M,2024-08-30
25864,EG00025864,Ali,Abdel Rahman,,M,2023-06-13
25865,EG00025865,Adel,Saad,S,M,2022-12-07
25866,EG00025866,Marwa,Ibrahim,M,F,2024-03-25
25867,EG00025867,Aliaa,El-Masry ,M,F,2024-04-08
25868,EG00025868,Ahmed,Tolba ,married,,2024-05-01
25869,EG00025869,Dina,Ezzat,M,,2023-02-18
25870,EG00025870, Nour,Hassan,M,,2024-12-13
25871,EG00025871,Aya,Farid,S,Female,2024-08-26
25872,EG00025872,Sherif,Zaki,,Male,2023-01-28
25873,EG00025873,Salma,El-Sayed,M,,2025-01-07
25874,EG00025874,Radwa,Abdel Rahman,S,,2025-07-07
25875,EG00025875,Sara,Abdel Rahman,single,f,2025-09-06
25876,EG00025876,Mariam,Ali,,Female,2025-08-16
25877,EG00025877,Hany,Hassan,S,,2025-09-28
25878,EG00025878, Karim,Abdel Rahman,M,m,2023-11-21
25879,EG00025879,Fatma,Hassan,,Female,2025-07-12
25880,EG00025880,Khaled,Saad ,M,M,2024-06-08
25881,EG00025881, Adel,Saad,single,,2024-03-25
25882,EG00025882,Amr,Ibrahim,S,Male,2022-06-21
25883,EG00025883,Hassan,Fathy,M,m,2023-10-21
25884,EG00025884,Marwa,Mahmoud,M,,2025-06-14
25885,EG00025885,Tarek,El-Masry,S,M,2024-05-19
25886,EG00025886, Nourhan,Kamel,single,Female,2023-05-10
25887,EG00025887,Ayman,Farid,,m,2022-10-14
25888,EG00025888,Marwa,Abdel Rahman,S,f,2025-04-10
25889,EG00025889,Nour,Farid,,F,2025-02-13
25890,EG00025890,Mona,Fouad,M,,2024-09-03
25891,EG00025891,Khaled,Ali,,M,2022-09-25
25892,EG00025892,Nourhan,Shawky ,married,F,2025-06-29
25893,EG00025893,Aya,Fouad,S,f,2022-09-22
25894,EG00025894,Nourhan,Zaki,married,F,2024-04-24
25895,EG00025895,Youssef,El-Masry,M,Male,2025-09-07
25896,EG00025896,Adel,Nabil,S,Male,2022-01-15
25897,EG00025897,Sherif,Hamdy,,M,2024-09-19
25898,EG00025898,Hend,Nabil,S,f,2025-01-22
25899,EG00025899,Omar,El-Sayed ,,m,2023-02-07
25900,EG00025900,Doaa,Nabil,married,f,2023-06-09
25901,EG00025901,Yasmin,Nabil,,F,2024-03-03
25902,EG00025902,Amr,Ezzat,M,,2023-12-24
25903,EG00025903,Hend,Ali ,single,F,2022-03-08
25904,EG00025904,Tarek,Hamdy,single,M,2025-07-12
25905,EG00025905,Ashraf,Saad,married,Male,2024-11-30
25906,EG00025906,Salma,Rashad,single,F,2022-10-03
25907,EG00025907,Radwa,Hassan,M,F,2023-10-21
25908,EG00025908,Marwa,Gaber,S,F,2024-07-12
25909,EG00025909,Aya,El-Masry,S,F,2025-09-07
25910,EG00025910,Ahmed,Rashad,,M,2024-04-04
25911,EG00025911,Nour,Zaki,,Female,2022-03-09
25912,EG00025912,Ashraf,Abdel Rahman,M,,2025-08-03
25913,EG00025913,Shaimaa,Hamdy,M,f,2025-01-31
25914,EG00025914,Reem,Farid,S,F,2024-01-18
25915,EG00025915,Omar,Saad,S,m,2022-01-01
25916,EG00025916,Ibrahim,Fathy,M,,2025-07-13
25917,EG00025917,Karim,Mahmoud,S,,2022-05-25
25918,EG00025918,Adel,Hassan,single,m,2022-12-07
25919,EG00025919,Ashraf,Hamdy,M,M,2024-01-21
25920,EG00025920,Fatma,Ezzat,,F,2024-07-01
25921,EG00025921,Karim,Hamdy,M,Male,2022-11-13
25922,EG00025922,Heba,Gaber,S,f,2024-03-10
25923,EG00025923,Adel,Tolba,,,2025-08-13
25924,EG00025924,Doaa,Gaber ,,f,2023-04-16
25925,EG00025925,Sherif,Ezzat,M,m,2024-11-21
25926,EG00025926,Hassan,Shawky,married,M,2024-06-09
25927,EG00025927,Ayman,Ibrahim,,,2024-01-19
25928,EG00025928,Ahmed,Kamel ,single,M,2025-06-02
25929,EG00025929,Fatma,Farid,single,f,2025-08-28
25930,EG00025930,Mahmoud,Hamdy,,M,2023-07-17
25931,EG00025931, Aya,Rashad ,,F,2024-08-27
25932,EG00025932,Sameh,Fouad,,,2023-07-08
25933,EG00025933,Sara,Mahmoud,M,,2023-12-11
25934,EG00025934,Wael,El-Sayed,,M,2023-12-30
25935,EG00025935,Mariam,Hassan,married,f,2025-09-08
25936,EG00025936,Aliaa,Gaber,,f,2023-11-08
25937,EG00025937,Mona,Farid,,Female,2024-05-19
25938,EG00025938,Ahmed,Ali,S,m,2023-03-09
25939,EG00025939,Yasmin,Fouad,single,Female,2024-09-17
25940,EG00025940,Ahmed,Kamel,,M,2024-03-16
25941,EG00025941,Yasmin,Nabil,S,Female,2024-08-26
25942,EG00025942,Rana,Nabil,M,,2023-05-13
25943,EG00025943,Adel,Fathy,,M,2025-06-19
25944,EG00025944,Mohamed,Mahmoud,M,Male,2025-08-05
25945,EG00025945,Salma,Hassan,married,f,2022-04-04
25946,EG00025946, Mahmoud,Fathy,,,2023-12-07
25947,EG00025947,Dina,Fathy,,f,2024-10-23
25948,EG00025948,Nourhan,Ezzat,S,Female,2022-10-12
25949,EG00025949,Marwa,Farid,,Female,2022-02-20
25950,EG00025950,Nourhan,Fouad,,f,2025-09-09
25951,EG00025951,Salma,Saad,S,F,2022-12-26
25952,EG00025952,Mona,Fouad,married,f,2023-05-04
25953,EG00025953,Aliaa,Zaki,S,Female,2023-08-13
25954,EG00025954,Mariam,Nabil,S,Female,2022-03-14
25955,EG00025955,Nourhan,Fathy,M,Female,2025-08-21
25956,EG00025956, Youssef,Saad,S,m,2024-12-31
25957,EG00025957,Mona,Zaki,M,f,2025-03-23
25958,EG00025958,Amr,Abdel Rahman,S,M,2025-06-15
25959,EG00025959, Aliaa,Hassan ,S,,2024-06-23
25960,EG00025960,Salma,Fathy,,F,2025-04-29
25961,EG00025961,Doaa,Kamel,M,,2025-03-20
25962,EG00025962,Radwa,Fouad,single,Female,2024-09-09
25963,EG00025963,Marwa,Rashad,M,F,2024-03-11
25964,EG00025964,Sameh,El-Masry,single,Male,2024-12-08
25965,EG00025965,Adel,Nabil,M,Male,2022-11-29
25966,EG00025966,Hany,Tolba,S,Male,2023-02-01
25967,EG00025967, Karim,Farid,married,,2023-09-05
25968,EG00025968,Karim,Rashad,S,Male,2025-01-06
25969,EG00025969,Hend,Tolba,married,F,2025-08-04
25970,EG00025970, Mostafa,Saad ,,m,2024-07-12
25971,EG00025971,Omar,Saad,,Male,2022-08-12
25972,EG00025972,Khaled,Fouad,M,m,2024-01-28
25973,EG00025973,Mahmoud,Nabil,S,M,2024-02-24
25974,EG00025974,Hany,Fouad,married,Male,2025-05-07
25975,EG00025975,Sameh,Farid,S,m,2023-02-25
25976,EG00025976,Hany,Fouad,M,M,2022-04-02
25977,EG00025977,Mariam,El-Masry,S,f,2023-03-02
25978,EG00025978,Hend,Ibrahim,single,,2023-03-03
25979,EG00025979,Sherif,Shawky,single,m,2025-04-28
25980,EG00025980,Sara,El-Sayed ,single,F,2023-07-05
25981,EG00025981,Sherif,Ali,single,,2024-11-05
25982,EG00025982,Sara,Fouad,S,Female,2022-12-14
25983,EG00025983,Sara,Kamel,S,Female,2025-09-03
25984,EG00025984,Yasmin,El-Sayed,single,Female,2023-05-01
25985,EG00025985,Ali,Hassan,,M,2022-01-09
25986,EG00025986,Mona,Saad,S,f,2023-02-07
25987,EG00025987,Sara,Saad,M,f,2023-03-25
25988,EG00025988,Mona,Ezzat,,F,2024-12-12
25989,EG00025989,Adel,Fouad,married,,2023-09-01
25990,EG00025990, Eman,Rashad,single,Female,2024-09-27
25991,EG00025991, Amr,Saad,single,m,2024-04-11
25992,EG00025992,Mariam,Tolba ,S,,2024-01-29
25993,EG00025993,Omar,Hamdy ,M,,2023-12-12
25994,EG00025994,Marwa,Zaki,single,F,2025-08-15
25995,EG00025995,Reem,Rashad,M,f,2022-12-02
25996,EG00025996,Mahmoud,Nabil,S,M,2024-03-28
25997,EG00025997, Youssef,Tolba ,M,,2022-07-26
25998,EG00025998,Ali,Abdel Rahman ,single,M,2023-09-09
25999,EG00025999,Mohamed,Kamel ,married,m,2023-03-19
26000,EG00026000,Adel,Farid,married,M,2023-07-07
26001,EG00026001,Karim,Nabil,M,Male,2025-05-02
26002,EG00026002,Mahmoud,Nabil,single,m,2022-04-25
26003,EG00026003,Ahmed,Ali,,m,2025-01-20
26004,EG00026004,Hassan,Abdel Rahman,married,,2025-03-07
26005,EG00026005,Khaled,Gaber,S,,2022-08-27
26006,EG00026006,Hend,El-Sayed,single,Female,2024-04-15
26007,EG00026007, Nourhan,Nabil,married,,2024-07-27
26008,EG00026008, Heba,Shawky,,f,2022-01-01
26009,EG00026009, Sara,Zaki,M,,2022-04-23
26010,EG00026010,Wael,Fathy,S,,2024-08-20
26011,EG00026011,Mostafa,Hassan,married,m,2024-05-29
26012,EG00026012,Ashraf,Kamel,single,,2024-07-11
26013,EG00026013,Heba,Rashad,S,f,2024-10-26
26014,EG00026014,Youssef,Fouad,M,m,2022-11-25
26015,EG00026015,Amr,Saad ,,Male,2022-12-28
26016,EG00026016,Amr,Gaber ,M,,2022-02-26
26017,EG00026017,Sara,Ali,M,Female,2023-11-25
26018,EG00026018,Mahmoud,Tolba,S,,2024-06-25
26019,EG00026019,Sameh,Tolba,married,Male,2022-03-12
26020,EG00026020,Hend,El-Sayed,M,f,2025-08-09
26021,EG00026021,Aya,Ali,S,f,2023-03-01
26022,EG00026022,Marwa,Tolba,single,F,2023-11-29
26023,EG00026023,Mohamed,Tolba,,,2024-01-11
26024,EG00026024,Sara,Saad,married,,2022-09-22
26025,EG00026025, Mahmoud,Fathy,,,2022-05-24
26026,EG00026026,Doaa,Nabil,single,,2023-08-07
26027,EG00026027,Mona,El-Sayed ,,f,2024-01-22
26028,EG00026028,Mona,Mahmoud,,f,2025-09-23
26029,EG00026029,Hany,Ibrahim,M,Male,2025-07-24
26030,EG00026030,Nour,Ali ,married,Female,2023-12-29
26031,EG00026031,Rana,Nabil,single,,2024-07-01
26032,EG00026032,Marwa,Ibrahim,married,Female,2022-04-12
26033,EG00026033,Eman,Shawky ,M,,2023-07-01
26034,EG00026034,Tarek,Gaber,M,M,2024-05-30
26035,EG00026035,Aya,Abdel Rahman,S,Female,2023-03-28
26036,EG00026036,Sara,Fathy,married,Female,2023-01-25
26037,EG00026037, Mohamed,Zaki,M,m,2025-08-25
26038,EG00026038,Ayman,Ezzat,S,m,2022-12-01
26039,EG00026039,Rana,Shawky,M,,2022-05-07
26040,EG00026040,Aliaa,Shawky,M,f,2022-03-17
26041,EG00026041,Mariam,Hamdy,single,F,2022-03-17
26042,EG00026042,Karim,Nabil,,M,2024-02-01
26043,EG00026043,Doaa,Nabil ,single,,2023-09-22
26044,EG00026044,Ahmed,Fouad ,S,M,2024-06-18
26045,EG00026045,Amr,Hassan,,m,2022-03-05
26046,EG00026046,Eman,Zaki,M,Female,2022-04-26
26047,EG00026047, Fatma,Kamel,single,Female,2023-02-28
26048,EG00026048,Ahmed,Ezzat ,S,Male,2024-12-05
26049,EG00026049, Shaimaa,Gaber,married,,2024-06-30
26050,EG00026050, Nour,Fouad,S,F,2023-11-12
26051,EG00026051,Mariam,Tolba,M,,2024-08-29
26052,EG00026052,Karim,Hassan,M,M,2022-08-03
26053,EG00026053, Nour,Ali,M,,2022-07-17
26054,EG00026054,Heba,Ezzat,S,,2022-08-04
26055,EG00026055,Reem,Ibrahim,married,,2023-01-18
26056,EG00026056,Mona,Fathy,M,f,2024-10-19
26057,EG00026057, Mahmoud,Kamel,single,M,2025-01-22
26058,EG00026058,Reem,El-Sayed ,,,2022-03-12
26059,EG00026059,Eman,Kamel,married,f,2024-04-14
26060,EG00026060,Omar,Ibrahim,single,m,2022-06-02
26061,EG00026061, Hassan,Mahmoud,single,M,2022-12-04
26062,EG00026062,Nour,Tolba,married,f,2024-11-23
26063,EG00026063,Salma,Hassan,S,f,2023-12-30
26064,EG00026064,Heba,Nabil,M,,2024-05-23
26065,EG00026065,Rana,El-Masry,M,,2024-06-14
26066,EG00026066,Shaimaa,Hassan ,S,f,2025-03-04
26067,EG00026067,Hany,Kamel,single,,2024-10-06
26068,EG00026068,Radwa,Zaki,M,,2024-11-05
26069,EG00026069, Ahmed,El-Masry,M,Male,2022-04-21
26070,EG00026070,Sherif,Hassan,M,m,2022-07-18
26071,EG00026071,Aliaa,Tolba,single,f,2024-06-04
26072,EG00026072,Fatma,Shawky ,M,f,2025-04-22
26073,EG00026073,Nour,Kamel,M,F,2025-02-25
26074,EG00026074,Eman,Farid,married,F,2025-02-09
26075,EG00026075,Mariam,Abdel Rahman,M,,2024-03-11
26076,EG00026076, Heba,Farid,M,f,2023-03-24
26077,EG00026077,Sara,Shawky,M,,2022-01-18
26078,EG00026078,Mona,Ibrahim ,S,Female,2022-04-10
26079,EG00026079, Adel,Fathy,M,Male,2022-04-09
26080,EG00026080,Sherif,Ezzat,S,M,2025-04-13
26081,EG00026081,Fatma,Kamel,M,F,2024-02-01
26082,EG00026082,Mahmoud,Zaki,,M,2024-06-20
26083,EG00026083, Fatma,Tolba,S,Female,2025-06-05
26084,EG00026084,Mostafa,El-Masry,M,m,2022-07-11
26085,EG00026085,Aliaa,Fouad,S,F,2024-09-06
26086,EG00026086,Aliaa,Gaber,single,F,2023-07-26
26087,EG00026087,Wael,Gaber,married,M,2023-11-12
26088,EG00026088,Mona,Kamel,S,f,2025-02-18
26089,EG00026089,Sara,Fathy ,M,,2023-08-20
26090,EG00026090,Aliaa,Ezzat,S,f,2023-10-28
26091,EG00026091,Ibrahim,Abdel Rahman,M,Male,2023-02-18
26092,EG00026092,Wael,Ibrahim,M,M,2022-02-22
26093,EG00026093, Wael,Rashad ,S,m,2025-07-22
26094,EG00026094,Ahmed,Saad,S,,2022-01-20
26095,EG00026095,Ashraf,Hamdy,,Male,2022-08-22
26096,EG00026096,Nourhan,Hassan,M,Female,2023-10-02
26097,EG00026097,Doaa,Mahmoud,S,,2022-06-03
26098,EG00026098,Yasmin,Kamel,single,,2022-09-28
26099,EG00026099,Nour,Ibrahim,married,F,2022-12-13
26100,EG00026100,Mariam,El-Sayed,married,,2023-12-30
26101,EG00026101,Eman,Kamel,,Female,2024-02-24
26102,EG00026102,Aya,Zaki,M,,2023-07-17
26103,EG00026103,Heba,Zaki,M,f,2025-01-13
26104,EG00026104,Shaimaa,Hamdy,S,Female,2023-06-07
26105,EG00026105,Khaled,Hamdy,single,M,2025-06-24
26106,EG00026106,Sameh,Gaber,single,,2025-05-19
26107,EG00026107,Aliaa,Shawky ,single,f,2025-09-01
26108,EG00026108, Rana,Tolba,,f,2025-08-08
26109,EG00026109,Shaimaa,Gaber,M,F,2023-10-12
26110,EG00026110,Mahmoud,Ali,M,M,2024-12-07
26111,EG00026111, Sara,Hassan,M,Female,2024-11-01
26112,EG00026112,Marwa,El-Sayed,S,,2024-01-09
26113,EG00026113,Ashraf,Fathy,single,M,2025-07-10
26114,EG00026114, Salma,Gaber,,,2023-02-01
26115,EG00026115,Hassan,Shawky,,M,2024-12-07
26116,EG00026116,Hassan,Nabil,S,m,2025-05-24
26117,EG00026117,Reem,Abdel Rahman,M,F,2023-12-07
26118,EG00026118, Ahmed,El-Masry,married,M,2025-06-19
26119,EG00026119,Tarek,Saad,S,M,2024-01-06
26120,EG00026120,Sameh,Abdel Rahman,S,Male,2022-05-25
26121,EG00026121,Ayman,Saad,single,Male,2023-12-12
26122,EG00026122,Fatma,Saad,,F,2023-09-16
26123,EG00026123,Salma,Kamel ,married,Female,2023-04-01
26124,EG00026124,Mohamed,Fathy,S,M,2024-06-26
26125,EG00026125,Aliaa,Hamdy,S,Female,2023-01-25
26126,EG00026126,Radwa,Shawky,M,,2023-03-04
26127,EG00026127,Ali,Hassan,M,Male,2022-06-23
26128,EG00026128,Fatma,Farid,S,,2024-05-01
26129,EG00026129,Hassan,Saad,single,m,2023-06-26
26130,EG00026130,Mostafa,Nabil ,,m,2024-07-09
26131,EG00026131,Radwa,El-Masry,S,Female,2024-03-11
26132,EG00026132,Youssef,El-Masry,,,2023-09-20
26133,EG00026133,Mohamed,Mahmoud,S,,2024-11-12
26134,EG00026134,Ibrahim,Zaki,M,,2024-12-01
26135,EG00026135,Adel,El-Masry,S,M,2022-10-02
26136,EG00026136,Tarek,El-Masry,S,m,2024-07-14
26137,EG00026137,Mariam,Kamel,M,Female,2025-08-13
26138,EG00026138,Reem,El-Sayed,M,,2024-01-12
26139,EG00026139,Rana,Hamdy,single,Female,2022-01-29
26140,EG00026140,Tarek,Tolba,,m,2025-05-24
26141,EG00026141,Mona,Zaki,single,Female,2025-07-10
26142,EG00026142,Mahmoud,Mahmoud,S,Male,2023-06-11
26143,EG00026143,Radwa,Shawky,single,f,2025-06-03
26144,EG00026144,Youssef,Rashad,married,m,2024-07-02
26145,EG00026145,Hassan,Abdel Rahman,single,m,2024-11-29
26146,EG00026146,Fatma,Ezzat,S,Female,2023-04-06
26147,EG00026147,Karim,Tolba,single,m,2025-01-29
26148,EG00026148,Salma,Fouad,S,F,2022-11-16
26149,EG00026149,Shaimaa,Ibrahim,,,2025-07-09
26150,EG00026150,Adel,Hamdy,married,Male,2025-09-07
26151,EG00026151,Wael,El-Sayed,S,M,2023-12-20
26152,EG00026152,Shaimaa,Hamdy,,F,2023-12-01
26153,EG00026153,Nour,Shawky,M,,2024-08-28
26154,EG00026154,Khaled,Saad,S,M,2025-08-03
26155,EG00026155,Youssef,Tolba ,M,,2022-09-04
26156,EG00026156,Rana,Nabil,,,2024-09-09
26157,EG00026157,Rana,Hassan,M,f,2022-09-15
26158,EG00026158,Radwa,Shawky,,,2024-06-20
26159,EG00026159,Hany,Ali,single,Male,2024-11-28
26160,EG00026160,Aliaa,Zaki,S,f,2023-01-29
26161,EG00026161,Yasmin,Zaki,S,f,2023-08-22
26162,EG00026162,Khaled,Hamdy,M,Male,2024-09-06
26163,EG00026163,Youssef,Ezzat,M,m,2022-05-16
26164,EG00026164, Ashraf,Gaber ,,M,2024-07-12
26165,EG00026165,Mostafa,Hamdy,single,m,2022-08-28
26166,EG00026166,Omar,Shawky,M,m,2023-01-31
26167,EG00026167,Salma,El-Sayed,married,f,2024-01-09
26168,EG00026168,Khaled,El-Sayed ,S,m,2023-11-22
26169,EG00026169,Nourhan,Hamdy,S,Female,2025-04-01
26170,EG00026170,Eman,Hamdy,single,,2022-01-04
26171,EG00026171,Hend,Rashad,,f,2023-01-18
26172,EG00026172,Youssef,Fouad,S,Male,2024-03-06
26173,EG00026173,Ali,El-Masry,married,m,2024-06-13
26174,EG00026174,Dina,Farid,single,Female,2023-09-26
26175,EG00026175,Ahmed,Shawky,M,,2024-07-07
26176,EG00026176,Ashraf,Kamel,single,M,2023-07-17
26177,EG00026177,Ashraf,Nabil,M,M,2022-07-03
26178,EG00026178,Hassan,Hamdy,married,Male,2022-04-13
26179,EG00026179,Doaa,El-Masry,,f,2024-10-26
26180,EG00026180, Yasmin,Ali,M,f,2025-04-27
26181,EG00026181,Ashraf,Zaki,S,Male,2022-01-06
26182,EG00026182,Doaa,Ezzat,M,F,2024-06-09
26183,EG00026183, Ali,Saad,S,M,2022-01-13
26184,EG00026184,Aya,Farid ,single,f,2022-08-31
26185,EG00026185,Heba,Abdel Rahman,M,Female,2023-02-06
26186,EG00026186, Omar,Ali,S,Male,2025-06-22
26187,EG00026187,Ashraf,Hassan,single,M,2025-05-06
26188,EG00026188,Doaa,Mahmoud ,M,Female,2022-05-15
26189,EG00026189,Hend,Gaber,S,Female,2025-03-21
26190,EG00026190,Shaimaa,Fathy ,,F,2022-06-02
26191,EG00026191, Marwa,Ibrahim ,married,f,2024-05-02
26192,EG00026192,Ayman,Shawky,S,m,2025-09-03
26193,EG00026193,Doaa,El-Masry ,married,,2022-03-10
26194,EG00026194,Sherif,Fathy,married,M,2024-01-05
26195,EG00026195,Mahmoud,Ezzat,S,M,2023-09-08
26196,EG00026196,Sara,Fouad,single,Female,2023-10-23
26197,EG00026197,Nour,Shawky,single,Female,2022-03-06
26198,EG00026198, Aliaa,Nabil,,f,2024-01-27
26199,EG00026199,Ashraf,Ali,single,M,2024-03-22
26200,EG00026200,Radwa,Hamdy,single,Female,2022-11-14
26201,EG00026201,Sameh,Gaber,M,M,2023-06-19
26202,EG00026202,Ayman,Fouad ,married,m,2023-10-31
26203,EG00026203,Radwa,Saad,married,F,2023-01-28
26204,EG00026204,Mariam,Fathy,S,f,2022-04-16
26205,EG00026205,Shaimaa,Rashad,S,Female,2023-02-25
26206,EG00026206,Hany,Fouad,S,m,2023-06-09
26207,EG00026207,Ashraf,Ezzat ,S,M,2023-10-17
26208,EG00026208, Youssef,Rashad,single,,2022-06-03
26209,EG00026209, Sara,Ibrahim,married,Female,2023-09-16
26210,EG00026210,Karim,Fathy,S,M,2025-04-08
26211,EG00026211,Reem,El-Sayed,single,,2022-10-27
26212,EG00026212, Mona,Farid,M,,2022-05-06
26213,EG00026213,Mohamed,Zaki,S,m,2025-04-20
26214,EG00026214,Nour,El-Masry ,S,Female,2024-11-20
26215,EG00026215,Mahmoud,Fouad ,M,Male,2022-10-05
26216,EG00026216,Fatma,Kamel,M,Female,2024-11-23
26217,EG00026217, Mohamed,Ibrahim,M,m,2022-02-16
26218,EG00026218,Mostafa,Hamdy,S,,2025-08-25
26219,EG00026219,Dina,El-Sayed,married,f,2024-03-06
26220,EG00026220,Nour,Nabil,M,f,2024-10-31
26221,EG00026221,Wael,Fouad,S,m,2024-11-15
26222,EG00026222,Ibrahim,Zaki,single,Male,2022-11-28
26223,EG00026223,Mostafa,Rashad,M,,2023-01-02
26224,EG00026224,Ahmed,Saad,S,M,2024-02-03
26225,EG00026225,Sherif,Hamdy,single,M,2024-02-04
26226,EG00026226,Reem,Hassan,single,Female,2022-12-09
26227,EG00026227,Aya,Abdel Rahman,S,,2023-02-11
26228,EG00026228,Adel,Nabil,M,m,2025-03-06
26229,EG00026229,Mahmoud,Ibrahim,single,,2022-12-19
26230,EG00026230,Reem,Ali,S,f,2022-03-09
26231,EG00026231,Reem,El-Masry ,M,F,2023-08-19
26232,EG00026232,Nourhan,Kamel,M,F,2022-10-11
26233,EG00026233, Fatma,Abdel Rahman ,M,F,2023-07-31
26234,EG00026234,Salma,Nabil,M,,2024-10-25
26235,EG00026235,Sherif,Gaber,single,m,2024-09-06
26236,EG00026236,Mariam,Kamel,,,2024-03-29
26237,EG00026237,Doaa,Tolba,M,f,2023-12-21
26238,EG00026238,Eman,Farid,S,f,2023-12-14
26239,EG00026239,Hany,Farid,M,,2022-12-10
26240,EG00026240,Nourhan,Fathy,S,F,2024-06-26
26241,EG00026241,Omar,Zaki,S,Male,2025-07-24
26242,EG00026242, Karim,Mahmoud,married,,2022-01-17
26243,EG00026243,Yasmin,Kamel,,f,2023-04-28
26244,EG00026244, Amr,Rashad,M,M,2024-04-12
26245,EG00026245,Mostafa,Shawky,single,,2023-09-22
26246,EG00026246,Hend,Tolba,S,Female,2022-05-20
26247,EG00026247,Omar,Ezzat,M,m,2025-04-08
26248,EG00026248, Amr,El-Masry,,,2022-01-22
26249,EG00026249,Ali,Nabil,M,Male,2023-11-26
26250,EG00026250,Nourhan,Tolba,married,Female,2024-08-03
26251,EG00026251,Mona,Ibrahim ,single,,2025-07-08
26252,EG00026252,Youssef,El-Masry,S,M,2022-05-04
26253,EG00026253,Wael,Fouad,M,Male,2023-09-21
26254,EG00026254,Hany,Zaki,M,M,2023-08-10
26255,EG00026255,Shaimaa,Shawky,S,F,2025-01-07
26256,EG00026256,Mostafa,Hassan,single,,2025-08-13
26257,EG00026257,Tarek,Hamdy,M,Male,2024-02-07
26258,EG00026258,Hany,Abdel Rahman,single,M,2025-08-04
26259,EG00026259,Ibrahim,Farid,S,m,2023-11-18
26260,EG00026260,Mona,Gaber,single,F,2024-07-31
26261,EG00026261,Wael,Hamdy,single,Male,2023-11-22
26262,EG00026262, Ahmed,Ibrahim,married,Male,2022-08-02
26263,EG00026263,Wael,El-Sayed,S,m,2025-03-22
26264,EG00026264,Nourhan,Hamdy,S,Female,2023-12-02
26265,EG00026265,Ibrahim,Ali,,Male,2024-06-01
26266,EG00026266,Yasmin,Shawky,single,Female,2023-03-19
26267,EG00026267,Salma,Kamel,M,F,2023-01-14
26268,EG00026268, Mohamed,Fouad,,,2022-03-27
26269,EG00026269,Rana,Shawky,married,F,2023-07-25
26270,EG00026270,Hend,Mahmoud,M,,2022-12-15
26271,EG00026271,Sara,Mahmoud,S,Female,2024-03-09
26272,EG00026272,Mahmoud,Mahmoud ,single,Male,2022-03-27
26273,EG00026273,Eman,Shawky ,single,Female,2025-01-12
26274,EG00026274,Aya,Ezzat,,Female,2022-05-28
26275,EG00026275,Ahmed,Mahmoud,S,,2024-10-03
26276,EG00026276, Sara,Nabil,M,f,2023-01-17
26277,EG00026277,Sherif,Ali,S,M,2025-05-18
26278,EG00026278,Radwa,Tolba,M,F,2023-11-22
26279,EG00026279, Mona,Abdel Rahman,married,f,2023-07-08
26280,EG00026280,Mahmoud,Mahmoud ,S,m,2022-06-11
26281,EG00026281,Hany,Hamdy,M,Male,2025-06-19
26282,EG00026282,Marwa,Tolba,S,f,2025-01-12
26283,EG00026283,Sara,Hassan,single,,2024-12-21
26284,EG00026284,Heba,Saad,S,F,2022-05-11
26285,EG00026285,Mohamed,Ezzat,M,m,2024-12-20
26286,EG00026286,Sherif,El-Sayed,S,M,2023-07-07
26287,EG00026287,Marwa,Ibrahim,M,Female,2023-07-25
26288,EG00026288,Shaimaa,Fouad,S,f,2024-05-06
26289,EG00026289,Ali,Ezzat,M,m,2023-02-07
26290,EG00026290,Sara,Kamel,single,,2022-06-08
26291,EG00026291,Doaa,Mahmoud,S,F,2022-11-01
26292,EG00026292,Mona,Fouad,S,Female,2023-02-11
26293,EG00026293,Aliaa,Mahmoud,M,F,2023-11-08
26294,EG00026294,Amr,Gaber,M,m,2024-07-12
26295,EG00026295,Hassan,Shawky,married,,2022-01-20
26296,EG00026296,Shaimaa,Ezzat ,,F,2024-04-08
26297,EG00026297,Nourhan,Abdel Rahman,M,,2025-05-24
26298,EG00026298,Omar,Hassan,S,m,2023-12-13
26299,EG00026299,Hany,El-Sayed,M,Male,2022-10-13
26300,EG00026300,Karim,Zaki,,Male,2022-05-25
26301,EG00026301,Reem,El-Masry,M,,2024-02-06
26302,EG00026302,Rana,El-Sayed,S,f,2024-06-11
26303,EG00026303,Mariam,El-Masry,single,Female,2022-04-08
26304,EG00026304,Amr,El-Masry,single,M,2023-12-22
26305,EG00026305,Ali,Farid,,M,2025-01-15
26306,EG00026306,Wael,Tolba,S,M,2022-04-12
26307,EG00026307,Karim,El-Masry ,M,,2025-09-11
26308,EG00026308,Hassan,El-Masry,,M,2023-04-26
26309,EG00026309,Hany,Hassan,M,,2023-08-15
26310,EG00026310,Rana,El-Masry,M,f,2024-04-14
26311,EG00026311,Eman,Gaber,M,f,2025-06-04
26312,EG00026312,Khaled,Shawky,,m,2022-10-17
26313,EG00026313,Mariam,El-Masry,S,Female,2025-06-06
26314,EG00026314,Mostafa,Hassan ,married,M,2025-05-13
26315,EG00026315,Hassan,Ibrahim,single,m,2024-06-15
26316,EG00026316,Hassan,Nabil,M,Male,2025-05-18
26317,EG00026317,Yasmin,Shawky,single,,2023-01-03
26318,EG00026318,Karim,Ali,M,m,2023-10-18
26319,EG00026319,Omar,Shawky,married,m,2025-03-06
26320,EG00026320, Aya,Ezzat,M,Female,2022-05-21
26321,EG00026321,Mariam,Rashad,S,Female,2022-08-06
26322,EG00026322,Amr,Tolba,S,Male,2024-08-08
26323,EG00026323,Yasmin,Tolba,M,F,2022-07-11
26324,EG00026324,Amr,Kamel,M,M,2025-04-08
26325,EG00026325,Adel,Fouad,S,M,2024-04-21
26326,EG00026326,Mostafa,Tolba,S,M,2024-02-14
26327,EG00026327,Hend,Ezzat,married,F,2025-05-07
26328,EG00026328,Hend,Tolba ,M,f,2023-02-09
26329,EG00026329,Aya,Nabil,married,Female,2022-08-02
26330,EG00026330,Dina,Hamdy,M,Female,2022-11-14
26331,EG00026331,Doaa,Ali,M,F,2024-10-15
26332,EG00026332,Radwa,Fouad,M,f,2022-07-22
26333,EG00026333,Tarek,Kamel ,single,,2023-01-28
26334,EG00026334,Ashraf,Ibrahim,M,M,2024-07-18
26335,EG00026335,Nour,Mahmoud,S,f,2025-02-19
26336,EG00026336,Mariam,Saad,M,F,2022-02-19
26337,EG00026337,Reem,Fathy,M,Female,2025-08-24
26338,EG00026338,Heba,Nabil ,M,F,2025-05-24
26339,EG00026339,Ali,Abdel Rahman,S,Male,2024-07-02
26340,EG00026340,Sherif,Fouad,single,m,2023-10-25
26341,EG00026341,Nour,El-Masry,M,f,2022-03-08
26342,EG00026342,Shaimaa,Kamel,single,Female,2023-11-30
26343,EG00026343,Mahmoud,Saad,S,,2025-03-19
26344,EG00026344,Ashraf,Saad,M,Male,2023-08-24
26345,EG00026345,Omar,Nabil,S,M,2023-02-15
26346,EG00026346, Sameh,Farid,M,Male,2024-03-01
26347,EG00026347,Mostafa,Ali ,S,m,2023-04-09
26348,EG00026348,Mariam,El-Masry,married,f,2024-02-23
26349,EG00026349,Fatma,Kamel,S,,2025-05-25
26350,EG00026350,Dina,Hassan,,Female,2022-01-01
26351,EG00026351,Doaa,Hamdy,M,f,2022-04-18
26352,EG00026352,Fatma,Rashad,S,F,2025-08-13
26353,EG00026353,Aliaa,Rashad,S,,2023-06-13
26354,EG00026354,Aya,Ibrahim,,f,2025-07-31
26355,EG00026355,Mona,Abdel Rahman,S,Female,2022-01-03
26356,EG00026356,Nourhan,Ali,M,Female,2022-04-11
26357,EG00026357,Ayman,Hamdy,S,Male,2023-12-09
26358,EG00026358,Hend,Tolba,S,Female,2022-09-23
26359,EG00026359,Sara,Zaki,single,F,2023-03-23
26360,EG00026360,Reem,El-Sayed,M,F,2023-03-07
26361,EG00026361,Ayman,Zaki,M,Male,2023-02-20
26362,EG00026362,Shaimaa,Ezzat ,,,2024-08-12
26363,EG00026363,Dina,Saad,single,f,2022-10-18
26364,EG00026364,Aya,Abdel Rahman,M,,2022-12-28
26365,EG00026365,Nour,Hassan ,married,,2024-01-30
26366,EG00026366,Ibrahim,Zaki,M,Male,2024-01-27
26367,EG00026367,Mostafa,Tolba,married,m,2025-05-27
26368,EG00026368,Shaimaa,Farid,,,2022-11-05
26369,EG00026369,Reem,Fouad,single,Female,2023-03-26
26370,EG00026370,Tarek,Tolba,S,Male,2023-06-01
26371,EG00026371,Sara,Tolba,M,Female,2022-10-20
26372,EG00026372, Radwa,Fouad ,married,Female,2022-11-22
26373,EG00026373,Aliaa,Ibrahim,M,,2024-02-18
26374,EG00026374,Mohamed,Hamdy,M,,2023-10-19
26375,EG00026375, Ahmed,Tolba,S,M,2025-06-26
26376,EG00026376,Mariam,El-Masry,M,Female,2024-04-15
26377,EG00026377,Sherif,Mahmoud,S,,2022-04-13
26378,EG00026378,Ashraf,Kamel,married,Male,2022-06-30
26379,EG00026379, Ayman,Ibrahim,S,M,2022-05-12
26380,EG00026380,Tarek,Hamdy,married,,2022-12-28
26381,EG00026381,Sherif,Ezzat,,m,2025-06-19
26382,EG00026382,Hassan,Zaki,M,Male,2023-10-04
26383,EG00026383,Shaimaa,Nabil,M,f,2023-03-08
26384,EG00026384,Adel,Rashad,married,,2023-12-03
26385,EG00026385,Ashraf,Mahmoud,M,M,2025-02-19
26386,EG00026386,Tarek,Hassan ,married,M,2024-04-10
26387,EG00026387, Aya,Tolba,single,f,2023-08-19
26388,EG00026388,Wael,El-Masry,M,m,2023-08-07
26389,EG00026389, Mohamed,Hamdy,M,M,2025-07-05
26390,EG00026390,Youssef,Shawky,single,m,2025-03-11
26391,EG00026391,Khaled,Hassan,single,M,2022-06-23
26392,EG00026392,Adel,Mahmoud,,m,2024-03-28
26393,EG00026393,Mariam,Kamel,S,,2025-05-30
26394,EG00026394,Dina,Ezzat,S,F,2025-05-25
26395,EG00026395,Sherif,Nabil,M,,2023-05-25
26396,EG00026396,Rana,Nabil,M,Female,2025-06-29
26397,EG00026397, Mohamed,Abdel Rahman,,M,2023-06-20
26398,EG00026398, Mariam,Zaki,single,f,2025-06-28
26399,EG00026399,Radwa,Kamel,M,Female,2023-04-28
26400,EG00026400,Ahmed,Shawky,M,m,2024-11-30
26401,EG00026401,Hany,Shawky,M,Male,2025-01-11
26402,EG00026402,Mahmoud,Nabil,,m,2023-04-28
26403,EG00026403,Shaimaa,Ezzat,S,F,2022-01-04
26404,EG00026404,Sherif,Nabil,married,Male,2024-10-03
26405,EG00026405,Ahmed,Hamdy,married,,2022-01-29
26406,EG00026406, Karim,El-Sayed,M,Male,2025-06-14
26407,EG00026407,Karim,Ezzat,single,m,2025-03-21
26408,EG00026408,Ahmed,Fathy,S,M,2023-04-16
26409,EG00026409,Yasmin,Saad ,M,,2022-12-19
26410,EG00026410,Aliaa,Gaber,S,f,2024-06-02
26411,EG00026411,Hany,Mahmoud,,,2025-09-03
26412,EG00026412,Amr,Ibrahim,S,,2024-03-03
26413,EG00026413,Hend,Rashad,M,,2023-08-09
26414,EG00026414,Rana,Ali,S,Female,2025-02-24
26415,EG00026415,Ayman,Ezzat,M,m,2022-05-11
26416,EG00026416,Ayman,Gaber ,single,Male,2023-09-01
26417,EG00026417,Tarek,El-Masry,M,,2023-02-06
26418,EG00026418,Shaimaa,El-Sayed,S,Female,2025-01-17
26419,EG00026419,Salma,El-Masry,single,Female,2024-10-14
26420,EG00026420, Mariam,Gaber,S,F,2024-03-22
26421,EG00026421,Doaa,Tolba,S,F,2022-07-23
26422,EG00026422,Eman,Ibrahim,married,Female,2024-04-25
26423,EG00026423,Mariam,Nabil,M,,2025-06-18
26424,EG00026424, Sara,Rashad,single,,2024-04-14
26425,EG00026425,Ali,Abdel Rahman,married,m,2024-10-30
26426,EG00026426, Sara,Nabil,M,Female,2022-01-01
26427,EG00026427,Ahmed,Zaki,S,m,2023-04-05
26428,EG00026428,Mahmoud,Tolba,S,,2022-10-03
26429,EG00026429,Nourhan,Abdel Rahman,married,Female,2024-11-13
26430,EG00026430,Aya,Tolba,S,F,2022-09-27
26431,EG00026431,Aya,Ezzat,M,Female,2023-04-03
26432,EG00026432,Ibrahim,Saad,,M,2024-06-06
26433,EG00026433,Dina,Ezzat,,Female,2022-10-21
26434,EG00026434,Adel,El-Masry,M,M,2025-03-16
26435,EG00026435, Youssef,Rashad,married,,2023-05-26
26436,EG00026436,Omar,Hassan,M,m,2024-05-17
26437,EG00026437,Ashraf,Rashad ,married,M,2023-10-07
26438,EG00026438,Tarek,Gaber,married,M,2025-06-20
26439,EG00026439, Aya,Mahmoud,,,2024-01-22
26440,EG00026440,Hassan,Nabil,M,M,2022-02-03
26441,EG00026441,Rana,Ibrahim,married,F,2024-11-18
26442,EG00026442,Adel,Farid,married,,2025-01-25
26443,EG00026443,Rana,Gaber,S,F,2023-11-17
26444,EG00026444,Ayman,Mahmoud,married,,2024-08-12
26445,EG00026445,Hany,Tolba,S,,2022-07-09
26446,EG00026446, Eman,Fouad,married,F,2022-12-18
26447,EG00026447,Shaimaa,Fathy,married,Female,2025-04-19
26448,EG00026448,Shaimaa,El-Sayed,single,,2025-04-09
26449,EG00026449,Karim,Farid,married,Male,2024-03-06
26450,EG00026450,Doaa,Ibrahim ,,f,2024-10-15
26451,EG00026451, Nour,Ibrahim,S,F,2025-09-09
26452,EG00026452,Ahmed,Zaki,,,2025-04-10
26453,EG00026453,Ibrahim,El-Masry,S,m,2025-02-25
26454,EG00026454,Hend,Fathy,married,Female,2025-04-27
26455,EG00026455,Khaled,Rashad,,,2022-01-06
26456,EG00026456, Adel,Saad,single,M,2022-09-03
26457,EG00026457,Khaled,El-Masry,M,m,2023-02-18
26458,EG00026458,Hassan,Abdel Rahman ,M,M,2024-08-10
26459,EG00026459,Karim,El-Masry,M,m,2023-05-19
26460,EG00026460,Doaa,Mahmoud,M,f,2022-12-20
26461,EG00026461,Sameh,Kamel ,S,Male,2025-09-11
26462,EG00026462,Ibrahim,Ali,married,M,2024-04-30
26463,EG00026463,Eman,Ezzat,S,Female,2022-10-17
26464,EG00026464, Doaa,Tolba,married,f,2024-11-12
26465,EG00026465,Rana,Kamel ,S,F,2025-01-09
26466,EG00026466,Omar,Abdel Rahman,M,Male,2022-03-13
26467,EG00026467,Mohamed,Gaber,M,Male,2025-08-01
26468,EG00026468,Wael,Abdel Rahman,,M,2023-04-22
26469,EG00026469,Marwa,El-Sayed ,single,Female,2022-11-16
26470,EG00026470,Doaa,Farid,M,f,2022-06-16
26471,EG00026471, Ali,Hamdy ,M,M,2024-11-18
26472,EG00026472,Omar,Kamel,married,,2024-06-05
26473,EG00026473,Reem,Fathy,M,F,2023-05-18
26474,EG00026474, Sara,Ali,,,2025-01-14
26475,EG00026475,Mariam,Tolba,married,Female,2024-11-07
26476,EG00026476,Mona,Fouad,S,,2022-10-16
26477,EG00026477,Salma,Hamdy,married,F,2023-08-15
26478,EG00026478,Aya,Nabil,M,Female,2024-04-23
26479,EG00026479,Ashraf,Fouad,married,,2023-10-29
26480,EG00026480,Tarek,Nabil,married,Male,2024-09-20
26481,EG00026481,Marwa,Hassan,M,Female,2022-10-03
26482,EG00026482,Salma,Shawky ,,f,2022-02-20
26483,EG00026483,Dina,Hassan,M,F,2023-05-02
26484,EG00026484,Khaled,Farid,M,Male,2023-06-18
26485,EG00026485,Ayman,Fathy,M,,2022-09-07
26486,EG00026486,Aya,Kamel ,S,F,2023-02-21
26487,EG00026487,Hassan,Ali,M,m,2024-07-21
26488,EG00026488,Mohamed,Hamdy ,M,Male,2023-03-20
26489,EG00026489,Sara,Mahmoud,M,,2024-07-22
26490,EG00026490,Khaled,Ezzat,,Male,2024-12-20
26491,EG00026491,Hany,Ezzat,married,m,2024-04-30
26492,EG00026492,Mahmoud,Hassan,married,Male,2022-07-24
26493,EG00026493,Adel,Saad,single,M,2024-12-16
26494,EG00026494,Omar,Zaki,S,,2025-02-21
26495,EG00026495,Tarek,Kamel ,S,m,2023-02-15
26496,EG00026496,Reem,Fathy,S,,2022-07-22
26497,EG00026497,Yasmin,Ibrahim,married,f,2023-01-15
26498,EG00026498,Yasmin,Fouad,married,F,2022-02-20
26499,EG00026499, Hany,Abdel Rahman,M,Male,2025-08-19
26500,EG00026500,Ahmed,Saad,married,m,2023-09-19
26501,EG00026501,Radwa,Saad,S,,2022-09-01
26502,EG00026502,Youssef,El-Sayed,,,2025-05-14
26503,EG00026503,Mohamed,Kamel ,,m,2024-08-22
26504,EG00026504,Hassan,Nabil,S,,2024-02-26
26505,EG00026505,Sherif,Kamel,S,M,2025-03-04
26506,EG00026506,Radwa,Saad ,M,Female,2022-04-26
26507,EG00026507, Adel,Mahmoud,S,m,2024-08-13
26508,EG00026508, Nourhan,Mahmoud,M,F,2024-03-07
26509,EG00026509,Ibrahim,El-Masry ,S,M,2023-03-18
26510,EG00026510,Hend,Rashad,M,,2025-08-09
26511,EG00026511,Adel,Fouad,single,M,2025-01-24
26512,EG00026512, Mona,Saad,married,F,2022-12-28
26513,EG00026513,Mahmoud,Tolba,M,,2023-02-01
26514,EG00026514,Yasmin,Gaber ,,F,2023-02-26
26515,EG00026515,Mohamed,Kamel,S,Male,2022-03-17
26516,EG00026516,Aliaa,Nabil,single,Female,2022-11-24
26517,EG00026517,Ashraf,El-Sayed,married,,2023-11-21
26518,EG00026518,Radwa,Shawky ,,F,2023-09-01
26519,EG00026519,Mona,Zaki ,M,Female,2023-04-07
26520,EG00026520,Salma,El-Sayed,M,Female,2024-06-13
26521,EG00026521,Aliaa,Shawky,M,,2024-03-09
26522,EG00026522,Wael,Nabil,S,Male,2023-11-18
26523,EG00026523,Karim,Nabil,S,Male,2025-05-08
26524,EG00026524,Aya,Kamel,,F,2024-02-08
26525,EG00026525, Dina,El-Masry,single,,2022-03-23
26526,EG00026526,Tarek,Saad,M,M,2022-08-11
26527,EG00026527,Sara,Ali,M,Female,2023-01-15
26528,EG00026528,Omar,Gaber,S,M,2023-12-13
26529,EG00026529,Hassan,Fathy,married,M,2024-12-10
26530,EG00026530,Shaimaa,Ibrahim,S,Female,2023-12-23
26531,EG00026531,Mostafa,Fouad,M,Male,2025-06-09
26532,EG00026532,Eman,Tolba,S,f,2023-12-17
26533,EG00026533,Rana,Tolba ,married,Female,2023-03-13
26534,EG00026534,Marwa,El-Sayed,,Female,2025-04-13
26535,EG00026535, Marwa,Gaber,M,,2024-09-12
26536,EG00026536, Ibrahim,Abdel Rahman,S,M,2025-01-17
26537,EG00026537,Aliaa,Saad,,Female,2024-02-04
26538,EG00026538,Omar,Zaki,married,m,2023-08-04
26539,EG00026539,Radwa,Hassan,,f,2024-08-08
26540,EG00026540,Rana,Fathy ,S,f,2025-06-29
26541,EG00026541,Doaa,Shawky ,married,,2023-12-20
26542,EG00026542,Sara,Ezzat,,f,2024-02-10
26543,EG00026543, Khaled,Ibrahim,M,Male,2022-08-10
26544,EG00026544,Rana,Tolba,S,F,2023-03-09
26545,EG00026545,Radwa,Gaber ,,f,2022-11-11
26546,EG00026546,Sara,Hassan,married,f,2022-03-11
26547,EG00026547,Wael,Ibrahim ,S,,2024-07-28
26548,EG00026548,Adel,Hamdy,M,m,2025-07-28
26549,EG00026549,Mostafa,Tolba,,m,2024-10-01
26550,EG00026550, Hend,Mahmoud ,M,,2024-08-21
26551,EG00026551,Sara,Ibrahim,S,f,2022-09-28
26552,EG00026552,Nourhan,Shawky ,S,,2022-07-12
26553,EG00026553,Sameh,Gaber,S,M,2024-10-20
26554,EG00026554, Ahmed,Ali,M,m,2022-08-28
26555,EG00026555,Ali,Rashad,,M,2023-10-15
26556,EG00026556,Mohamed,Ali,married,M,2024-02-15
26557,EG00026557, Hassan,Tolba,M,,2025-06-15
26558,EG00026558,Fatma,Mahmoud ,,Female,2022-06-12
26559,EG00026559,Mostafa,Abdel Rahman,single,m,2024-01-14
26560,EG00026560,Ashraf,Shawky,,Male,2024-11-04
26561,EG00026561,Nour,Farid ,married,,2022-02-10
26562,EG00026562,Ibrahim,Fouad,,,2023-10-10
26563,EG00026563,Sara,El-Sayed,M,F,2024-11-27
26564,EG00026564,Ibrahim,Fouad ,single,,2023-12-09
26565,EG00026565,Mariam,El-Sayed,single,f,2024-05-07
26566,EG00026566,Khaled,Ezzat ,M,Male,2023-08-12
26567,EG00026567,Radwa,Ali,M,F,2022-11-13
26568,EG00026568,Ali,Hassan,single,m,2022-01-30
26569,EG00026569,Omar,Saad,single,,2023-07-28
26570,EG00026570,Marwa,El-Sayed,,F,2024-10-18
26571,EG00026571, Ayman,Mahmoud,S,,2023-04-17
26572,EG00026572,Ashraf,Shawky,married,,2022-12-24
26573,EG00026573,Sara,El-Sayed,married,,2025-08-25
26574,EG00026574, Doaa,Zaki,S,Female,2024-10-06
26575,EG00026575,Mostafa,Nabil,married,Male,2023-10-19
26576,EG00026576,Salma,Farid,S,f,2025-07-20
26577,EG00026577,Nour,Ezzat,,f,2025-07-25
26578,EG00026578,Sameh,Hamdy,married,m,2024-08-17
26579,EG00026579,Hend,Gaber,single,Female,2022-09-20
26580,EG00026580,Salma,Zaki,M,Female,2023-12-03
26581,EG00026581,Sara,Fathy ,S,f,2025-08-10
26582,EG00026582,Tarek,Abdel Rahman,married,Male,2024-01-06
26583,EG00026583,Adel,Rashad,M,m,2023-09-18
26584,EG00026584,Dina,Fathy,married,f,2022-09-29
26585,EG00026585,Mona,El-Masry,single,f,2025-09-22
26586,EG00026586,Khaled,Zaki ,M,,2025-08-01
26587,EG00026587, Fatma,Zaki,M,,2022-01-17
26588,EG00026588, Tarek,Hassan ,single,M,2025-07-27
26589,EG00026589, Yasmin,Fathy,S,f,2025-01-28
26590,EG00026590,Omar,Ezzat,M,Male,2022-03-21
26591,EG00026591,Ali,Fathy,single,Male,2022-02-16
26592,EG00026592,Aliaa,Zaki,S,Female,2022-05-12
26593,EG00026593,Ayman,Rashad ,single,Male,2023-08-27
26594,EG00026594,Ahmed,Mahmoud,M,M,2024-02-08
26595,EG00026595,Nourhan,Tolba,M,f,2025-02-07
26596,EG00026596,Sameh,El-Sayed,M,,2024-06-30
26597,EG00026597, Dina,Ali,single,F,2024-07-28
26598,EG00026598,Dina,Zaki,married,,2022-06-10
26599,EG00026599,Nour,Fouad,M,Female,2022-10-02
26600,EG00026600,Ahmed,Shawky,single,,2022-08-18
26601,EG00026601,Heba,Saad,single,F,2024-04-25
26602,EG00026602,Salma,Kamel,married,Female,2023-09-29
26603,EG00026603,Sherif,Rashad,M,Male,2024-09-27
26604,EG00026604,Yasmin,Saad,married,f,2025-08-27
26605,EG00026605,Reem,Zaki,,f,2023-01-19
26606,EG00026606,Reem,Ezzat ,single,Female,2022-11-07
26607,EG00026607, Ahmed,Ibrahim,,,2022-08-31
26608,EG00026608,Wael,Hamdy,S,m,2025-03-04
26609,EG00026609,Sherif,Hamdy,M,m,2024-06-01
26610,EG00026610,Amr,Abdel Rahman,single,M,2022-03-08
26611,EG00026611,Sherif,Ezzat,married,m,2025-08-02
26612,EG00026612,Nourhan,Fathy,single,f,2022-08-05
26613,EG00026613,Sherif,El-Sayed,married,,2022-03-07
26614,EG00026614,Khaled,Ali ,M,Male,2022-09-07
26615,EG00026615,Dina,Fathy,M,Female,2025-02-27
26616,EG00026616, Omar,Gaber,S,Male,2023-03-28
26617,EG00026617, Shaimaa,El-Masry,M,Female,2025-05-31
26618,EG00026618,Sherif,Saad ,S,Male,2023-07-25
26619,EG00026619,Ibrahim,Farid,M,,2023-07-29
26620,EG00026620,Amr,Ali,S,m,2025-01-30
26621,EG00026621,Shaimaa,El-Masry,single,,2024-09-12
26622,EG00026622,Nour,Gaber,married,f,2022-04-07
26623,EG00026623,Mona,Mahmoud,,F,2025-08-07
26624,EG00026624,Adel,Gaber,,Male,2025-03-03
26625,EG00026625,Salma,Hassan,M,f,2022-07-23
26626,EG00026626,Youssef,Gaber,,Male,2023-10-02
26627,EG00026627,Mahmoud,Shawky,,M,2024-03-16
26628,EG00026628,Khaled,Farid,S,M,2025-01-31
26629,EG00026629,Rana,Kamel ,married,Female,2024-03-28
26630,EG00026630,Amr,Mahmoud,M,,2022-06-10
26631,EG00026631,Marwa,Nabil,S,f,2022-03-02
26632,EG00026632,Hany,Nabil,married,,2024-09-27
26633,EG00026633,Salma,Ali,M,Female,2022-07-25
26634,EG00026634,Omar,Shawky,S,m,2023-05-12
26635,EG00026635,Heba,Mahmoud,M,,2024-04-07
26636,EG00026636,Hany,Mahmoud,S,M,2024-07-23
26637,EG00026637, Hend,Farid,single,Female,2022-02-09
26638,EG00026638, Yasmin,Farid ,,,2024-02-02
26639,EG00026639,Heba,Kamel,M,Female,2022-08-08
26640,EG00026640,Fatma,El-Sayed ,married,Female,2023-02-05
26641,EG00026641,Marwa,Nabil,,,2022-04-13
26642,EG00026642,Ahmed,Hassan,S,,2022-08-05
26643,EG00026643,Heba,Saad,M,f,2024-09-03
26644,EG00026644,Ashraf,Ali,M,M,2025-06-04
26645,EG00026645, Doaa,Kamel,S,F,2024-08-11
26646,EG00026646,Aliaa,Farid ,S,,2024-06-19
26647,EG00026647,Yasmin,Kamel,married,F,2023-11-15
26648,EG00026648,Sameh,Zaki,married,,2024-06-12
26649,EG00026649,Fatma,El-Masry,M,F,2025-06-12
26650,EG00026650,Salma,Tolba,M,,2024-05-23
26651,EG00026651,Sherif,Gaber,M,Male,2022-05-09
26652,EG00026652,Sameh,Kamel,M,Male,2022-08-14
26653,EG00026653, Heba,Zaki,S,Female,2023-05-31
26654,EG00026654,Mostafa,El-Sayed,M,Male,2022-09-06
26655,EG00026655,Ibrahim,Ibrahim,S,,2023-09-30
26656,EG00026656,Marwa,Hamdy,single,Female,2024-05-26
26657,EG00026657,Salma,Fouad ,married,,2023-03-22
26658,EG00026658,Omar,Kamel,,,2024-08-22
26659,EG00026659, Sara,Ezzat,S,F,2023-03-02
26660,EG00026660, Nourhan,Ezzat,M,Female,2024-05-06
26661,EG00026661,Dina,Rashad,M,,2022-06-10
26662,EG00026662,Tarek,Hassan,single,m,2023-06-24
26663,EG00026663,Ahmed,Farid,M,,2024-05-13
26664,EG00026664,Mona,Farid,married,F,2024-05-12
26665,EG00026665,Sara,Abdel Rahman,M,,2024-09-24
26666,EG00026666,Aya,Nabil ,single,Female,2023-02-20
26667,EG00026667,Nour,Ali,S,F,2023-03-23
26668,EG00026668,Sara,Zaki,married,f,2024-09-04
26669,EG00026669,Wael,Fathy,married,M,2023-03-09
26670,EG00026670,Ahmed,Farid,M,Male,2022-07-17
26671,EG00026671,Radwa,Saad,single,,2024-12-13
26672,EG00026672,Mona,Saad,,Female,2024-08-10
26673,EG00026673,Fatma,Ali,M,Female,2024-05-03
26674,EG00026674,Ayman,Mahmoud,M,m,2025-07-31
26675,EG00026675,Nour,Ibrahim,married,f,2022-09-30
26676,EG00026676,Marwa,Shawky,,Female,2022-10-27
26677,EG00026677,Ahmed,Abdel Rahman,married,Male,2022-05-04
26678,EG00026678,Mohamed,Gaber,S,Male,2022-12-11
26679,EG00026679,Hany,Farid ,married,m,2023-03-19
26680,EG00026680,Rana,Tolba,M,F,2023-05-25
26681,EG00026681,Fatma,Ibrahim,single,f,2025-04-24
26682,EG00026682,Sara,Nabil,M,,2024-03-26
26683,EG00026683,Karim,Tolba,M,M,2025-07-27
26684,EG00026684,Ibrahim,Nabil,S,Male,2023-04-10
26685,EG00026685,Sherif,Fathy,single,m,2023-09-15
26686,EG00026686,Dina,Hassan,S,F,2024-11-30
26687,EG00026687,Eman,Mahmoud,S,f,2023-07-27
26688,EG00026688,Hany,Mahmoud,M,m,2024-10-02
26689,EG00026689,Amr,Hassan,M,Male,2022-05-09
26690,EG00026690,Aliaa,Ali,M,,2022-11-29
26691,EG00026691,Wael,El-Masry,married,Male,2022-10-16
26692,EG00026692,Omar,Mahmoud,M,Male,2025-01-14
26693,EG00026693,Youssef,Gaber,married,Male,2022-02-10
26694,EG00026694,Eman,Farid,S,F,2025-09-18
26695,EG00026695,Eman,Shawky,M,Female,2022-07-08
26696,EG00026696,Nourhan,El-Sayed,M,F,2024-05-18
26697,EG00026697,Shaimaa,Farid,married,f,2024-06-23
26698,EG00026698, Aliaa,Hamdy,M,F,2022-12-31
26699,EG00026699,Ashraf,Tolba,single,M,2024-10-05
26700,EG00026700,Radwa,Ibrahim,M,F,2022-01-03
26701,EG00026701,Mahmoud,Hamdy,M,Male,2023-09-19
26702,EG00026702,Rana,Hamdy,M,F,2022-01-22
26703,EG00026703,Ayman,Rashad,S,,2023-08-11
26704,EG00026704,Reem,Tolba,single,,2025-01-16
26705,EG00026705,Doaa,Saad,single,f,2023-01-01
26706,EG00026706,Amr,Tolba,married,,2024-10-23
26707,EG00026707,Mariam,Fathy,single,,2024-12-24
26708,EG00026708,Salma,Gaber,M,Female,2023-03-16
26709,EG00026709,Ashraf,Kamel,S,m,2022-02-06
26710,EG00026710,Khaled,Kamel,M,Male,2022-02-09
26711,EG00026711,Fatma,Kamel,married,f,2024-02-04
26712,EG00026712,Ashraf,Fouad,single,,2023-04-21
26713,EG00026713,Tarek,Tolba,M,m,2022-10-25
26714,EG00026714,Radwa,Hamdy,,f,2024-10-25
26715,EG00026715, Wael,Hassan,S,,2023-07-13
26716,EG00026716,Hany,Tolba,M,,2025-05-20
26717,EG00026717,Khaled,Zaki,M,m,2024-12-15
26718,EG00026718,Hend,Rashad,married,,2024-12-05
26719,EG00026719,Sherif,Saad,,,2025-01-07
26720,EG00026720,Ali,Ezzat,S,M,2024-10-02
26721,EG00026721,Wael,Rashad,single,Male,2022-09-30
26722,EG00026722,Ashraf,Zaki,,Male,2025-05-07
26723,EG00026723,Mariam,Fathy,M,Female,2022-04-28
26724,EG00026724,Aliaa,Kamel,single,,2023-01-15
26725,EG00026725,Mohamed,Hamdy,M,,2024-06-26
26726,EG00026726, Ayman,El-Masry,,M,2024-01-05
26727,EG00026727,Aya,Farid,,f,2023-03-21
26728,EG00026728,Sherif,Fathy,single,,2022-11-20
26729,EG00026729, Yasmin,Shawky,M,f,2023-07-27
26730,EG00026730,Radwa,Fathy ,,Female,2025-05-25
26731,EG00026731,Ayman,Rashad,S,m,2022-10-17
26732,EG00026732,Mariam,Shawky,M,f,2023-06-26
26733,EG00026733,Nourhan,Fathy,married,f,2024-03-23
26734,EG00026734,Sara,Ibrahim,single,Female,2023-04-10
26735,EG00026735, Marwa,Ibrahim,,,2024-06-07
26736,EG00026736,Hassan,Gaber,S,Male,2025-06-16
26737,EG00026737,Tarek,Saad,S,,2024-02-07
26738,EG00026738,Dina,Nabil,M,Female,2025-06-20
26739,EG00026739,Nour,Mahmoud,,,2024-07-23
26740,EG00026740,Karim,El-Sayed,married,,2022-06-23
26741,EG00026741,Dina,Abdel Rahman ,M,F,2022-10-06
26742,EG00026742,Mona,Mahmoud,M,,2024-06-13
26743,EG00026743,Adel,Mahmoud ,S,m,2025-02-08
26744,EG00026744, Doaa,Ibrahim,married,F,2022-11-14
26745,EG00026745,Wael,Gaber ,M,M,2023-12-14
26746,EG00026746,Marwa,Ezzat,,f,2022-10-22
26747,EG00026747,Aya,Gaber,M,f,2023-01-07
26748,EG00026748,Omar,Nabil,,Male,2023-07-27
26749,EG00026749,Amr,Zaki,S,M,2024-07-04
26750,EG00026750,Eman,Zaki,M,F,2023-10-11
26751,EG00026751,Eman,Gaber ,S,Female,2025-09-12
26752,EG00026752,Doaa,Ezzat ,M,f,2024-04-22
26753,EG00026753,Youssef,Kamel,S,M,2022-05-11
26754,EG00026754,Heba,Ibrahim,,f,2024-12-22
26755,EG00026755,Youssef,Fouad,married,,2022-10-04
26756,EG00026756,Ahmed,El-Sayed ,M,M,2024-10-26
26757,EG00026757,Sara,Gaber ,M,F,2025-03-15
26758,EG00026758, Karim,Farid,,Male,2024-12-17
26759,EG00026759,Reem,Fouad,,Female,2023-07-12
26760,EG00026760,Ayman,Abdel Rahman,M,Male,2023-09-23
26761,EG00026761,Fatma,Zaki,single,F,2024-02-03
26762,EG00026762,Marwa,Hamdy,S,,2024-02-19
26763,EG00026763,Khaled,Ibrahim,S,Male,2024-03-14
26764,EG00026764,Ashraf,Nabil,S,Male,2022-01-22
26765,EG00026765,Karim,Abdel Rahman ,M,Male,2024-02-10
26766,EG00026766, Sara,Ezzat,S,Female,2025-08-11
26767,EG00026767,Aliaa,Farid,,f,2024-09-02
26768,EG00026768,Ashraf,Ali,S,m,2024-08-03
26769,EG00026769, Ashraf,Tolba,married,m,2022-06-19
26770,EG00026770,Mariam,Tolba,M,Female,2024-10-15
26771,EG00026771,Tarek,El-Sayed,M,M,2022-07-26
26772,EG00026772,Ashraf,Mahmoud,married,m,2023-04-26
26773,EG00026773,Aliaa,Fathy,S,f,2023-05-26
26774,EG00026774,Ayman,Rashad,S,m,2023-05-27
26775,EG00026775,Shaimaa,Ibrahim,married,f,2023-01-06
26776,EG00026776,Aya,Kamel,M,,2024-04-27
26777,EG00026777, Ibrahim,Rashad ,S,Male,2023-03-17
26778,EG00026778,Ibrahim,El-Masry,S,M,2023-10-06
26779,EG00026779,Dina,Rashad,S,,2025-01-11
26780,EG00026780,Adel,Mahmoud,single,Male,2025-06-22
26781,EG00026781,Tarek,Saad,S,Male,2025-07-23
26782,EG00026782,Tarek,Fouad ,,Male,2023-06-02
26783,EG00026783, Hany,Hassan,M,Male,2024-04-29
26784,EG00026784,Ali,Shawky,S,Male,2025-09-28
26785,EG00026785,Dina,Shawky,M,,2024-06-06
26786,EG00026786,Doaa,Zaki,S,f,2025-09-19
26787,EG00026787,Hassan,Nabil,M,M,2024-05-26
26788,EG00026788,Mahmoud,Shawky,married,Male,2025-06-11
26789,EG00026789, Sameh,Shawky,M,m,2024-04-07
26790,EG00026790,Ibrahim,Rashad,married,m,2023-02-16
26791,EG00026791,Sherif,Hassan ,M,Male,2024-06-01
26792,EG00026792,Omar,Hamdy,,Male,2024-08-30
26793,EG00026793,Tarek,Nabil,married,m,2024-07-01
26794,EG00026794,Mahmoud,Abdel Rahman,single,M,2024-09-15
26795,EG00026795,Fatma,Zaki,,f,2022-12-15
26796,EG00026796,Marwa,Rashad,married,Female,2025-09-16
26797,EG00026797,Omar,Fathy,single,,2023-09-16
26798,EG00026798,Sameh,Hamdy,married,,2023-02-04
26799,EG00026799,Yasmin,Tolba ,M,Female,2024-04-14
26800,EG00026800,Aliaa,El-Masry,S,,2022-09-13
26801,EG00026801,Tarek,Fouad,,M,2025-05-08
26802,EG00026802,Aya,Gaber,single,f,2023-08-16
26803,EG00026803,Sherif,Kamel,S,Male,2022-01-13
26804,EG00026804,Mostafa,Hassan ,married,,2023-05-31
26805,EG00026805,Tarek,Nabil,M,Male,2023-01-03
26806,EG00026806,Omar,Ezzat ,M,M,2024-02-17
26807,EG00026807,Fatma,Ezzat,M,,2024-11-26
26808,EG00026808, Mariam,Zaki,single,,2024-11-03
26809,EG00026809, Ahmed,Zaki ,S,,2025-08-08
26810,EG00026810, Tarek,Ezzat,S,Male,2025-04-07
26811,EG00026811,Reem,Rashad,married,f,2024-02-25
26812,EG00026812,Hany,El-Sayed,S,M,2024-12-31
26813,EG00026813,Dina,Saad ,married,Female,2024-12-20
26814,EG00026814,Hany,El-Sayed,S,M,2024-07-22
26815,EG00026815,Tarek,Shawky,M,M,2025-09-19
26816,EG00026816,Ali,Ibrahim,S,M,2024-11-13
26817,EG00026817,Sameh,El-Masry ,M,,2025-07-30
26818,EG00026818,Dina,Kamel,M,f,2024-10-13
26819,EG00026819,Mostafa,Zaki ,married,m,2022-10-27
26820,EG00026820,Sara,Gaber,M,Female,2023-03-08
26821,EG00026821,Yasmin,El-Sayed,S,Female,2025-04-22
26822,EG00026822,Mohamed,Ezzat,,,2023-01-24
26823,EG00026823,Mona,Ali,married,,2023-08-30
26824,EG00026824,Mostafa,Mahmoud,single,M,2025-06-03
26825,EG00026825,Rana,Hamdy ,S,F,2023-06-14
26826,EG00026826,Omar,Shawky,,M,2023-02-14
26827,EG00026827,Mona,Farid ,single,f,2024-01-09
26828,EG00026828, Rana,Farid,,f,2022-12-09
26829,EG00026829,Sameh,Fouad,,m,2025-01-06
26830,EG00026830,Eman,Nabil,,f,2022-11-15
26831,EG00026831,Fatma,El-Masry,M,Female,2025-06-29
26832,EG00026832,Aliaa,Ezzat,M,Female,2024-06-11
26833,EG00026833,Adel,Fathy,S,,2022-04-30
26834,EG00026834, Youssef,Ibrahim,S,m,2023-04-05
26835,EG00026835,Mona,Fathy,S,f,2022-05-31
26836,EG00026836,Salma,Saad,S,Female,2024-07-18
26837,EG00026837,Eman,Saad,,,2024-12-01
26838,EG00026838,Adel,Kamel,S,m,2022-03-15
26839,EG00026839,Ibrahim,Abdel Rahman,S,Male,2022-05-10
26840,EG00026840,Heba,Nabil,married,F,2024-06-04
26841,EG00026841, Hassan,El-Masry,married,Male,2024-04-30
26842,EG00026842, Ahmed,Rashad,S,m,2022-02-11
26843,EG00026843,Mahmoud,Ali,S,Male,2022-08-07
26844,EG00026844,Omar,Farid,M,m,2025-02-11
26845,EG00026845,Aya,Ali,M,,2023-04-18
26846,EG00026846, Mostafa,Kamel,M,,2022-08-06
26847,EG00026847,Sara,Fouad,M,,2025-01-18
26848,EG00026848,Radwa,Rashad ,married,F,2022-09-13
26849,EG00026849,Doaa,Ali,S,f,2023-02-05
26850,EG00026850,Ali,Fathy,M,M,2023-03-02
26851,EG00026851,Ali,Tolba ,married,Male,2024-06-29
26852,EG00026852,Ashraf,Hamdy,,M,2023-12-27
26853,EG00026853,Reem,Gaber,,,2024-06-14
26854,EG00026854,Ali,Ibrahim,S,,2023-08-06
26855,EG00026855, Ashraf,Abdel Rahman,,,2024-11-08
26856,EG00026856, Ayman,Ezzat,M,,2025-03-11
26857,EG00026857,Eman,Tolba,,F,2025-03-12
26858,EG00026858,Ashraf,Nabil,single,,2023-07-13
26859,EG00026859,Nour,El-Sayed,,F,2022-03-15
26860,EG00026860,Tarek,Hassan ,married,Male,2024-11-30
26861,EG00026861,Heba,Hamdy,M,,2022-03-12
26862,EG00026862,Sameh,Tolba,M,,2024-12-27
26863,EG00026863,Shaimaa,Fouad ,M,F,2022-05-02
26864,EG00026864,Mona,Hassan,married,,2023-02-28
26865,EG00026865,Mona,Nabil ,S,Female,2024-06-17
26866,EG00026866,Fatma,Mahmoud,single,f,2024-08-02
26867,EG00026867, Eman,Farid,,Female,2025-01-27
26868,EG00026868,Doaa,Hamdy,married,Female,2023-02-22
26869,EG00026869, Rana,Fathy,married,Female,2022-12-09
26870,EG00026870,Mahmoud,Ezzat,,,2022-04-03
26871,EG00026871,Yasmin,Ibrahim,S,F,2023-07-13
26872,EG00026872,Ashraf,Zaki,married,Male,2022-08-01
26873,EG00026873,Mariam,Ezzat,S,F,2023-05-11
26874,EG00026874,Radwa,Fouad,single,,2023-03-25
26875,EG00026875,Aya,Hassan,M,Female,2024-07-15
26876,EG00026876,Ibrahim,Fouad,single,m,2023-08-08
26877,EG00026877,Heba,Zaki,married,Female,2022-09-17
26878,EG00026878,Mariam,Rashad,single,Female,2022-10-11
26879,EG00026879,Dina,Tolba,married,,2024-12-17
26880,EG00026880,Rana,Hamdy,M,f,2022-02-09
26881,EG00026881, Adel,Rashad,married,,2024-03-09
26882,EG00026882,Hassan,El-Sayed,,,2022-01-04
26883,EG00026883,Ahmed,Zaki,single,M,2025-05-28
26884,EG00026884,Dina,Ezzat ,married,Female,2025-06-29
26885,EG00026885,Youssef,El-Masry,S,,2022-04-23
26886,EG00026886,Sherif,Fathy,S,,2022-04-16
26887,EG00026887,Dina,Hamdy,,,2023-01-04
26888,EG00026888, Heba,Hamdy,single,F,2023-10-25
26889,EG00026889, Khaled,Abdel Rahman,married,m,2023-11-21
26890,EG00026890,Eman,Farid,S,f,2023-04-29
26891,EG00026891, Omar,Ezzat,M,Male,2025-01-09
26892,EG00026892,Rana,Kamel,S,Female,2023-09-12
26893,EG00026893,Ahmed,Tolba,M,Male,2025-03-10
26894,EG00026894,Khaled,Hassan,S,m,2024-02-16
26895,EG00026895,Radwa,Hassan,single,f,2023-11-05
26896,EG00026896,Tarek,Gaber,single,m,2023-03-12
26897,EG00026897,Ibrahim,Fathy,S,m,2025-05-04
26898,EG00026898,Doaa,Tolba,married,,2023-12-29
26899,EG00026899,Aliaa,Gaber,M,Female,2022-12-28
26900,EG00026900, Ayman,El-Masry,S,M,2024-06-06
26901,EG00026901,Fatma,Kamel,married,F,2023-10-25
26902,EG00026902,Sara,Kamel,,f,2022-01-18
26903,EG00026903, Reem,Ibrahim,M,F,2023-01-24
26904,EG00026904,Eman,Ali,single,Female,2022-09-14
26905,EG00026905,Doaa,Shawky,S,f,2024-08-09
26906,EG00026906,Youssef,El-Sayed,S,Male,2023-08-07
26907,EG00026907,Ali,El-Masry,married,,2025-06-05
26908,EG00026908,Radwa,Nabil,M,,2025-05-05
26909,EG00026909,Heba,Ibrahim ,M,f,2023-03-28
26910,EG00026910,Wael,Zaki,single,m,2022-07-13
26911,EG00026911,Mariam,El-Sayed,married,,2022-09-05
26912,EG00026912,Fatma,Nabil,S,Female,2022-09-02
26913,EG00026913,Aliaa,Ezzat,M,F,2023-03-04
26914,EG00026914,Eman,Gaber,S,,2024-11-21
26915,EG00026915,Mahmoud,Saad,M,M,2023-09-21
26916,EG00026916,Ahmed,Tolba,single,Male,2025-06-13
26917,EG00026917,Ayman,Fathy,M,M,2025-01-25
26918,EG00026918,Sara,Farid,married,f,2023-08-08
26919,EG00026919,Fatma,Hassan,M,F,2025-08-24
26920,EG00026920,Khaled,Saad,single,Male,2022-07-19
26921,EG00026921,Ashraf,Kamel ,M,m,2023-02-08
26922,EG00026922,Amr,Abdel Rahman,M,m,2025-03-26
26923,EG00026923,Fatma,Ali,single,,2024-08-19
26924,EG00026924,Adel,Hamdy,M,,2024-06-15
26925,EG00026925, Khaled,Shawky,S,m,2022-09-24
26926,EG00026926, Hend,Gaber,S,,2023-11-25
26927,EG00026927, Aya,Fathy,married,F,2024-02-22
26928,EG00026928,Tarek,Rashad,,M,2025-04-18
26929,EG00026929,Yasmin,Mahmoud,S,F,2023-03-03
26930,EG00026930,Ahmed,Saad,M,M,2023-08-17
26931,EG00026931, Ashraf,Rashad,single,,2025-04-25
26932,EG00026932, Dina,Fathy,S,,2023-07-27
26933,EG00026933,Sara,Nabil,M,,2022-07-18
26934,EG00026934,Ashraf,Rashad,M,Male,2025-08-23
26935,EG00026935, Nour,Farid,M,,2023-01-02
26936,EG00026936,Sara,Saad,married,F,2025-09-02
26937,EG00026937,Dina,Kamel ,M,F,2023-10-18
26938,EG00026938, Salma,Hassan,M,f,2024-04-28
26939,EG00026939,Doaa,Fouad,S,f,2024-12-14
26940,EG00026940,Fatma,Farid,S,F,2024-04-22
26941,EG00026941,Aya,Farid,married,,2022-08-06
26942,EG00026942, Mahmoud,Zaki,married,M,2022-12-31
26943,EG00026943,Ibrahim,Saad,single,Male,2022-09-05
26944,EG00026944,Adel,Ezzat,married,M,2022-07-12
26945,EG00026945,Nourhan,Mahmoud,S,f,2023-11-23
26946,EG00026946,Marwa,El-Sayed ,married,Female,2022-04-09
26947,EG00026947,Karim,Abdel Rahman,S,,2024-10-11
26948,EG00026948,Nourhan,Mahmoud ,,f,2024-08-06
26949,EG00026949,Aliaa,Saad,S,F,2025-06-14
26950,EG00026950,Adel,Abdel Rahman,M,M,2023-12-14
26951,EG00026951,Ahmed,Fouad,single,M,2023-01-14
26952,EG00026952, Omar,Fathy ,S,m,2023-09-30
26953,EG00026953, Tarek,Abdel Rahman,S,,2025-03-07
26954,EG00026954,Shaimaa,Tolba,,,2023-03-29
26955,EG00026955,Eman,Ibrahim,,,2024-05-09
26956,EG00026956,Khaled,Fouad ,S,Male,2022-07-02
26957,EG00026957,Amr,Mahmoud,M,,2022-05-25
26958,EG00026958,Mariam,Shawky ,single,,2025-02-13
26959,EG00026959,Hend,Nabil,M,F,2025-05-12
26960,EG00026960,Yasmin,Saad,married,F,2024-11-14
26961,EG00026961,Adel,Shawky,M,Male,2023-06-06
26962,EG00026962,Sara,Gaber,S,,2024-08-02
26963,EG00026963,Youssef,Abdel Rahman,M,,2022-11-09
26964,EG00026964,Ashraf,Hassan,S,Male,2022-08-13
26965,EG00026965, Rana,Fathy,S,,2022-04-25
26966,EG00026966,Hend,Saad,M,f,2022-07-24
26967,EG00026967,Shaimaa,Tolba,S,F,2023-09-17
26968,EG00026968,Sara,Ezzat ,married,f,2024-05-03
26969,EG00026969,Nourhan,Ezzat,S,F,2024-05-27
26970,EG00026970,Nourhan,Shawky ,M,F,2022-06-20
26971,EG00026971,Karim,Mahmoud ,,M,2023-11-23
26972,EG00026972,Sherif,Tolba,married,m,2024-04-18
26973,EG00026973,Sherif,Gaber,S,Male,2022-02-27
26974,EG00026974,Amr,Ezzat,single,Male,2025-01-01
26975,EG00026975, Sameh,Farid,married,m,2022-01-21
26976,EG00026976,Heba,Fouad,,,2025-01-11
26977,EG00026977,Heba,Kamel,single,F,2022-05-13
26978,EG00026978,Khaled,Tolba,S,M,2023-07-29
26979,EG00026979,Mohamed,Abdel Rahman,M,Male,2025-02-08
26980,EG00026980, Eman,Ibrahim,S,,2023-11-13
26981,EG00026981,Karim,Ezzat,single,M,2025-06-04
26982,EG00026982,Doaa,Mahmoud,single,F,2023-07-10
26983,EG00026983,Heba,Shawky ,,F,2024-11-23
26984,EG00026984,Sameh,Farid,,m,2024-02-19
26985,EG00026985,Mostafa,Tolba,M,m,2024-03-07
26986,EG00026986,Radwa,Hassan,S,f,2025-05-09
26987,EG00026987,Eman,Nabil,single,,2025-06-29
26988,EG00026988,Sherif,Fouad,M,M,2025-07-27
26989,EG00026989,Nour,Kamel,married,,2024-08-25
26990,EG00026990,Sherif,Mahmoud,M,Male,2023-11-24
26991,EG00026991,Ibrahim,Farid,married,M,2025-01-18
26992,EG00026992,Aliaa,Saad,married,F,2022-07-27
26993,EG00026993,Ashraf,Ali,M,M,2024-06-16
26994,EG00026994,Fatma,Nabil ,M,Female,2025-06-30
26995,EG00026995,Heba,Rashad,,F,2023-09-29
26996,EG00026996,Tarek,Shawky,M,m,2024-01-03
26997,EG00026997,Rana,Fathy,M,f,2022-04-08
26998,EG00026998,Khaled,Nabil,M,Male,2023-05-25
26999,EG00026999,Youssef,Mahmoud,S,,2025-02-25
