sls_ord_num,sls_prd_key,sls_cust_id,sls_store_id,sls_order_dt,sls_ship_dt,sls_due_dt,sls_sales,sls_quantity,sls_price
SO78790,COM_LAP-1008,20239,1,20251106,20251115,20251123,74790,2,37395
SO78791,COM_LAP-1004,,7,20251106,20251108,20251118,,2,64982
SO78792,COM_LAP-1001,24423,7,20251121,20251123,20251208,105470,2,52735
SO78793,MOB_SWA-1016,20032,5,20251122,20251201,20251207,4292,1,4292
SO78793,ACC_CHG-1008,20032,5,20251122,20251201,20251207,912,1,912
SO78794,DIS_TVS-1010,22347,5,20251113,20251121,20251128,108786,3,36262
SO78795,MOB_SMP-1008,25055,7,20251109,20251112,20251127,49650,3,0
SO78796,GAM_CTR-1014,27739,2,20251120,20251128,20251206,854,1,1187
SO78797,COM_DSK-1001,26549,5,20251120,20251129,20251207,14608,1,14608
SO78798,MOB_TAB-1010,21923,2,20251104,20251114,20251123,44868,3,14956
SO78798,GAM_CON-1001,21923,2,20251104,20251114,20251123,29258,1,29258
SO78799,COM_DSK-1011,24220,7,20251119,20251125,20251204,17881,1,17881
SO78800,ACC_CHG-1002,22741,4,20251102,20251104,20251116,531,1,531
SO78801,MOB_TAB-1003,20982,3,20251109,20251115,20251123,18563,1,18563
SO78801,GAM_CON-1015,20982,3,20251109,20251115,20251123,28962,1,28962
SO78802,GAM_CTR-1008,24568,5,20251110,20251115,20251121,5252,2,2626
SO78803,GAM_CTR-1016,25632,1,20251106,20251110,20251123,2953,1,2953
SO78804,COM_STR-1010,23803,3,20251101,20251106,20251116,9316,1,0
SO78804,GAM_ACC-1002,23803,3,20251101,20251106,20251116,1183,1,1183
SO78805,MOB_SWA-1004,21498,1,20251107,20251115,20251126,14988,1,14988
SO78805,GAM_ACC-1009,21498,1,20251107,20251115,20251126,2416,1,2416
SO78806,ACC_CAS-1006,24478,7,20251101,20251111,20251111,210,1,210
SO78807,ACC_CHG-1017,26821,2,20251125,20251204,20251208,2770,2,1385
SO78807,COM_MTB-1007,26821,2,20251125,20251204,20251208,3669,1,3669
SO78808,ACC_PWB-1012,25008,2,20251107,20251111,20251121,4040,2,2020
SO78808,ACC_CAB-1018,25008,2,20251107,0,20251121,1278,1,1278
SO78808,DIS_MON-1011,25008,2,20251107,20251111,20251121,14043,1,14043
SO78808,COM_LAP-1010,25008,2,20251107,20251111,20251121,70019,1,0
SO78809,DIS_TVS-1008,22546,2,20251120,20251130,20251202,187284,3,62428
SO78810,GAM_CON-1018,26745,2,20251128,20251203,20251209,11609,1,11609
SO78810,COM_DSK-1017,26745,2,20251128,20251203,20251209,145776,2,72888
SO78811,ACC_CHG-1017,26126,3,20251114,20251120,20251127,2874,2,1437
SO78811,COM_STR-1013,26126,3,20251114,20251120,20251127,6224,2,3112
SO78812,MOB_TAB-1010,22107,6,20251107,20251115,20251118,16309,1,16309
SO78813,ACC_PWB-1006,22295,2,20251117,20251119,20251128,3855,2,1857
SO78813,ACC_CAB-1012,22295,2,20251117,20251119,20251128,373,1,373
SO78814,GAM_CTR-1013,20902,3,20251127,20251130,20251211,2280,2,1140
SO78815,COM_LAP-1011,24342,3,20251111,20251119,20251126,97506,2,48753
SO78816,DIS_TVS-1006,22137,5,20251116,20251124,20251206,63155,1,63155
SO78816,COM_MTB-1003,22137,5,20251116,20251124,20251206,15788,2,7894
SO78817,ACC_CAS-1001,20136,2,20251115,20251123,20251127,372,2,0
SO78818,GAM_CTR-1002,20791,5,20251123,20251126,20251212,3280,2,1640
SO78819,GAM_CON-1014,24358,2,20251115,20251118,20251125,22386,2,11193
SO78819,COM_LAP-1003,24358,2,20251115,20251118,20251125,33603,1,33603
SO78819,DIS_MON-1006,24358,2,20251115,20251118,20251125,21571,1,21571
SO78819,MOB_SWA-1006,24358,2,20251115,20251118,20251125,13029,1,13029
SO78820,GAM_CTR-1008,21668,5,20251115,20251118,20251204,5728,2,2864
SO78821,MOB_TAB-1009,25278,2,20251110,20251112,20251121,59366,2,29683
SO78821,DIS_MON-1005,25278,2,20251110,20251112,20251121,39358,2,19679
SO78821,MOB_SMP-1011,25278,2,20251110,20251112,20251121,43918,2,21959
SO78822,GAM_CON-1006,27271,6,20251107,20251109,20251117,82047,3,27349
SO78823,ACC_CAS-1004,26890,4,20251120,20251128,20251203,1304,1,1304
SO78823,GAM_CTR-1018,26890,4,20251120,20251128,20251203,10050,2,5025
SO78823,GAM_CON-1012,26890,4,20251120,20251128,20251203,29567,1,29567
SO78823,GAM_CTR-1014,26890,4,20251120,20251128,20251203,1179,1,1179
SO78823,COM_LAP-1006,26890,4,20251120,20251128,20251203,75364,1,75723
SO78824,GAM_ACC-1017,,2,20251116,20251126,20251129,3572,1,3572
SO78825,ACC_CAS-1008,23814,5,20251119,20251129,20251202,696,2,348
SO78826,COM_DSK-1017,22229,5,20251123,20251129,20251206,148906,2,74453
SO78827,COM_STR-1014,24731,6,20251109,20251119,20251121,9383,1,9383
SO78827,GAM_CTR-1004,24731,6,20251109,20251119,20251121,4887,1,4887
SO78827,GAM_ACC-1002,,6,20251109,20251119,20251121,1272,1,1272
SO78828,GAM_ACC-1016,22460,6,20251126,20251204,20251214,3704,2,1852
SO78829,COM_STR-1006,25155,1,20251105,20251108,20251118,5009,1,5009
SO78830,MOB_SMP-1001,23901,6,20251112,20251114,20251126,103662,2,51831
SO78830,GAM_CON-1001,23901,6,20251112,20251114,20251126,57924,2,28962
SO78831,ACC_CHG-1002,27053,7,20251129,20251204,20251214,560,1,560
SO78832,COM_DSK-1006,27472,7,20251107,20251111,20251120,51923,1,51923
SO78833,COM_LAP-1002,27730,5,20251108,20251116,20251127,196130,2,98065
SO78834,MOB_SWA-1001,27104,4,20251128,20251130,20251217,24940,2,12470
SO78834,DIS_TVS-1002,27104,4,20251128,20251130,20251217,20081,1,20081
SO78835,COM_MTB-1007,22160,4,20251109,20251115,20251120,7003,2,3387
SO78836,COM_LAP-1014,26426,7,20251118,20251127,20251204,2322,2,1161
SO78836,MOB_TAB-1006,26426,7,20251118,20251127,20251204,25215,3,8405
SO78837,MOB_SMP-1001,26663,6,20251113,20251119,20251128,47431,1,47431
SO78837,COM_STR-1017,26663,6,20251113,20251119,20251128,8336,1,8336
SO78838,GAM_CTR-1009,21226,1,20251114,20251119,20251130,5298,2,2649
SO78839,ACC_CAB-1016,21972,6,20251106,20251112,20251117,127,1,127
SO78840,COM_STR-1002,20680,5,20251102,20251109,20251120,13752,2,6876
SO78840,GAM_CTR-1012,20680,5,20251102,20251109,20251120,4150,2,2075
SO78840,GAM_CON-1014,20680,5,20251102,20251109,20251120,35091,3,11697
SO78841,COM_STR-1003,25290,4,20251103,20251107,20251115,14654,2,7327
SO78842,MOB_SWA-1018,25583,4,20251123,20251130,20251212,11656,1,11656
SO78843, MOB_SMP-1009,24824,6,20251127,20251129,20251211,91266,2,45633
SO78844,ACC_PWB-1005,26075,5,20251108,20251113,20251122,921,1,921
SO78845,GAM_CON-1007,22049,1,20251111,20251113,20251123,70065,3,23355
SO78846,COM_DSK-1006,23823,5,20251111,20251121,20251122,57681,1,57681
SO78847,MOB_SWA-1004,23219,6,20251125,20251201,20251210,27126,2,13563
SO78847,GAM_ACC-1013,23219,6,20251125,20251201,20251210,3342,2,1671
SO78848,COM_MTB-1003,24010,6,20251103,20251108,20251115,7659,1,7659
SO78849,ACC_PWB-1011,22369,4,20251114,20251123,20251126,7454,3,2627
SO78849,GAM_CON-1012,22369,4,20251114,20251123,20251126,60132,2,30066
SO78849,ACC_CHG-1001,22369,4,20251114,20251123,20251126,629,1,629
SO78850,MOB_SWA-1016,23244,1,20251109,20251118,20251120,3998,1,3998
SO78850,ACC_CHG-1017,23244,1,20251109,20251118,20251120,1437,1,-1437
SO78851,MOB_SWA-1005,21725,6,20251103,20251109,20251113,36642,3,12214
SO78851,COM_MTB-1008,21725,6,20251103,20251109,20251113,11724,1,11724
SO78852,MOB_SWA-1012,20006,2,20251118,20251125,20251128,24614,2,12307
SO78853,ACC_CHG-1009,27660,7,20251109,20251119,20251120,1628,2,814
SO78853,GAM_ACC-1006,27660,7,20251109,20251119,20251120,6060,2,3030
SO78853,COM_RAM-1013,27660,7,20251109,20251119,20251120,1755,1,1755
SO78853,DIS_TVS-1009,27660,7,20251109,20251119,20251120,32452,2,16226
SO78853,ACC_CAB-1009,27660,7,20251109,20251119,20251120,442,2,221
SO78854,COM_LAP-1010,20703,5,20251126,20251128,20251206,192519,3,64173
SO78854,GAM_CON-1005,20703,5,20251126,20251128,20251206,62908,2,31454
SO78855,ACC_CAB-1014,24670,5,20251114,20251119,20251124,930,3,310
SO78856,COM_LAP-1012,25928,1,20251129,20251201,20251215,240885,3,0
SO78856,MOB_SWA-1007,25928,1,20251129,20251201,20251215,14582,2,7291
SO78856,COM_RAM-1010,25928,1,20251129,20251201,20251215,3786,3,1262
SO78857,MOB_SMP-1002,26322,7,20251130,20251204,20251214,57075,3,19025
SO78857,COM_LAP-1001,26322,7,20251130,20251204,20251214,57102,1,57102
SO78858,ACC_CAB-1020,23483,1,20251101,20251103,20251118,504,1,504
SO78858,COM_RAM-1007,23483,1,20251101,20251103,20251118,8766,3,2922
SO78858,ACC_CHG-1003,23483,1,20251101,20251103,20251118,314,1,314
SO78858,GAM_CTR-1010,23483,1,20251101,20251103,20251118,1623,1,1735
SO78859,ACC_CAS-1005,27343,7,20251103,20251111,20251123,840,2,420
SO78859,COM_STR-1002,27343,7,20251103,20251111,20251123,7118,1,7118
SO78860, COM_DSK-1004,20815,1,20251102,20251108,20251117,78420,3,26140
SO78861,MOB_SWA-1017,20155,6,20251110,20251112,20251130,28890,2,14445
SO78862,GAM_CON-1014,25594,2,20251102,20251108,20251112,23416,2,11708
SO78863,ACC_CAS-1005,22690,5,20251123,20251127,20251207,818,2,409
SO78864,MOB_TAB-1006,22149,6,20251124,20251204,20251209,15768,2,7884
SO78865,DIS_TVS-1010,22538,7,20251130,20251202,20251219,41063,1,41063
SO78866,ACC_PWB-1011,27121,3,20251123,20251126,20251206,3030,1,3030
SO78866,MOB_SMP-1008,27121,3,20251123,20251126,20251206,35336,2,17668
SO78867,COM_DSK-1020,26832,1,20251107,20251117,20251124,19723,1,19723
SO78868,DIS_TVS-1007,24604,6,20251114,20251124,20251202,65619,3,21873
SO78869,GAM_ACC-1004,23794,6,20251119,20251128,20251203,663,1,663
SO78870,ACC_CAS-1009,25759,7,20251111,20251121,20251201,594,1,594
SO78871,DIS_MON-1011,20235,7,20251121,20251130,20251211,30100,2,15050
SO78871,ACC_CAB-1018,20235,7,20251121,20251130,20251211,1311,1,1311
SO78872,ACC_CHG-1014,26635,3,20251114,20251118,20251130,443,1,443
SO78873,DIS_TVS-1004,20236,5,20251122,20251202,20251207,55824,1,55824
SO78874,ACC_PWB-1005,23147,2,20251110,20251120,20251124,826,1,826
SO78875,COM_GPU-1003,26147,6,20251107,20251112,20251122,1249,1,1249
SO78876,COM_RAM-1006,24512,3,20251122,20251128,20251210,1978,1,1978
SO78877,COM_DSK-1010,21067,3,20251113,20251122,20251201,1201,1,1201
SO78878,MOB_SMP-1005,22697,7,20251113,20251123,20251123,156237,3,52079
SO78879,ACC_CAB-1018,26027,5,20251116,20251123,20251203,2412,2,1206
SO78880,COM_DSK-1001,24213,4,20251101,20251104,20251112,15130,1,15130
SO78880,COM_STR-1001,24213,4,20251101,20251104,20251112,7708,1,7708
SO78881,ACC_CAS-1006,21223,4,20251130,20251202,20251214,388,2,194
SO78881,COM_LAP-1012,21223,4,20251130,20251202,20251214,71488,1,71488
SO78882, GAM_CON-1019,24561,2,20251130,20251210,20251220,,3,1189
SO78883,ACC_CAB-1015,23293,7,20251127,20251129,20251210,447,1,447
SO78883,GAM_ACC-1003,23293,7,20251127,20251129,20251210,5530,2,2765
SO78883,COM_DSK-1004,23293,7,20251127,20251129,20251210,26427,1,26427
SO78884,MOB_SWA-1017,21106,2,20251118,20251120,20251207,31038,2,15519
SO78884,COM_STR-1002,21106,2,20251118,20251120,20251207,22608,3,7536
SO78884,ACC_CAB-1007,21106,2,20251118,20251120,20251207,1098,3,366
SO78884, GAM_CON-1018,21106,2,20251118,20251120,20251207,24278,2,12139
SO78885,GAM_ACC-1018,24554,3,20251117,20251124,20251128,2956,2,1478
SO78885,COM_DSK-1009,24554,3,20251117,20251124,20251128,1181,1,1181
SO78886,COM_RAM-1014,26348,3,20251112,20251118,20251124,2942,1,2942
SO78886,COM_MTB-1001,26348,3,20251112,20251118,20251124,15956,2,7978
SO78887,GAM_ACC-1006,21358,7,20251102,20251106,20251122,2941,1,2941
SO78887,GAM_CTR-1017,21358,7,20251102,20251106,20251122,1503,1,0
SO78888,GAM_CON-1006,25631,3,20251118,20251128,20251204,82458,3,27486
SO78888,ACC_CAS-1003,25631,3,20251118,20251128,20251204,656,1,656
SO78888,COM_DSK-1003,25631,3,20251118,20251128,20251204,133736,2,66868
SO78888,COM_DSK-1001,25631,3,20251118,20251128,20251204,31714,2,15857
SO78888,GAM_CTR-1011,25631,3,20251118,20251128,20251204,3076,2,1538
SO78888,GAM_CON-1002,25631,3,20251118,20251128,20251204,70866,3,23622
SO78889,ACC_CHG-1003,26881,4,20251110,20251120,20251122,1014,3,338
SO78890,ACC_CHG-1012,22581,7,20251114,20251124,20251130,2211,3,737
SO78890,COM_DSK-1016,22581,7,20251114,20251124,20251130,15564,1,15564
SO78891,GAM_CTR-1007,,2,20251126,20251201,20251213,7856,2,3928
SO78892,COM_RAM-1008,22956,2,20251122,20251202,20251208,4141,1,4141
SO78893,ACC_CAS-1011,23505,6,20251122,20251126,20251206,664,1,664
SO78893,ACC_PWB-1007,23505,6,20251122,20251126,20251206,5496,2,2941
SO78894,DIS_TVS-1010,22960,7,20251101,20251110,20251121,73894,2,36947
SO78894,GAM_CTR-1011,22960,7,20251101,20251110,20251121,2970,2,1485
SO78895,COM_RAM-1009,21286,3,20251104,20251109,20251114,6696,2,3348
SO78896,ACC_CAB-1004,23174,7,20251121,20251128,20251210,441,3,147
SO78896,DIS_MON-1009,23174,7,20251121,20251128,20251210,26656,2,13328
SO78896,COM_STR-1014,23174,7,20251121,20251128,20251210,19056,2,0
SO78897,ACC_CHG-1016,23253,5,20251114,20251123,20251201,1500,2,750
SO78898,GAM_CON-1006,22317,4,20251107,20251113,20251127,27684,1,27684
SO78898,ACC_CAB-1016,22317,4,20251107,20251113,20251127,136,1,136
SO78899,COM_GPU-1011,23405,6,20251108,20251110,20251118,41732,1,41732
SO78899,ACC_CHG-1017,23405,6,20251108,20251110,20251118,2854,2,1427
SO78899,DIS_MON-1002,23405,6,20251108,20251110,20251118,16179,1,16179
SO78899, COM_LAP-1006,23405,6,20251108,20251110,20251118,229488,3,76496
SO78900,COM_RAM-1009,22842,3,20251130,20251204,20251215,7044,2,3522
SO78900,MOB_SWA-1009,22842,3,20251130,20251204,20251215,7740,1,7740
SO78900,COM_LAP-1008,22842,3,20251130,20251204,20251215,79254,2,39627
SO78901,COM_RAM-1015,25010,5,20251126,20251206,20251207,2894,1,2894
SO78902, MOB_TAB-1002,21410,2,20251127,20251206,20251217,,2,21101
SO78902,GAM_CON-1012,21410,2,20251127,20251206,20251217,81492,3,27164
SO78903,GAM_CON-1008,25402,2,20251108,20251110,20251128,19571,1,19571
SO78903,ACC_CHG-1007,25402,2,20251108,20251110,20251128,1145,1,1145
SO78903,COM_STR-1009,25402,2,20251108,20251110,20251128,5573,1,0
SO78904,DIS_TVS-1002,22047,6,20251123,20251128,20251211,41034,2,20517
SO78905,DIS_TVS-1009,26758,5,20251115,20251124,20251125,16358,1,16358
SO78906,DIS_MON-1010,22872,3,20251120,20251128,20251205,32590,2,16295
SO78907,ACC_PWB-1011,22389,2,0,20251126,20251207,5340,2,0
SO78907,MOB_SMP-1007,22389,2,20251118,20251126,20251207,10857,1,10857
SO78908,ACC_CAB-1001,26947,1,20251115,20251122,20251130,247,1,247
SO78908,COM_STR-1015,26947,1,20251115,20251122,20251130,3024,2,1512
SO78909,MOB_SWA-1002,25898,1,20251126,20251206,20251214,32991,3,10997
SO78910,GAM_CON-1020,24377,7,20251108,20251116,20251121,27175,1,27175
SO78911,COM_RAM-1002,22066,7,20251128,20251204,20251217,3761,1,3761
SO78912,ACC_CAB-1001,22304,2,20251110,20251120,20251123,259,1,259
SO78912,MOB_TAB-1013,22304,2,20251110,20251120,20251123,33038,2,16519
SO78913,COM_LAP-1006,20402,5,20251107,20251111,20251120,76159,1,76159
SO78913,ACC_PWB-1003,20402,5,20251107,20251111,20251120,2632,1,2632
SO78914,GAM_ACC-1018,21545,4,20251111,20251119,20251125,2936,2,1468
SO78915,COM_STR-1017,20512,7,20251107,20251112,20251122,17902,2,8951
SO78915,GAM_CTR-1015,20512,7,20251107,20251112,20251122,4613,1,4613
SO78915,ACC_CAB-1001,20512,7,20251107,20251112,20251122,540,2,270
SO78916,COM_STR-1013,20808,6,20251128,20251203,20251218,10245,3,3437
SO78917,COM_STR-1013,21501,6,20251118,20251120,20251208,3239,1,3239
SO78918,ACC_CHG-1007,24951,1,20251115,20251117,20251129,3714,3,1238
SO78918,GAM_CTR-1004,24951,1,20251115,20251117,20251129,4687,1,4687
SO78918,ACC_CAB-1015,24951,1,20251115,20251117,20251129,934,2,467
SO78919,GAM_CTR-1001,25147,7,20251123,20251125,20251208,11322,3,3774
SO78920,COM_STR-1009,21752,2,20251123,20251201,20251203,5564,1,5564
SO78920,MOB_TAB-1010,21752,2,20251123,20251201,20251203,16680,1,16680
SO78920,ACC_CHG-1007,21752,2,20251123,20251201,20251203,1186,1,1186
SO78921,ACC_CAS-1003,26296,5,20251104,20251112,20251116,1242,2,0
SO78921,ACC_PWB-1004,26296,5,20251104,20251112,20251116,5600,2,2800
SO78922,ACC_CHG-1011,25075,2,20251107,20251110,20251125,2456,2,1228
SO78923,GAM_ACC-1002,24583,6,20251127,20251204,20251213,1182,1,1182
SO78924,COM_GPU-1010,22769,4,20251125,20251130,20251215,216456,3,72152
SO78924,ACC_CAB-1011,22769,4,20251125,20251130,20251215,1122,3,374
SO78925,MOB_SWA-1018,22134,1,20251125,20251204,20251210,10870,1,10870
SO78926,ACC_CHG-1009,22790,2,20251126,20251204,20251216,1622,2,811
SO78927,GAM_ACC-1008,23353,4,20251103,20251109,20251117,9048,3,3016
SO78928,MOB_TAB-1010,23090,3,20251122,20251129,20251204,15628,1,15628
SO78929,MOB_TAB-1009,27062,7,20251109,20251114,20251127,31346,1,31346
SO78929,COM_LAP-1008,27062,7,20251109,20251114,20251127,80948,2,40474
SO78929,COM_DSK-1006,27062,7,20251109,20251114,20251127,59749,1,59749
SO78930,MOB_TAB-1013,24517,5,20251115,20251117,20251126,17933,1,17933
SO78931,COM_GPU-1008,20741,1,20251109,20251113,20251127,42874,1,42874
SO78932,MOB_SMP-1001,24356,4,20251123,20251201,20251206,49384,1,49384
SO78933,GAM_ACC-1020,27180,1,20251104,20251109,20251114,1901,1,2399
SO78934,ACC_CAS-1012,20961,2,20251106,20251109,20251120,1279,1,1279
SO78934, COM_RAM-1015,20961,2,20251106,20251109,20251120,9891,3,3297
SO78935,GAM_CTR-1014,27257,7,20251119,20251122,20251129,2554,2,1277
SO78936,DIS_MON-1012,26422,5,20251101,20251104,20251120,4050,1,4050
SO78936,COM_MTB-1003,26422,5,20251101,20251104,20251120,23025,3,7675
SO78936,ACC_CAS-1015,26422,5,20251101,20251104,20251120,238,1,238
SO78937,MOB_SWA-1017,25367,5,20251117,20251123,20251130,30962,2,15481
SO78938,GAM_CTR-1008,23956,7,20251108,20251117,20251120,2669,1,2669
SO78938,ACC_PWB-1003,23956,7,20251108,20251117,20251120,5210,2,2605
SO78939,MOB_TAB-1012,25102,2,20251114,20251116,20251129,37779,1,0
SO78940,ACC_CHG-1006,22798,3,20251111,20251117,20251127,2565,3,855
SO78940,GAM_CON-1009,22798,3,20251111,20251117,20251127,19424,1,19424
SO78941,MOB_SWA-1020,20762,2,20251126,20251130,20251215,11340,2,5670
SO78941,ACC_CAB-1011,20762,2,20251126,20251130,20251215,391,1,391
SO78942,MOB_SWA-1020,26258,7,20251130,20251206,20251214,11528,2,5764
SO78942,MOB_SWA-1018,26258,7,20251130,20251206,20251214,11915,1,11915
SO78942,COM_RAM-1014,26258,7,0,20251206,20251214,2853,1,2853
SO78942,ACC_PWB-1001,26258,7,20251130,20251206,20251214,3388,2,1694
SO78943,ACC_PWB-1008,21965,1,20251108,20251116,20251121,5736,2,2868
SO78944,DIS_MON-1005,24112,6,20251110,20251119,20251126,18504,1,18504
SO78944,MOB_TAB-1002,24112,6,20251110,20251119,20251126,59637,3,19879
SO78944,GAM_CON-1016,24112,6,20251110,20251119,20251126,11974,1,11974
SO78945,MOB_SWA-1010,27709,4,20251115,20251119,20251203,11092,1,11092
SO78946,ACC_CAS-1010,26178,4,20251110,20251112,20251122,1131,3,377
SO78947,MOB_SWA-1020,21138,2,20251113,20251119,20251127,6421,1,6421
SO78947,ACC_CAS-1014,21138,2,20251113,20251119,20251127,1352,2,676
SO78948,MOB_TAB-1009,25218,7,20251104,20251111,20251123,28534,1,28534
SO78948,GAM_CTR-1001,25218,7,20251104,20251111,20251123,7458,2,3729
SO78949,COM_GPU-1010,25164,7,20251101,20251107,20251112,66451,1,66451
SO78950,DIS_MON-1014,21653,4,20251115,20251125,20251129,13234,2,6617
SO78951,ACC_CAS-1015,20055,7,20251105,20251115,20251120,270,1,270
SO78951,ACC_CAB-1010,20055,7,20251105,20251115,20251120,956,2,478
SO78952,COM_GPU-1007,20691,1,20251116,20251118,20251126,1267,1,1267
SO78952,MOB_TAB-1006,20691,1,20251116,20251118,20251126,7841,1,7841
SO78952,ACC_CAS-1009,20691,1,20251116,20251118,20251126,613,1,613
SO78953,ACC_PWB-1006,26471,2,20251101,20251105,20251116,1916,1,1916
SO78953,COM_STR-1001,26471,2,20251101,20251105,20251116,7660,1,7660
SO78953,ACC_CAB-1012,26471,2,20251101,20251105,20251116,674,2,337
SO78954,ACC_CAB-1013,22434,6,20251127,20251204,20251207,1308,3,436
SO78955,ACC_CAS-1012,25163,3,20251124,20251128,20251208,1233,1,1233
SO78955,DIS_MON-1014,25163,3,20251124,20251128,20251208,6855,1,6855
SO78955,COM_STR-1011,25163,3,20251124,20251128,20251208,25860,3,8620
SO78955, GAM_ACC-1003,25163,3,20251124,20251128,20251208,3032,1,3032
SO78956,ACC_CHG-1004,23014,5,20251103,20251109,20251120,876,1,876
SO78956,GAM_CTR-1003,23014,5,20251103,20251109,20251120,3467,1,3467
SO78957,MOB_TAB-1008,20638,3,20251123,20251128,20251205,43114,2,21557
SO78957,COM_RAM-1015,20638,3,20251123,20251128,20251205,6214,2,3107
SO78958,GAM_ACC-1014,20454,7,20251106,20251112,20251124,649,1,649
SO78959,MOB_SMP-1009,22468,3,0,20251115,20251119,102850,2,51425
SO78960,MOB_SWA-1003,27698,1,20251107,20251116,20251127,2443,1,2443
SO78961,ACC_CAS-1010,21483,4,20251128,20251202,20251211,712,2,356
SO78961,COM_RAM-1002,21483,4,20251128,20251202,20251211,3764,1,3764
SO78962,MOB_SMP-1009,26854,1,20251128,20251206,20251214,92890,2,46445
SO78963,ACC_CAB-1018,26804,6,20251124,20251130,20251213,2564,2,1282
SO78964,GAM_CTR-1010,23077,7,20251112,20251119,20251127,1670,1,1670
SO78965,COM_STR-1015,24123,7,20251113,20251115,20251124,1508,1,1508
SO78966,MOB_TAB-1007,26204,6,20251122,20251127,20251210,7898,1,7898
SO78967, GAM_ACC-1004,23688,6,20251120,20251124,20251207,1270,2,0
SO78967,COM_STR-1014,23688,6,20251120,20251124,20251207,8651,1,8651
SO78967,COM_MTB-1005,23688,6,20251120,20251124,20251207,2381,1,2381
SO78968,COM_GPU-1003,25123,6,20251104,20251108,20251122,2658,2,1329
SO78968,DIS_MON-1011,25123,6,20251104,20251108,20251122,14790,1,14790
SO78969,ACC_CAB-1012,26430,7,20251127,20251205,20251210,1065,3,355
SO78969,COM_MTB-1001,26430,7,20251127,20251205,20251210,7851,1,7851
SO78970,MOB_SWA-1007,25434,3,20251102,20251112,20251121,19734,3,6578
SO78971,GAM_ACC-1016,22822,2,20251116,20251118,20251202,3818,2,1909
SO78972,COM_STR-1010,27226,7,20251113,20251115,20251130,8984,1,8984
SO78973,DIS_TVS-1003,23869,6,20251117,20251123,20251204,32122,2,16061
SO78974,ACC_CAB-1011,26111,1,20251108,20251115,20251125,1221,3,407
SO78974,COM_RAM-1006,26111,1,20251108,20251115,20251125,3572,2,1786
SO78975,GAM_CTR-1006,25584,4,20251102,20251106,20251121,4985,1,4985
SO78976,GAM_CTR-1014,26699,7,20251124,20251127,20251204,2508,2,1254
SO78977,MOB_TAB-1011,23151,1,20251111,20251113,20251122,20926,1,20926
SO78978,COM_STR-1009,26316,2,20251105,20251115,20251116,5739,1,5739
SO78979,COM_STR-1018,22851,1,20251120,0,20251208,7147,1,7147
SO78979,COM_DSK-1015,22851,1,20251120,20251124,20251208,35247,1,35247
SO78980,ACC_CAB-1001,21914,5,20251118,20251121,20251203,251,1,251
SO78981,GAM_CON-1021,26867,2,20251126,20251129,20251214,25250,1,25250
SO78981,ACC_CAS-1013,26867,2,20251126,20251129,20251214,711,1,397
SO78982,ACC_CAS-1004,23965,1,20251111,20251116,20251128,1305,1,1305
SO78983,ACC_CHG-1001,21815,3,20251123,20251127,20251208,1162,2,581
SO78983,MOB_SWA-1014,21815,3,20251123,20251127,20251208,7130,1,7130
SO78983,GAM_CON-1010,21815,3,20251123,20251127,20251208,55676,2,27838
SO78983,ACC_PWB-1002,21815,3,20251123,20251127,20251208,683,1,683
SO78984,ACC_CAB-1012,24349,5,20251112,20251121,20251129,1044,3,348
SO78984,ACC_CAB-1020,24349,5,20251112,20251121,20251129,1497,3,499
SO78985,ACC_PWB-1001,20159,3,20251122,20251124,20251209,3396,2,1698
SO78985,MOB_TAB-1013,20159,3,20251122,20251124,20251209,16357,1,16357
SO78985,COM_GPU-1010,20159,3,20251122,20251124,20251209,138518,2,69259
SO78986,MOB_SMP-1011,20600,5,20251109,20251114,20251119,,2,22329
SO78987,GAM_CON-1002,27124,3,20251115,20251117,20251127,22704,1,22704
SO78988,DIS_MON-1010,23431,2,20251119,20251126,20251203,15352,1,15352
SO78989,ACC_CAS-1014,23599,5,20251114,20251119,20251129,659,1,659
SO78989,MOB_SWA-1011,23599,5,20251114,20251119,20251129,7634,2,3817
SO78990,MOB_TAB-1003,27150,2,20251129,20251208,20251211,57579,3,19193
SO78991,ACC_CAB-1001,21197,3,20251121,20251201,20251206,798,3,266
SO78991,COM_DSK-1018,21197,3,20251121,20251201,20251206,35840,1,35840
SO78991,COM_LAP-1012,21197,3,20251121,20251201,20251206,71392,1,71392
SO78992,ACC_CAB-1020,24398,4,20251102,20251107,20251121,458,1,458
SO78992,GAM_CON-1018,24398,4,20251102,20251107,20251121,23736,2,11868
SO78993,COM_MTB-1002,21273,5,20251117,20251125,20251129,18514,2,9257
SO78994,ACC_CHG-1007,20889,3,20251114,20251120,20251127,1247,1,1247
SO78995,MOB_TAB-1012,22635,5,20251119,20251122,20251202,68360,2,34180
SO78996,ACC_PWB-1007,21296,5,20251110,20251118,20251126,5110,2,2555
SO78996,COM_GPU-1006,21296,5,20251110,20251118,20251126,73476,1,72991
SO78996,GAM_CON-1007,21296,5,20251110,20251118,20251126,21595,1,21595
SO78996,GAM_ACC-1008,21296,5,20251110,20251118,20251126,6647,2,3319
SO78996,GAM_CON-1008,21296,5,20251110,20251118,20251126,34756,2,17378
SO78996,COM_LAP-1005,21296,5,20251110,20251118,20251126,93537,1,93537
SO78997,COM_LAP-1012,27485,5,20251102,20251112,20251114,227208,3,75736
SO78998,ACC_CAB-1002,22467,1,20251108,20251117,20251124,1182,1,1182
SO78999,COM_DSK-1014,21814,2,20251106,20251115,20251116,135524,2,67762
SO78999,GAM_ACC-1004,21814,2,20251106,20251115,20251116,2040,3,680
SO78999,COM_RAM-1005,21814,2,20251106,20251115,20251116,4044,1,4044
SO79000,DIS_MON-1002,23158,7,20251103,20251111,20251114,16467,1,16467
SO79000,GAM_CON-1016,23158,7,20251103,20251111,20251114,10601,1,10904
SO79001,COM_STR-1003,25598,1,20251105,20251113,20251117,8450,1,8450
SO79001,COM_MTB-1002,25598,1,20251105,20251113,20251117,19442,2,9721
SO79002,ACC_PWB-1012,22802,2,20251106,20251115,20251125,6228,3,2076
SO79003,ACC_CAB-1014,25969,7,20251112,20251116,20251122,295,1,0
SO79004,GAM_CON-1011,21888,6,20251130,20251210,20251219,42026,2,21013
SO79005,MOB_SMP-1012,20521,5,20251111,20251117,20251125,2562,2,1281
SO79006,MOB_SWA-1012,24549,3,20251127,20251201,20251208,37002,3,12334
SO79006,COM_LAP-1008,24549,3,20251127,20251201,20251208,35722,1,0
SO79006,ACC_CAS-1012,24549,3,20251127,20251201,20251208,1346,1,1346
SO79006, MOB_SMP-1012,24549,3,20251127,20251201,20251208,2580,2,1290
SO79007,ACC_CAS-1013,24639,3,20251106,20251116,20251117,800,2,400
SO79008,ACC_PWB-1014,23237,5,20251107,20251113,20251127,2258,2,1129
SO79009,MOB_SMP-1012,27186,7,20251102,20251111,20251117,2332,2,1166
SO79009,ACC_PWB-1007,27186,7,20251102,20251111,20251117,2895,1,2895
SO79010,COM_STR-1014,24493,3,20251119,0,20251205,18494,2,9247
SO79011,DIS_TVS-1006,22740,6,20251130,20251202,20251216,62199,1,62199
SO79012,ACC_PWB-1003,26888,2,20251106,20251113,20251126,5202,2,2601
SO79013,GAM_ACC-1019,24547,1,20251116,20251125,20251129,3014,1,3014
SO79014,DIS_MON-1004,21119,2,20251130,20251207,20251217,12510,2,6255
SO79015,GAM_CTR-1018,26344,6,20251114,20251122,20251124,4768,1,4768
SO79016,GAM_CON-1017,23006,2,20251111,20251114,20251121,48270,3,16090
SO79017,MOB_TAB-1010,27734,7,20251126,20251128,20251210,15812,1,15812
SO79017,GAM_CON-1010,27734,7,20251126,20251128,20251210,58688,2,29344
SO79018,ACC_CAS-1003,20552,5,20251118,20251121,20251130,640,1,640
SO79019,MOB_SWA-1003,27166,5,20251127,20251206,20251217,2321,1,2321
SO79020,ACC_CHG-1006,26818,2,0,20251206,20251213,836,1,836
SO79021,GAM_CON-1009,21146,7,20251112,20251115,20251130,39406,2,19703
SO79022,ACC_CHG-1003,20828,5,20251112,20251119,20251201,654,2,327
SO79023, GAM_CON-1019,24335,2,20251114,20251119,20251203,2302,2,1151
SO79024,COM_STR-1004,24937,7,20251105,20251115,20251116,8140,2,4070
SO79024,GAM_ACC-1010,24937,7,20251105,20251115,20251116,1663,1,1663
SO79024,COM_LAP-1002,24937,7,20251105,20251115,20251116,297363,3,99121
SO79025,GAM_ACC-1016,26633,2,20251121,20251124,20251206,3480,2,1740
SO79026,ACC_CHG-1001,26396,4,20251112,20251118,20251124,628,1,628
SO79027,GAM_CTR-1015,25783,3,20251122,20251129,20251202,4539,1,4539
SO79028,GAM_CTR-1014,26163,5,20251118,20251123,20251129,2354,2,1177
SO79029,GAM_CTR-1006,25550,3,0,20251119,20251125,5001,1,0
SO79029,ACC_CHG-1005,25550,3,20251113,20251119,20251125,1036,1,1036
SO79030,ACC_CAB-1013,22885,5,20251118,20251121,20251206,870,2,435
SO79030,ACC_PWB-1011,22885,5,20251118,0,20251206,8979,3,2993
SO79030,ACC_CAB-1001,,5,0,20251121,20251206,522,2,261
SO79031,ACC_PWB-1002,27592,3,20251116,20251118,20251129,1312,2,656
SO79032,GAM_CON-1010,25456,5,20251114,20251122,20251126,25752,1,25752
SO79033,GAM_CON-1003,25035,4,20251108,20251114,20251118,1181,1,1181
SO79034,GAM_ACC-1010,25679,6,20251106,20251110,20251126,3622,2,1811
SO79034,COM_RAM-1013,25679,6,20251106,20251110,20251126,4911,3,1637
SO79035,DIS_TVS-1002,20009,4,20251108,20251114,20251128,19101,1,19101
SO79035,GAM_CTR-1013,20009,4,20251108,20251114,20251128,2346,2,1173
SO79036,DIS_TVS-1002,23690,7,20251111,20251114,20251128,36660,2,18330
SO79036,DIS_MON-1011,23690,7,20251111,20251114,20251128,14384,1,14384
SO79037,COM_GPU-1011,23406,5,20251130,20251209,20251216,80414,2,40207
SO79037,DIS_MON-1012,23406,5,20251130,20251209,20251216,4271,1,4271
SO79038,COM_GPU-1004,25303,1,20251123,20251129,20251211,31803,1,31803
SO79039,MOB_SWA-1001,25114,6,20251126,20251203,20251207,26680,2,-13340
SO79040,COM_GPU-1012,24737,1,20251107,20251116,20251121,58450,2,29225
SO79041,COM_STR-1010,26094,6,20251119,20251127,20251202,18046,2,9023
SO79042,ACC_CHG-1012,26471,6,20251104,20251111,20251121,784,1,784
SO79042,MOB_SWA-1018,26471,6,20251104,20251111,20251121,10670,1,10670
SO79043,ACC_CAB-1004,21476,1,20251124,20251204,20251213,162,1,162
SO79043,MOB_TAB-1005,21476,1,20251124,20251204,20251213,31540,2,15770
SO79043,GAM_ACC-1016,21476,1,20251124,20251204,20251213,1935,1,1935
SO79043,GAM_ACC-1013,21476,1,20251124,20251204,20251213,1806,1,1806
SO79044,GAM_CON-1003,21145,3,20251129,20251203,20251212,2604,2,1302
SO79045,GAM_CTR-1006,20764,5,20251112,20251118,20251123,9008,2,4504
SO79046,MOB_TAB-1010,24528,1,20251114,20251122,20251203,16385,1,16385
SO79047,MOB_SWA-1010,27423,5,20251112,20251114,20251127,20784,2,10392
SO79047,MOB_TAB-1007,27423,5,20251112,20251114,20251127,15264,2,7632
SO79048,GAM_CON-1008,27570,2,20251111,20251113,20251128,40202,2,20101
SO79048,COM_GPU-1002,27570,2,20251111,20251113,20251128,100016,2,50008
SO79049,COM_LAP-1006,26775,1,20251105,20251112,20251116,81012,1,81012
SO79049,DIS_MON-1011,26775,1,20251105,20251112,20251116,15143,1,15143
SO79050,COM_STR-1018,24320,3,20251119,20251123,20251207,7056,1,7056
SO79051,GAM_CON-1002,25045,3,20251109,20251111,20251120,24474,1,24185
SO79051,ACC_CAS-1004,25045,3,20251109,20251111,20251120,2540,2,1270
SO79052,COM_RAM-1007,22960,7,20251117,20251123,20251207,9519,3,3173
SO79053,COM_LAP-1011,21420,3,20251124,20251126,20251208,102466,2,51233
SO79054,COM_LAP-1014,20357,5,20251111,20251113,20251129,3780,3,1260
SO79054,MOB_TAB-1001,20357,5,20251111,20251113,20251129,11769,1,11769
SO79055,GAM_ACC-1010,24701,3,20251103,20251113,20251114,1658,1,1658
SO79056,COM_DSK-1016,27468,5,20251121,20251128,20251205,15406,1,15406
SO79057,COM_DSK-1010,27103,3,20251119,20251123,20251205,2422,2,1211
SO79058,ACC_CHG-1005,22021,7,20251122,20251201,20251208,2104,2,1052
SO79058,COM_RAM-1004,22021,7,20251122,20251201,20251208,4116,1,4116
SO79058,MOB_SWA-1002,22021,7,20251122,20251201,20251208,11371,1,11361
SO79059,GAM_CTR-1014,23135,3,20251103,20251110,20251113,1174,1,1174
SO79059,COM_RAM-1015,23135,3,20251103,20251110,20251113,6314,2,3157
SO79060,GAM_CTR-1010,27334,1,20251122,20251202,20251207,3306,2,1653
SO79061,COM_STR-1004,25632,2,20251125,20251127,20251206,4082,1,4082
SO79061,COM_DSK-1013,25632,2,20251125,20251127,20251206,1188,1,1188
SO79061, MOB_SWA-1018,25632,2,20251125,20251127,20251206,10897,1,10897
SO79061,COM_GPU-1005,25632,2,20251125,20251127,20251206,30237,1,30237
SO79062,COM_RAM-1003,20614,1,20251128,20251202,20251214,,1,1426
SO79063,MOB_SMP-1001,23684,1,20251112,20251118,20251128,152799,3,50933
SO79063,ACC_CAB-1005,23684,1,20251112,20251118,20251128,240,1,240
SO79064,GAM_CTR-1001,20041,7,20251102,20251109,20251120,3511,1,3511
SO79065,COM_DSK-1019,25074,7,20251116,20251126,20251130,163426,2,81713
SO79065,COM_MTB-1003,25074,7,20251116,20251126,20251130,8039,1,8039
SO79066,COM_RAM-1006,24491,3,20251123,20251130,20251207,1894,1,1894
SO79067,MOB_SWA-1017,22010,6,20251128,20251201,20251216,46527,3,15509
SO79068,MOB_TAB-1007,27383,1,20251105,20251109,20251119,16002,2,8001
SO79069,GAM_CON-1011,23064,1,20251112,20251122,20251127,42298,2,0
SO79069,GAM_CTR-1013,23064,1,20251112,20251122,20251127,2176,2,1088
SO79070,ACC_PWB-1006,26769,7,20251116,20251122,20251206,3410,2,1705
SO79070,ACC_CAB-1007,26769,7,20251116,20251122,20251206,624,2,346
SO79071,COM_DSK-1002,24726,6,20251121,20251124,20251209,86138,2,43069
SO79072,DIS_MON-1005,20810,4,20251110,20251114,20251127,40652,2,20326
SO79073,DIS_MON-1001,22689,2,20251117,20251125,20251129,13666,1,13666
SO79073,GAM_CTR-1014,22689,2,20251117,20251125,20251129,1206,1,1206
SO79074,COM_STR-1009,21562,1,20251107,20251112,20251117,5643,1,5643
SO79074,COM_DSK-1007,21562,1,20251107,20251112,20251117,44664,1,-44664
SO79074,GAM_ACC-1008,21562,1,20251107,20251112,20251117,6430,2,3215
SO79075, COM_GPU-1009,20626,1,20251103,20251105,20251117,15867,1,15867
SO79075,GAM_CON-1017,20626,1,20251103,20251105,20251117,14622,1,0
SO79076,COM_LAP-1001,22589,2,20251129,20251201,20251209,170772,3,56924
SO79077,COM_LAP-1008,26362,6,20251111,20251120,20251128,110856,3,36952
SO79077,DIS_MON-1002,26362,6,20251111,20251120,20251128,29438,2,14719
SO79078,COM_GPU-1010,25043,3,20251114,20251117,20251129,147366,2,73683
SO79079,ACC_CAB-1014,24445,1,20251116,20251123,20251127,314,1,314
SO79079,COM_GPU-1010,24445,1,20251116,20251123,20251127,74477,1,74477
SO79080,GAM_CON-1007,26508,2,20251111,20251116,20251128,44748,2,22374
SO79080,COM_LAP-1001,26508,2,20251111,20251116,20251128,59409,1,59409
SO79081,DIS_MON-1007,26031,3,20251104,20251109,20251115,22662,2,11331
SO79081,GAM_ACC-1007,26031,3,20251104,20251109,20251115,3785,1,3785
SO79082,COM_DSK-1017,21335,2,20251121,20251127,20251210,225948,3,75316
SO79082,ACC_CHG-1002,21335,2,20251121,20251127,20251210,1076,2,538
SO79082,COM_LAP-1008,21335,2,20251121,20251127,20251210,39323,1,39323
SO79082,DIS_MON-1009,21335,2,20251121,20251127,20251210,12587,1,12587
SO79083,GAM_ACC-1012,23462,4,20251109,20251112,20251124,6303,3,2101
SO79083,GAM_ACC-1017,23462,4,20251109,20251112,20251124,3637,1,3637
SO79084,COM_STR-1015,22474,1,20251103,20251110,20251115,2954,2,1477
SO79084,ACC_CHG-1005,22474,1,20251103,20251110,20251115,3153,3,1051
SO79084,DIS_MON-1005,22474,1,20251103,20251110,20251115,39522,2,19761
SO79085,COM_DSK-1008,24014,7,20251123,20251130,20251211,71666,1,71666
SO79085,GAM_CTR-1009,24014,7,20251123,20251130,20251211,5068,2,2534
SO79085,MOB_SWA-1012,24014,7,20251123,20251130,20251211,12441,1,12446
SO79085,GAM_CTR-1012,24014,7,20251123,20251130,20251211,6702,3,2234
SO79085,ACC_CAB-1002,24014,7,20251123,20251130,20251211,3588,3,1196
SO79086,ACC_PWB-1011,22191,5,20251115,20251124,20251205,6002,2,0
SO79087,COM_GPU-1009,20179,5,20251113,20251120,20251126,30092,2,15046
SO79088,COM_DSK-1007,21337,6,20251103,20251109,20251122,43186,1,0
SO79088,GAM_ACC-1011,21337,6,20251103,20251109,20251122,1586,1,1586
SO79088,GAM_CTR-1011,21337,6,20251103,20251109,20251122,2852,2,1426
SO79088,COM_LAP-1013,21337,6,20251103,20251109,20251122,43040,1,43040
SO79089,ACC_CAS-1009,25112,1,20251114,20251116,20251202,1818,3,606
SO79090,ACC_CAB-1009,22531,3,20251130,20251210,20251212,442,2,221
SO79090,ACC_CAS-1005,22531,3,20251130,20251210,20251212,473,1,473
SO79091,ACC_CAB-1008,25435,4,20251106,20251112,20251118,524,2,262
SO79092,COM_GPU-1010,23646,5,20251117,20251119,20251128,142502,2,71251
SO79093,COM_LAP-1005,,5,20251129,20251205,20251209,191336,2,95668
SO79093,ACC_PWB-1012,21627,5,20251129,20251205,20251209,4446,2,2223
SO79093,GAM_CON-1020,21627,5,20251129,20251205,20251209,92361,3,30787
SO79094,ACC_PWB-1009,22968,4,20251116,20251126,20251205,702,1,702
SO79094,MOB_SWA-1017,22968,4,20251116,20251126,20251205,29016,2,14508
SO79094,GAM_CTR-1011,22968,4,20251116,20251126,20251205,1500,1,1500
SO79095,ACC_PWB-1014,22293,2,20251124,20251128,20251214,3309,3,1103
SO79095,COM_RAM-1001,22293,2,20251124,20251128,20251214,8066,2,4033
SO79096,COM_LAP-1005,20662,3,0,20251108,20251123,280734,3,93578
SO79096,ACC_PWB-1008,20662,3,20251103,20251108,20251123,2838,1,2838
SO79096,COM_STR-1002,20662,3,20251103,20251108,20251123,7990,1,7826
SO79097,GAM_CON-1009,22190,7,20251129,20251206,20251212,59646,3,19882
SO79098,GAM_CON-1014,27709,1,20251105,20251114,20251121,10672,1,10672
SO79099,GAM_CON-1013,20003,1,20251124,20251127,20251207,26284,1,26284
SO79099,ACC_CAS-1009,20003,1,20251124,20251127,20251207,1272,2,636
SO79100,COM_RAM-1012,25309,1,20251126,20251201,20251214,4559,1,4559
SO79101,DIS_MON-1008,21561,2,20251104,20251113,20251117,46904,2,23452
SO79102,ACC_CHG-1013,25672,3,20251102,20251106,20251120,717,1,717
SO79103,GAM_ACC-1009,23415,2,20251108,20251110,20251123,4844,2,2422
SO79104,COM_MTB-1004,22189,4,20251111,20251118,20251123,12738,1,12738
SO79104,ACC_CAB-1005,22189,4,20251111,20251118,20251123,705,3,235
SO79105,MOB_SMP-1009,21530,3,20251119,20251121,20251201,92124,2,46062
SO79106,GAM_CON-1009,20682,1,20251126,20251129,20251214,20262,1,20262
SO79107,COM_LAP-1004,22934,6,20251120,20251126,20251208,122788,2,61394
SO79108,ACC_CAS-1008,21342,1,20251122,20251124,20251207,349,1,349
SO79109,COM_RAM-1006,24060,5,20251126,20251202,20251216,1889,1,1889
SO79109,MOB_SWA-1006,24060,5,20251126,20251202,20251216,13746,1,13746
SO79110,COM_LAP-1007,26948,7,20251130,20251208,20251210,336423,3,112141
SO79111,GAM_ACC-1003,21925,2,20251126,20251130,20251212,2728,1,2957
SO79111,GAM_CON-1003,21925,2,20251126,20251130,20251212,2490,2,1245
SO79112,MOB_SWA-1010,24132,1,20251121,20251129,20251204,9766,1,9766
SO79112,GAM_CTR-1018,24132,1,20251121,0,20251204,4912,1,4912
SO79113,COM_GPU-1009,25907,2,20251116,0,20251129,32440,2,16220
SO79114,MOB_TAB-1003,22369,3,20251126,20251204,20251209,18967,1,18967
SO79115,ACC_CAB-1009,27190,2,20251107,20251114,20251120,221,1,221
SO79115,COM_STR-1012,27190,2,20251107,20251114,20251120,9242,1,0
SO79116,ACC_CAS-1008,27256,7,20251127,20251206,20251215,339,1,339
SO79116,COM_LAP-1012,27256,7,20251127,20251206,20251215,161562,2,80781
SO79117,DIS_MON-1003,20735,1,20251123,20251203,20251205,25922,2,12961
SO79118,GAM_ACC-1004,26557,1,20251127,20251206,20251212,2073,3,691
SO79118,ACC_PWB-1011,26557,1,20251127,20251206,20251212,2624,1,2624
SO79118,COM_DSK-1016,26557,1,20251127,20251206,20251212,15729,1,15729
SO79118,ACC_CAS-1004,26557,1,20251127,20251206,20251212,2614,2,1307
SO79119,GAM_CTR-1009,23605,3,20251110,20251120,20251126,2427,1,2427
SO79120,COM_DSK-1002,26278,6,20251104,20251106,20251120,143244,3,47748
SO79121,GAM_ACC-1014,25032,4,20251115,20251123,20251125,634,1,634
SO79122,GAM_CON-1020,20104,1,20251107,20251113,20251124,53608,2,26804
SO79122,MOB_SWA-1012,20104,1,20251107,20251113,20251124,25238,2,12619
SO79122,COM_STR-1018,20104,1,20251107,20251113,20251124,21018,3,7006
SO79122,GAM_ACC-1005,20104,1,20251107,20251113,20251124,2486,2,1243
SO79122,COM_RAM-1008,20104,1,20251107,20251113,20251124,7464,2,3732
SO79123,ACC_CAS-1001,24893,4,20251127,20251130,20251217,212,1,212
SO79124,ACC_CAB-1006,24206,3,20251106,20251108,20251118,283,1,283
SO79124,COM_DSK-1003,24206,3,20251106,20251108,20251118,150544,2,75272
SO79125,MOB_SWA-1004,20377,5,20251124,20251129,20251212,14664,1,-14664
SO79125,GAM_CTR-1016,20377,5,20251124,20251129,20251212,5980,2,2990
SO79126,GAM_ACC-1019,25715,3,20251106,20251109,20251126,2865,1,2865
SO79127,ACC_PWB-1007,21464,4,20251105,20251114,20251115,2650,1,2650
SO79128,COM_LAP-1004,22248,2,20251112,20251117,20251124,61072,1,61072
SO79129,DIS_TVS-1010,24736,5,20251120,20251122,20251208,72340,2,36170
SO79130,ACC_CHG-1015,26149,4,20251116,20251126,20251128,938,1,938
SO79130,COM_STR-1006,26149,4,20251116,20251126,20251128,16701,3,5567
SO79131,COM_DSK-1012,21401,4,20251122,20251130,20251208,166938,3,55646
SO79131,MOB_SMP-1003,21401,4,20251122,20251130,20251208,24184,1,24184
SO79132,COM_MTB-1001,23420,4,20251116,20251124,20251204,7486,1,7486
SO79133,GAM_CON-1004,23827,2,20251123,20251128,20251208,60278,2,30139
SO79134,MOB_TAB-1003,25545,3,20251113,20251118,20251125,19552,1,19552
SO79134,DIS_TVS-1010,25545,3,20251113,20251118,20251125,37085,1,37085
SO79134,DIS_TVS-1013,25545,3,20251113,20251118,20251125,39839,1,39839
SO79134,COM_LAP-1006,25545,3,20251113,20251118,20251125,77738,1,77738
SO79135,COM_LAP-1012,22253,2,20251104,20251107,20251115,219513,3,73171
SO79135,COM_MTB-1007,22253,2,20251104,20251107,20251115,6558,2,3279
SO79136,COM_RAM-1009,21654,6,20251121,20251124,20251209,7042,2,3521
SO79137,GAM_CTR-1010,26894,6,20251113,20251115,20251202,5046,3,1682
SO79138,ACC_CAB-1012,22158,3,0,20251112,20251123,676,2,338
SO79139,COM_LAP-1007,22751,4,20251109,20251118,20251127,110254,1,110254
SO79139,ACC_CHG-1006,22751,4,20251109,20251118,20251127,868,1,868
SO79140,MOB_SWA-1019,23720,7,20251115,20251123,20251202,20930,2,10465
SO79141,ACC_CAB-1018,20363,2,20251130,20251210,20251210,1310,1,1310
SO79142,GAM_CON-1016,23116,3,20251103,20251109,20251122,33774,3,11258
SO79142,GAM_CTR-1003,23116,3,20251103,20251109,20251122,3389,1,3389
SO79142,DIS_MON-1008,23116,3,20251103,20251109,20251122,69399,3,23133
SO79143,ACC_CAS-1001,27669,1,20251115,20251122,20251205,370,2,185
SO79144,GAM_CON-1020,21220,5,20251111,20251121,20251128,53720,2,26860
SO79144,DIS_TVS-1008,21220,5,20251111,20251121,20251128,205752,3,68584
SO79145,MOB_TAB-1010,20098,4,20251103,20251112,20251119,15009,1,15009
SO79146,ACC_CAS-1006,27166,7,20251127,20251201,20251211,597,3,199
SO79147,MOB_SWA-1004,23125,6,20251102,20251111,20251117,14938,1,14938
SO79147,ACC_PWB-1010,23125,6,20251102,20251111,20251117,8250,3,2750
SO79148,COM_RAM-1012,21104,6,20251115,20251121,20251202,9042,2,4521
SO79149,ACC_CHG-1016,27275,3,20251124,20251130,20251206,758,1,758
SO79150,MOB_SWA-1009,20670,2,20251108,20251117,20251120,15340,2,7670
SO79150,DIS_TVS-1010,20670,2,20251108,20251117,20251120,38432,1,38432
SO79151,ACC_CHG-1017,20204,5,20251105,20251112,20251117,1389,1,1389
SO79152,MOB_TAB-1004,24248,6,20251119,20251123,20251201,24344,2,12172
SO79152,ACC_CAB-1009,24248,6,20251119,20251123,20251201,197,1,197
SO79152,MOB_SMP-1001,24248,6,20251119,20251123,20251201,149283,3,49761
SO79152,COM_DSK-1010,24248,6,20251119,20251123,20251201,3939,3,1313
SO79153,COM_RAM-1003,22021,5,20251113,20251119,20251124,4404,3,1468
SO79153,ACC_CAS-1001,22021,5,20251113,20251119,20251124,543,1,188
SO79154,GAM_CON-1005,21098,2,20251111,20251120,20251129,61890,2,30945
SO79154,ACC_CAS-1009,21098,2,20251111,20251120,20251129,1905,3,635
SO79154,GAM_CTR-1008,21098,2,20251111,20251120,20251129,5266,2,2633
SO79154,ACC_PWB-1002,21098,2,20251111,20251120,20251129,587,1,587
SO79155,COM_DSK-1018,26422,3,20251108,20251116,20251120,34531,1,34531
SO79156,COM_STR-1009,24178,6,20251130,20251210,20251214,10732,2,5366
SO79157,DIS_TVS-1004,23292,4,20251117,20251125,20251205,56427,1,56427
SO79158,COM_RAM-1013,26223,5,20251123,20251127,20251212,1716,1,1716
SO79159,DIS_TVS-1010,23276,3,20251121,20251130,20251203,40516,1,40516
SO79159,GAM_CTR-1008,23276,3,20251121,20251130,20251203,2981,1,2981
SO79160,ACC_CAB-1020,22440,2,20251123,20251203,20251208,480,1,480
SO79161,COM_DSK-1016,24148,2,20251105,20251112,20251117,15783,1,15783
SO79162,ACC_PWB-1009,26036,6,20251120,20251124,20251210,1314,2,657
SO79163,ACC_CHG-1008,23523,6,20251121,20251126,20251210,2010,2,1005
SO79164,MOB_TAB-1002,22968,7,20251106,20251115,20251124,19338,1,19338
SO79165,MOB_SWA-1016,26469,2,20251101,20251106,20251114,4370,1,4370
SO79166,ACC_PWB-1011,22432,3,20251126,20251128,20251216,6106,2,3053
SO79166,DIS_MON-1001,22432,3,20251126,20251128,20251216,12929,1,12929
SO79167,GAM_CON-1009,20454,7,20251111,20251118,20251130,20719,1,20719
SO79167,ACC_CAS-1010,20454,7,20251111,20251118,20251130,408,1,408
SO79167,COM_RAM-1016,20454,7,20251111,20251118,20251130,928,1,928
SO79167,COM_GPU-1007,20454,7,20251111,20251118,20251130,1226,1,1226
SO79167,MOB_SWA-1002,20454,7,20251111,20251118,20251130,30606,3,10202
SO79168,ACC_PWB-1008,22717,5,20251110,20251115,20251126,3124,1,3124
SO79169,MOB_TAB-1009,24460,1,20251108,20251110,20251119,28289,1,28289
SO79169,MOB_TAB-1005,24460,1,20251108,20251110,20251119,31688,2,15844
SO79170,COM_GPU-1010,23914,7,20251114,20251121,20251128,137224,2,68612
SO79170,ACC_CAS-1003,23914,7,20251114,20251121,20251128,608,1,608
SO79171,DIS_MON-1010,21629,2,20251116,20251120,20251205,15317,1,15317
SO79172,COM_STR-1004,24523,4,0,20251203,20251213,3777,1,3777
SO79173,COM_STR-1016,20947,6,20251116,20251119,20251205,12304,2,6152
SO79173,COM_DSK-1019,20947,6,20251116,20251119,20251205,269784,3,89928
SO79174,GAM_CON-1016,22719,7,20251122,20251130,20251212,36909,3,12303
SO79174,ACC_CAB-1011,22719,7,20251122,20251130,20251212,1248,3,416
SO79174,ACC_CHG-1007,22719,7,20251122,20251130,20251212,1100,1,1100
SO79174,DIS_TVS-1001,22719,7,20251122,20251130,20251212,10271,1,10271
SO79175,ACC_CAS-1015,27050,5,20251124,20251203,20251210,245,1,245
SO79176,DIS_TVS-1006,23541,5,20251102,20251105,20251122,137640,2,68820
SO79176,GAM_ACC-1018,23541,5,20251102,20251105,20251122,1439,1,1439
SO79177,COM_RAM-1016,,4,20251110,20251112,20251120,908,1,908
SO79177,COM_MTB-1008,21210,4,20251110,20251112,20251120,10543,1,10543
SO79177,COM_DSK-1009,21210,4,20251110,20251112,20251120,2480,2,1240
SO79177,ACC_CAB-1013,21210,4,20251110,20251112,20251120,391,1,391
SO79178,COM_RAM-1001,21003,3,20251112,20251114,20251123,3812,1,3812
SO79178,MOB_SMP-1003,21003,3,20251112,20251114,20251123,21056,1,21056
SO79179,MOB_SWA-1002,26071,5,20251112,20251121,20251127,11353,1,-11353
SO79180,ACC_PWB-1007,27739,6,20251129,20251208,20251219,2900,1,2900
SO79181,COM_RAM-1006,22941,1,20251109,20251116,20251125,4004,2,2002
SO79182,COM_MTB-1003,24306,5,20251108,20251115,20251123,7703,1,7703
SO79183,GAM_CON-1004,23257,1,20251115,20251120,20251127,30913,1,30913
SO79183,COM_DSK-1014,23257,1,20251115,20251120,20251127,69916,1,-69916
SO79183,COM_DSK-1020,23257,1,20251115,20251120,20251127,59484,3,19828
SO79183, DIS_MON-1006,23257,1,20251115,20251120,20251127,20990,1,20990
SO79184,ACC_CAB-1014,23229,6,20251117,20251122,20251128,576,2,288
SO79185,ACC_CAS-1006,25098,6,20251108,20251117,20251125,386,2,193
SO79185,COM_RAM-1004,25098,6,20251108,20251117,20251125,4464,1,4464
SO79186,ACC_CAB-1002,20221,7,20251104,20251109,20251117,2536,2,1268
SO79187,COM_MTB-1002,25652,1,20251119,20251122,20251207,9428,1,9428
SO79187,GAM_CON-1004,25652,1,20251119,20251122,20251207,29298,1,29298
SO79187,COM_LAP-1001,25652,1,20251119,20251122,20251207,52118,1,52118
SO79187,DIS_TVS-1007,25652,1,20251119,20251122,20251207,19596,1,19596
SO79187,GAM_CON-1012,25652,1,20251119,20251122,20251207,85602,3,28534
SO79187,GAM_CTR-1016,25652,1,20251119,20251122,20251207,9564,3,3188
SO79188,GAM_CON-1011,26396,7,20251107,20251113,20251120,41136,2,20568
SO79188,GAM_CON-1021,26396,7,20251107,20251113,20251120,50134,2,25067
SO79188,ACC_CAS-1009,26396,7,20251107,20251113,20251120,649,1,649
SO79188,MOB_TAB-1003,26396,7,20251107,20251113,20251120,38120,2,19060
SO79188,ACC_PWB-1004,26396,7,20251107,20251113,20251120,5478,2,2739
SO79188,COM_STR-1002,26396,7,20251107,20251113,20251120,14334,2,7167
SO79189,GAM_CTR-1006,24701,6,20251129,20251207,20251215,8956,2,4478
SO79189,COM_GPU-1012,24701,6,20251129,20251207,20251215,28051,1,28051
SO79190,ACC_CHG-1007,23602,7,20251119,20251121,20251202,2468,2,0
SO79191,ACC_CHG-1003,27107,6,20251109,20251116,20251124,590,2,295
SO79192,MOB_TAB-1001,24622,5,20251116,20251125,20251204,38874,3,12958
SO79193,ACC_CAB-1008,24687,3,20251126,20251130,20251216,574,2,287
SO79194,COM_MTB-1007,23413,4,20251128,20251206,20251211,3607,1,3607
SO79194,GAM_CON-1008,23413,4,20251128,20251206,20251211,18020,1,18020
SO79194,COM_MTB-1008,23413,4,20251128,20251206,20251211,11557,1,11557
SO79195,COM_RAM-1004,26932,5,20251123,0,20251203,8910,2,4455
SO79196,MOB_SWA-1012,25715,7,20251118,20251125,20251203,13126,1,13126
SO79197,GAM_CON-1015,23528,6,20251126,20251205,20251209,57458,2,28729
SO79198,MOB_TAB-1003,22601,3,20251128,20251130,20251210,20453,1,20453
SO79198,GAM_CON-1020,22601,3,20251128,20251130,20251210,27679,1,27679
SO79198,GAM_ACC-1012,22601,3,20251128,20251130,20251210,2263,1,2263
SO79198,COM_GPU-1011,22601,3,20251128,20251130,20251210,77264,2,38632
SO79198,GAM_CTR-1016,22601,3,20251128,20251130,20251210,3073,1,3073
SO79199,COM_DSK-1006,26976,1,20251129,20251203,20251216,159411,3,53137
SO79200,GAM_CTR-1003,23232,1,20251115,20251118,20251204,3225,1,3225
SO79200,COM_MTB-1006,23232,1,20251115,20251118,20251204,5492,2,2746
SO79200,GAM_CTR-1005,23232,1,20251115,20251118,20251204,2112,1,2112
SO79201,GAM_CTR-1007,22417,3,20251120,20251128,20251209,7832,2,3916
SO79202,COM_DSK-1001,20132,6,20251114,20251123,20251129,16307,1,16307
SO79203,GAM_CTR-1008,25066,2,20251117,20251121,20251207,2895,1,2895
SO79204,MOB_SWA-1010,24849,7,20251121,20251124,20251208,9640,1,9640
SO79204,ACC_PWB-1008,24849,7,20251121,20251124,20251208,6228,2,3114
SO79204,MOB_SWA-1018,24849,7,20251121,20251124,20251208,10834,1,10834
SO79204,GAM_ACC-1001,24849,7,20251121,20251124,20251208,1616,1,1616
SO79205,COM_LAP-1012,24581,5,20251121,20251130,20251203,72565,1,72565
SO79206,ACC_CAB-1018,23191,7,20251107,20251109,20251117,3885,3,1295
SO79206,GAM_CTR-1007,23191,7,20251107,20251109,20251117,3672,1,3672
SO79207,COM_MTB-1007,23737,6,20251106,20251116,20251121,6412,2,3206
SO79207,ACC_PWB-1008,23737,6,20251106,20251116,20251121,9384,3,3128
SO79208,ACC_PWB-1004,21043,2,20251109,20251118,20251127,5072,2,2536
SO79209,COM_MTB-1006,27360,4,20251121,20251130,20251211,2930,1,2930
SO79209,COM_DSK-1006,27360,4,20251121,20251130,20251211,157329,3,52443
SO79209,GAM_CTR-1007,27360,4,20251121,20251130,20251211,3670,1,3670
SO79210,COM_DSK-1010,21897,7,20251120,20251124,20251206,1336,1,1336
SO79211,COM_DSK-1008,22763,1,20251108,20251117,20251118,70920,1,70920
SO79212,COM_LAP-1004,24091,1,20251118,20251127,20251208,138214,2,69107
SO79213,GAM_CTR-1017,26376,7,20251117,20251121,20251203,3026,2,1513
SO79213,ACC_PWB-1006,26376,7,20251117,20251121,20251203,3552,2,1776
SO79214,COM_STR-1012,23726,4,20251129,20251208,20251215,26685,3,8895
SO79214,GAM_CTR-1013,23726,4,20251129,20251208,20251215,1131,1,1131
SO79215,GAM_CON-1013,22015,7,20251103,20251106,20251113,86598,3,28866
SO79216,ACC_CAS-1013,23371,1,20251116,20251119,20251205,798,2,399
SO79217,ACC_CAS-1007,24192,1,20251119,20251123,20251202,604,2,302
SO79217,ACC_CHG-1004,24192,1,20251119,20251123,20251202,1566,2,0
SO79217,ACC_CAS-1004,24192,1,20251119,20251123,20251202,1243,1,1243
SO79218,ACC_CAB-1006,21102,2,20251126,20251203,20251213,304,1,304
SO79219,GAM_CTR-1002,20457,1,20251104,20251108,20251115,3774,2,-1887
SO79220,ACC_CAB-1020,26240,2,20251102,20251108,20251115,1491,3,497
SO79221,MOB_SWA-1001,24791,7,20251104,20251106,20251115,39033,3,13011
SO79221,ACC_CHG-1011,24791,7,20251104,20251106,20251115,3501,3,1167
SO79222,GAM_CTR-1014,22362,3,20251115,20251118,20251205,1220,1,1220
SO79222,DIS_TVS-1006,22362,3,20251115,20251118,20251205,178002,3,59334
SO79223,ACC_CAS-1013,24568,5,20251116,20251126,20251206,376,1,376
SO79223,COM_MTB-1001,24568,5,20251116,20251126,20251206,16910,2,8455
SO79224,ACC_CAB-1011,21352,1,20251115,20251118,20251205,718,2,359
SO79225,COM_DSK-1011,23659,7,20251112,20251121,20251127,18789,1,18789
SO79226,COM_STR-1015,22113,5,20251118,20251124,20251205,4122,3,1374
SO79226,COM_RAM-1009,22113,5,20251118,20251124,20251205,6656,2,3328
SO79227,GAM_CON-1005,24193,1,20251113,20251119,20251125,29618,1,29618
SO79227,GAM_ACC-1011,24193,1,20251113,20251119,20251125,5079,3,1693
SO79228,ACC_CAB-1012,24372,2,20251121,20251130,20251205,758,2,379
SO79228,COM_STR-1013,24372,2,20251121,20251130,20251205,3019,1,3019
SO79229, COM_LAP-1009,22707,5,20251120,20251130,20251202,27609,1,27609
SO79229,ACC_CAS-1012,22707,5,20251120,20251130,20251202,2452,2,1226
SO79230,MOB_SWA-1019,26536,3,20251112,20251120,20251128,11605,1,11605
SO79230,ACC_CAS-1014,26536,3,20251112,20251120,20251128,1210,2,605
SO79230,MOB_SMP-1003,26536,3,20251112,20251120,20251128,66114,3,22038
SO79231,ACC_PWB-1006,26205,5,20251110,20251114,20251120,1941,1,1941
SO79232,DIS_MON-1008,23417,2,20251118,20251125,20251206,45313,2,22732
SO79233,GAM_ACC-1001,27472,7,20251125,20251205,20251214,4836,3,1612
SO79234,COM_DSK-1015,23134,2,20251113,20251120,20251125,35563,1,35563
SO79235,COM_DSK-1012,27450,5,20251110,20251119,20251125,58196,1,58196
SO79236,ACC_CHG-1015,26176,1,20251125,20251130,20251209,964,1,964
SO79237,COM_STR-1006,25339,3,20251117,20251126,20251129,10120,2,5060
SO79237,ACC_CHG-1009,25339,3,20251117,20251126,20251129,747,1,747
SO79237,MOB_TAB-1007,25339,3,20251117,20251126,20251129,15778,2,7889
SO79238,DIS_MON-1011,22363,3,20251127,20251129,20251214,46626,3,15542
SO79239,COM_RAM-1010,27708,4,20251106,20251116,20251121,2546,2,1273
SO79239, MOB_SMP-1008,27708,4,20251106,20251116,20251121,17230,1,17230
SO79240,GAM_CTR-1004,24584,6,20251117,20251123,20251202,9120,2,4560
SO79240,COM_STR-1003,24584,6,20251117,20251123,20251202,15096,2,7548
SO79241,GAM_CTR-1009,21549,5,20251121,20251130,20251203,4912,2,2456
SO79242,DIS_MON-1001,26425,7,20251111,20251119,20251126,12435,1,12435
SO79243,GAM_ACC-1011,26192,2,20251107,20251116,20251125,3090,2,0
SO79244,GAM_CTR-1018,20178,6,20251127,20251202,20251207,13131,3,4377
SO79245,ACC_CHG-1012,22782,1,20251112,20251114,20251127,691,1,691
SO79246,ACC_CAS-1006,26804,5,20251118,20251120,20251206,193,1,193
SO79246,COM_LAP-1010,26804,5,20251118,20251120,20251206,68146,1,68146
SO79247,COM_DSK-1008,20556,1,20251126,20251203,20251211,131868,2,65934
SO79248,ACC_CAB-1010,21489,3,20251116,20251125,20251129,1416,3,472
SO79248,ACC_CAS-1013,21489,3,20251116,20251125,20251129,411,1,411
SO79248,ACC_CAB-1012,21489,3,20251116,20251125,20251129,335,1,335
SO79249,MOB_TAB-1004,20071,3,20251106,20251115,20251117,33879,3,11293
SO79250,ACC_CAB-1008,20133,6,20251108,20251110,20251125,300,1,300
SO79251,COM_DSK-1003,24703,5,20251110,20251112,20251126,67343,1,-67343
SO79252,COM_RAM-1015,21590,4,20251124,20251128,20251208,5900,2,2950
SO79253,DIS_MON-1014,21219,6,20251118,20251124,20251204,6560,1,6560
SO79253,ACC_PWB-1012,21219,6,20251118,20251124,20251204,2090,1,2090
SO79254,COM_GPU-1001,27098,5,20251111,20251119,20251127,115722,3,38574
SO79255,ACC_CAB-1012,20141,3,20251111,20251120,20251126,990,3,330
SO79256,ACC_CAB-1012,23962,4,20251114,20251122,20251126,690,2,345
SO79257,COM_LAP-1004,27430,3,20251110,20251117,20251120,129998,2,64999
SO79258,DIS_TVS-1004,24682,3,20251122,20251130,20251208,119558,2,59779
SO79258,ACC_PWB-1002,24682,3,20251122,20251130,20251208,591,1,0
SO79259,COM_STR-1005,20032,7,20251115,20251119,20251202,15645,3,5215
SO79260,GAM_CTR-1006,24891,5,20251111,20251118,20251125,13557,3,4519
SO79260,COM_DSK-1002,24891,5,20251111,20251118,20251125,44432,1,44432
SO79261,COM_DSK-1018,23859,4,20251116,20251124,20251126,104409,3,34803
SO79262,ACC_CAB-1001,21564,5,20251121,20251128,20251202,243,1,243
SO79262,ACC_CHG-1010,21564,5,20251121,20251128,20251202,792,1,792
SO79262,MOB_SWA-1018,21564,5,20251121,20251128,20251202,32673,3,10891
SO79263,COM_MTB-1003,26333,2,20251124,20251204,20251207,14708,2,7354
SO79263,GAM_CON-1009,26333,2,20251124,20251204,20251207,41694,2,20847
SO79263,COM_LAP-1002,26333,2,20251124,20251204,20251207,91450,1,91450
SO79264,COM_GPU-1010,23206,7,20251121,20251124,20251208,74813,1,74496
SO79265,DIS_TVS-1010,,6,20251102,20251111,20251115,80198,2,40099
SO79266,COM_RAM-1009,21609,7,20251126,20251203,20251213,3556,1,3556
SO79267,ACC_CHG-1006,26777,4,20251114,20251120,20251128,961,1,961
SO79268,ACC_CAB-1005,25246,7,20251101,20251104,20251120,448,2,224
SO79269,COM_GPU-1005,25487,4,20251122,20251124,20251203,27344,1,27344
SO79269,ACC_CHG-1012,25487,4,20251122,20251124,20251203,1346,2,673
SO79269,COM_DSK-1014,25487,4,20251122,20251124,20251203,141974,2,70987
SO79270,MOB_SWA-1010,22613,2,20251116,20251123,20251127,21544,2,10772
SO79270,GAM_CON-1017,22613,2,20251116,20251123,20251127,16941,1,16941
SO79271,ACC_CHG-1003,20277,5,20251129,20251203,20251210,678,2,339
SO79271,GAM_CON-1008,20277,5,20251129,20251203,20251210,17918,1,17918
SO79272,ACC_PWB-1010,25990,2,20251126,20251130,20251208,2898,1,2898
SO79273,DIS_TVS-1002,26073,1,0,20251120,20251130,19846,1,19846
SO79273,COM_LAP-1007,26073,1,20251110,20251120,20251130,223932,2,111966
SO79273,GAM_CON-1020,26073,1,20251110,20251120,20251130,60116,2,30058
SO79274,MOB_SMP-1011,22153,2,20251116,20251121,20251201,51096,2,25548
SO79274,COM_STR-1005,22153,2,20251116,20251121,20251201,5329,1,5329
SO79274,MOB_SMP-1007,22153,2,20251116,20251121,20251201,10602,1,10860
SO79275,COM_MTB-1008,20566,1,20251112,20251114,20251129,35094,3,11698
SO79276,ACC_CAS-1002,23355,2,20251105,20251109,20251121,1090,2,545
SO79277,COM_DSK-1010,26442,5,20251117,20251127,20251204,1241,1,1241
SO79278,MOB_SWA-1001,21750,2,20251118,20251127,20251204,26876,2,13438
SO79279,ACC_CAB-1009,24164,7,20251110,20251114,20251125,216,1,216
SO79280,MOB_SMP-1010,26802,1,20251101,20251110,20251112,12528,3,4176
SO79281,COM_STR-1003,26486,1,20251124,20251127,20251211,7514,1,7514
SO79282,COM_LAP-1007,22962,3,20251113,20251119,20251125,113529,1,113529
SO79283,GAM_CON-1009,24627,7,20251116,20251122,20251204,58296,3,19432
SO79284,COM_RAM-1003,26536,1,20251128,20251130,20251213,935,1,1395
SO79285,COM_STR-1012,26389,5,20251108,20251113,20251127,19915,2,9730
SO79286,ACC_CAB-1004,24193,4,20251115,20251117,20251201,300,2,150
SO79287,COM_MTB-1001,20559,5,20251126,20251129,20251207,16468,2,8234
SO79287,COM_STR-1010,20559,5,20251126,20251129,20251207,9260,1,9260
SO79288,ACC_CAS-1012,20572,3,20251114,20251119,20251127,,1,1197
SO79289,GAM_CTR-1014,24937,7,20251127,20251201,20251216,3753,3,1251
SO79290,ACC_CAS-1013,24531,5,20251116,20251124,20251204,397,1,397
SO79291,MOB_TAB-1009,22747,4,20251106,20251108,20251117,27603,1,27603
SO79292,COM_MTB-1001,27500,6,20251109,20251114,20251129,7830,1,7830
SO79292,MOB_TAB-1002,27500,6,20251109,20251114,20251129,21207,1,21207
SO79293,COM_STR-1014,20281,1,20251112,20251121,20251201,8833,1,8833
SO79293,GAM_CON-1013,20281,1,20251112,20251121,20251201,25946,1,25946
SO79294,GAM_ACC-1006,24266,6,20251115,20251120,20251205,3301,1,3301
SO79294,MOB_TAB-1001,24266,6,20251115,20251120,20251205,12363,1,12363
SO79294,GAM_CTR-1011,24266,6,20251115,20251120,20251205,1634,1,1634
SO79295,ACC_CAB-1012,22933,2,20251121,20251130,20251211,668,2,334
SO79295,GAM_CTR-1016,22933,2,20251121,20251130,20251211,5892,2,2946
SO79296,ACC_CHG-1007,24395,2,20251101,20251110,20251120,3564,3,1188
SO79297,COM_GPU-1003,27600,5,20251121,20251201,20251201,3915,3,1305
SO79298,COM_RAM-1007,23482,3,20251125,20251201,20251214,9054,3,3018
SO79299,GAM_CTR-1002,21821,3,20251118,20251122,20251206,5463,3,1821
SO79299,GAM_CTR-1005,21821,3,20251118,20251122,20251206,6293,3,2154
SO79300,COM_GPU-1001,26001,5,20251124,20251130,20251204,41371,1,41371
SO79300,COM_DSK-1019,26001,5,20251124,20251130,20251204,178956,2,89478
SO79300,DIS_TVS-1009,26001,5,20251124,20251130,20251204,15973,1,15973
SO79301,GAM_CON-1017,25902,6,20251112,20251122,20251126,14694,1,14694
SO79302,GAM_ACC-1020,20127,3,20251129,20251206,20251218,2568,1,2568
SO79303,GAM_CTR-1010,23274,4,20251117,20251120,20251204,1716,1,1716
SO79304,ACC_CAS-1008,24706,6,20251105,20251110,20251120,1062,3,354
SO79304,ACC_CAS-1004,24706,6,20251105,20251110,20251120,2536,2,1268
SO79304,COM_STR-1007,24706,6,20251105,20251110,20251120,16302,2,8151
SO79304,MOB_SWA-1015,24706,6,20251105,20251110,20251120,27316,2,13658
SO79304,ACC_CAB-1016,24706,6,20251105,20251110,20251120,134,1,134
SO79305,ACC_CAB-1013,23536,4,20251117,20251125,20251127,384,1,384
SO79306,COM_GPU-1008,23516,4,20251120,20251125,20251203,41593,1,41593
SO79307,ACC_PWB-1015,24811,1,20251127,20251203,20251216,2600,1,2600
SO79308,COM_RAM-1013,23560,7,20251109,20251118,20251122,1804,1,1804
SO79308,DIS_MON-1005,23560,7,0,20251118,20251122,18832,1,18832
SO79308,GAM_CON-1008,23560,7,20251109,20251118,20251122,38086,2,19043
SO79309,COM_STR-1015,27463,4,20251116,20251118,20251202,1567,1,1567
SO79310,COM_GPU-1012,22910,5,20251115,20251123,20251205,31844,1,-31844
SO79310,GAM_ACC-1008,22910,5,20251115,20251123,20251205,6432,2,3216
SO79311,GAM_CTR-1016,24358,4,20251128,20251202,20251213,2998,1,2998
SO79311,MOB_SMP-1008,24358,4,20251128,20251202,20251213,32172,2,16086
SO79311,ACC_CAB-1008,24358,4,20251128,20251202,20251213,292,1,292
SO79311,COM_STR-1003,24358,4,20251128,20251202,20251213,8344,1,8344
SO79312,MOB_SMP-1011,21997,2,0,20251110,20251119,75462,3,25154
SO79312,COM_LAP-1005,21997,2,20251103,20251110,20251119,294795,3,98265
SO79312,ACC_CAB-1008,21997,2,20251103,20251110,20251119,861,3,287
SO79313,COM_DSK-1017,27291,7,20251128,20251203,20251214,133942,2,66971
SO79313,GAM_CON-1012,27291,7,20251128,20251203,20251214,53130,2,26565
SO79313,ACC_CHG-1016,27291,7,20251128,20251203,20251214,807,1,807
SO79313,COM_RAM-1016,27291,7,20251128,20251203,20251214,928,1,928
SO79314,COM_GPU-1006,25937,1,20251103,20251107,20251123,148612,2,74306
SO79314,COM_STR-1007,25937,1,20251103,20251107,20251123,15528,2,7764
SO79315,ACC_CAS-1006,20814,3,20251108,20251112,20251127,211,1,211
SO79316,GAM_CTR-1008,25995,2,20251114,20251124,20251201,2717,1,2717
SO79317,MOB_TAB-1010,21083,7,20251105,20251110,20251120,15786,1,15786
SO79318,MOB_SWA-1019,22120,1,20251106,20251113,20251120,32846,3,10814
SO79319,MOB_SMP-1008,20915,5,20251111,20251121,20251126,17113,1,17113
SO79320,ACC_CAB-1010,22836,4,20251118,20251123,20251205,864,2,432
SO79321,GAM_ACC-1017,25183,5,20251113,20251120,20251128,7762,2,3881
SO79321, COM_LAP-1010,25183,5,20251113,20251120,20251128,123888,2,61944
SO79321,MOB_SWA-1018,25183,5,20251113,20251120,20251128,21928,2,10964
SO79321,DIS_TVS-1009,25183,5,20251113,20251120,20251128,16384,1,16384
SO79321,COM_GPU-1011,25183,5,20251113,20251120,20251128,78948,2,39474
SO79322,COM_LAP-1002,24708,3,20251107,20251116,20251119,94020,1,94020
SO79323,MOB_SWA-1006,23677,5,20251111,20251114,20251122,13596,1,-13596
SO79324,GAM_CON-1012,23551,2,20251109,20251115,20251123,80304,3,26768
SO79325,DIS_MON-1008,,1,20251122,20251128,20251204,21587,1,21587
SO79326,ACC_CHG-1007,21427,3,20251113,20251122,20251125,3513,3,1171
SO79326,GAM_ACC-1003,21427,3,20251113,20251122,20251125,5910,2,2955
SO79327,GAM_ACC-1016,20419,1,20251119,20251129,20251205,1884,1,1884
SO79328,COM_RAM-1001,24193,7,20251102,20251105,20251121,11355,3,3785
SO79329,ACC_CHG-1012,23181,6,20251122,20251130,20251208,772,1,0
SO79330,ACC_PWB-1001,20978,4,20251128,20251202,20251212,3106,2,0
SO79330,GAM_CON-1019,20978,4,20251128,20251202,20251212,2498,2,1249
SO79330,GAM_ACC-1003,20978,4,20251128,20251202,20251212,2935,1,2935
SO79331,GAM_ACC-1001,22450,4,20251129,20251204,20251211,1686,1,0
SO79331,COM_LAP-1008,22450,4,20251129,20251204,20251211,37214,1,37214
SO79332,GAM_ACC-1002,23580,1,20251108,20251115,20251127,1185,1,1185
SO79333,DIS_MON-1002,23610,4,20251122,20251201,20251205,29598,2,14799
SO79334,DIS_TVS-1006,22679,2,20251112,0,20251124,65788,1,65788
SO79334,COM_MTB-1001,22679,2,20251112,20251116,20251124,7961,1,7961
SO79334, ACC_CAS-1003,22679,2,20251112,20251116,20251124,1312,2,656
SO79335,COM_DSK-1015,26816,5,20251107,20251109,20251127,40832,1,40832
SO79336,GAM_CON-1007,22211,6,20251111,20251118,20251124,21537,1,21537
SO79336,ACC_CAB-1015,22211,6,20251111,20251118,20251124,854,2,427
SO79336,DIS_MON-1014,22211,6,20251111,20251118,20251124,6132,1,6132
SO79336,GAM_CTR-1009,22211,6,20251111,20251118,20251124,5308,2,2654
SO79337,GAM_CON-1012,26906,6,20251101,20251111,20251118,29992,1,29992
SO79337,COM_DSK-1014,26906,6,0,20251111,20251118,64511,1,64511
SO79338,GAM_CTR-1018,24648,6,20251130,20251205,20251214,9888,2,4944
SO79339,COM_GPU-1011,23046,5,20251104,20251113,20251118,38643,1,-38643
SO79340,COM_GPU-1009,22348,4,20251128,20251205,20251213,15261,1,15261
SO79341,MOB_SWA-1014,27615,7,20251122,20251127,20251203,6894,1,6894
SO79342,COM_STR-1006,26144,4,20251114,20251122,20251124,5063,1,5063
SO79342,COM_RAM-1004,26144,4,20251114,20251122,20251124,8746,2,4373
SO79342,DIS_MON-1008,26144,4,20251114,20251122,20251124,47264,2,23632
SO79343,COM_LAP-1012,21388,3,20251106,20251113,20251123,78853,1,78853
SO79343,GAM_CON-1007,21388,3,20251106,20251113,20251123,65430,3,21810
SO79344,MOB_TAB-1010,23740,3,20251122,20251202,20251205,43269,3,14423
SO79344,GAM_ACC-1010,23740,3,20251122,20251202,20251205,5400,3,1800
SO79345,ACC_CHG-1014,24873,3,20251106,20251109,20251117,405,1,405
SO79346,MOB_SWA-1010,23757,1,20251111,20251114,20251201,19262,2,9631
SO79347,GAM_ACC-1004,25925,5,20251118,20251122,20251205,628,1,628
SO79347,COM_RAM-1006,25925,5,20251118,20251122,20251205,1936,1,1936
SO79347,COM_STR-1013,25925,5,20251118,20251122,20251205,10359,3,3453
SO79348,GAM_ACC-1012,20758,4,20251117,20251127,20251205,2395,1,2395
SO79349,ACC_CAS-1005,23468,6,20251107,20251114,20251124,412,1,412
SO79350,MOB_TAB-1011,21434,4,20251121,20251129,20251208,23202,1,23202
SO79350,ACC_CAS-1003,21434,4,20251121,20251129,20251208,602,1,602
SO79350,ACC_CAS-1002,21434,4,20251121,20251129,20251208,1040,2,520
SO79351,COM_DSK-1019,22628,6,20251118,20251122,20251129,168188,2,84094
SO79352,GAM_CON-1017,23960,2,20251120,20251123,20251203,15914,1,15914
SO79352,MOB_TAB-1011,23960,2,20251120,20251123,20251203,45034,2,22517
SO79353,COM_LAP-1010,23659,5,20251101,20251104,20251114,67338,1,67338
SO79354,COM_DSK-1005,22847,6,20251129,20251202,20251216,40397,1,40397
SO79355,GAM_ACC-1002,26054,4,20251127,20251202,20251207,2424,2,1212
SO79355,COM_RAM-1011,26054,4,20251127,20251202,20251207,6246,3,2082
SO79356,COM_GPU-1005,22632,5,20251127,20251204,20251214,26995,1,26995
SO79357,COM_RAM-1016,26927,5,20251121,20251129,20251202,2619,3,873
SO79358,COM_GPU-1006,25065,3,20251101,20251106,20251115,129076,2,64538
SO79358,COM_STR-1008,25065,3,20251101,20251106,20251115,4092,1,4092
SO79358,MOB_TAB-1004,25065,3,20251101,20251106,20251115,23778,2,11889
SO79359,MOB_SWA-1004,20429,2,20251116,20251126,20251128,13552,1,13552
SO79360,MOB_TAB-1008,20230,7,20251108,20251118,20251122,20670,1,20670
SO79360,DIS_MON-1010,20230,7,20251108,20251118,20251122,14133,1,14133
SO79361,GAM_CON-1001,25357,6,20251120,20251128,20251204,58974,2,29487
SO79362, GAM_CON-1016,23891,1,20251121,20251128,20251208,32679,3,10893
SO79363,GAM_ACC-1010,25302,6,20251119,20251127,20251208,3600,2,1800
SO79364,GAM_ACC-1007,20652,3,20251111,20251114,20251125,3404,1,3404
SO79365,COM_RAM-1013,22491,5,20251114,20251122,20251128,1773,1,1773
SO79366,DIS_MON-1013,21963,2,20251128,20251208,20251210,9029,1,9029
SO79366,MOB_TAB-1005,21963,2,20251128,20251208,20251210,34235,2,16873
SO79367,ACC_PWB-1002,20086,1,20251109,20251113,20251125,584,1,584
SO79367,COM_STR-1004,20086,1,20251109,20251113,20251125,7582,2,3791
SO79368,COM_DSK-1003,20147,2,20251110,20251115,20251120,145686,2,72843
SO79369,ACC_PWB-1002,20593,4,20251127,20251203,20251208,,2,607
SO79370,GAM_CON-1008,26899,3,20251111,20251119,20251121,17626,1,17626
SO79370,GAM_CTR-1016,26899,3,20251111,20251119,20251121,6346,2,3173
SO79370,ACC_CHG-1001,26899,3,20251111,20251119,20251121,1298,2,649
SO79371,ACC_CAS-1005,27368,3,20251130,20251207,20251216,444,1,444
SO79372,MOB_SMP-1007,24074,4,20251113,20251123,20251128,11223,1,11223
SO79373,MOB_TAB-1002,23935,3,20251117,20251121,20251130,21530,1,21530
SO79374,ACC_CHG-1014,21349,4,20251107,20251114,20251117,395,1,395
SO79374,GAM_ACC-1001,21349,4,20251107,20251114,20251117,1836,1,1836
SO79374, ACC_CAS-1003,21349,4,20251107,20251114,20251117,660,1,660
SO79375,GAM_ACC-1016,23680,4,20251111,20251114,20251128,1740,1,1740
SO79376,MOB_SMP-1006,25180,6,20251115,20251118,20251128,2490,2,1245
SO79377,ACC_PWB-1004,23256,4,20251105,20251115,20251119,5188,2,2594
SO79377,COM_LAP-1001,23256,4,20251105,20251115,20251119,173979,3,57993
SO79378,COM_LAP-1002,26828,2,20251110,20251118,20251120,198368,2,99184
SO79379,ACC_CAB-1012,25535,4,20251121,20251125,20251201,692,2,346
SO79380,GAM_ACC-1020,26547,5,20251114,20251122,20251127,7038,3,2346
SO79380,ACC_CHG-1002,26547,5,20251114,20251122,20251127,1054,2,527
SO79381,COM_STR-1001,21448,2,20251125,20251130,20251213,24294,3,8098
SO79381,COM_RAM-1005,21448,2,20251125,20251130,20251213,3988,1,3988
SO79382,DIS_TVS-1010,27438,5,20251115,20251122,20251205,74518,2,37259
SO79383,GAM_ACC-1018,27568,4,20251112,20251116,20251122,1512,1,1512
SO79384,DIS_TVS-1004,23685,6,20251123,20251129,20251204,110286,2,55143
SO79385,ACC_CAS-1009,20004,5,20251101,20251103,20251117,674,1,674
SO79385,ACC_CAS-1004,20004,5,20251101,20251103,20251117,1418,1,1286
SO79385,GAM_CTR-1010,20004,5,20251101,20251103,20251117,1646,1,1646
SO79386,GAM_CTR-1009,21596,3,20251103,20251108,20251118,2421,1,2421
SO79387,DIS_MON-1007,20224,3,20251107,20251113,20251121,20718,2,10359
SO79388,ACC_CAS-1005,25814,7,20251113,20251119,20251126,431,1,431
SO79389,COM_GPU-1011,24405,4,20251101,20251108,20251112,74148,2,37074
SO79390,COM_DSK-1015,24793,4,20251121,20251123,20251205,71464,2,35732
SO79391,MOB_SWA-1019,21312,3,20251109,20251112,20251124,20596,2,10298
SO79392,COM_RAM-1013,26854,5,20251123,20251128,20251204,1557,1,1557
SO79393,DIS_MON-1004,26933,2,0,20251208,20251210,11852,2,5926
SO79393,COM_LAP-1002,26933,2,20251129,20251208,20251210,192588,2,96294
SO79394,COM_STR-1006,26357,3,20251111,20251119,20251201,5106,1,5106
SO79395,MOB_SMP-1005,25730,6,20251107,20251117,20251127,105184,2,52592
SO79396,MOB_SMP-1006,24248,7,20251121,20251123,20251211,1347,1,1347
SO79396, COM_STR-1013,24248,7,20251121,20251123,20251211,6450,2,3225
SO79397,ACC_CAB-1001,22016,2,20251123,20251130,20251207,480,2,240
SO79398,DIS_TVS-1013,25618,4,20251130,20251205,20251217,116928,3,38976
SO79399,ACC_CAS-1007,26367,4,20251122,20251130,20251204,,2,280
SO79399,ACC_PWB-1009,26367,4,20251122,20251130,20251204,1490,2,745
SO79399,MOB_SWA-1008,26367,4,20251122,20251130,20251204,14803,1,14803
SO79399,MOB_TAB-1006,26367,4,20251122,20251130,20251204,8863,1,8863
SO79400,COM_STR-1016,22549,3,20251127,20251205,20251217,11360,2,5680
SO79400,GAM_ACC-1008,22549,3,20251127,20251205,20251217,6156,2,3078
SO79400,DIS_MON-1002,22549,3,20251127,20251205,20251217,29042,2,-14521
SO79401,GAM_CTR-1002,27511,4,20251102,20251107,20251116,5220,3,1740
SO79402,ACC_PWB-1008,27254,5,20251103,20251107,20251117,5810,2,2905
SO79403,COM_GPU-1004,25448,5,20251129,20251202,20251218,92379,3,30793
SO79404,GAM_ACC-1004,27569,1,20251115,20251122,20251126,680,1,0
SO79405,MOB_SMP-1010,21938,2,20251113,20251116,20251130,13185,3,4395
SO79406,GAM_ACC-1006,22362,7,20251109,20251117,20251120,5838,2,2919
SO79407,MOB_SWA-1019,21531,6,20251129,20251202,20251211,21658,2,10829
SO79408,ACC_PWB-1008,23139,5,20251130,20251203,20251215,2963,1,2963
SO79408,ACC_PWB-1006,23139,5,20251130,20251203,20251215,1763,1,1763
SO79409,ACC_PWB-1012,20494,1,20251125,20251130,20251215,2296,1,0
SO79410,GAM_ACC-1006,26191,4,20251125,20251201,20251210,6698,2,3349
SO79411,ACC_PWB-1013,24312,5,20251128,20251207,20251217,562,1,562
SO79412,COM_GPU-1001,26647,1,20251114,20251123,20251130,37618,1,37618
SO79413,ACC_PWB-1010,21819,5,20251126,20251205,20251216,5762,2,2881
SO79414,GAM_CTR-1008,20151,2,20251105,20251111,20251116,2696,1,2696
SO79414,COM_LAP-1002,20151,2,20251105,0,20251116,187872,2,93936
SO79415,DIS_TVS-1006,22374,4,20251113,20251123,20251202,62075,1,62075
SO79416,COM_STR-1008,21825,6,20251115,20251122,20251201,4405,1,4405
SO79416,MOB_SWA-1011,21825,6,20251115,20251122,20251201,7747,2,4031
SO79416,COM_LAP-1005,21825,6,20251115,20251122,20251201,97450,1,97450
SO79417,ACC_CAB-1019,25392,1,20251116,20251121,20251202,474,3,158
SO79418,COM_STR-1017,20878,3,20251106,20251110,20251118,17152,2,8576
SO79418,COM_RAM-1004,20878,3,20251106,20251110,20251118,12060,3,-4020
SO79418,MOB_TAB-1010,20878,3,20251106,20251110,20251118,15168,1,15168
SO79418,GAM_CTR-1011,20878,3,20251106,20251110,20251118,4689,3,1563
SO79418,GAM_CTR-1009,20878,3,20251106,20251110,20251118,2582,1,2582
SO79419,MOB_SWA-1009,23168,5,20251122,20251124,20251202,14804,2,7402
SO79420,MOB_TAB-1004,20370,7,20251101,20251103,20251118,11811,1,11811
SO79421,MOB_SMP-1003,25917,5,20251121,20251201,20251208,21365,1,21365
SO79421,MOB_SWA-1019,25917,5,20251121,20251201,20251208,23796,2,11898
SO79422,DIS_MON-1011,23655,6,20251129,20251206,20251211,14515,1,14272
SO79423,GAM_ACC-1009,25435,6,20251128,20251205,20251212,2408,1,2408
SO79423,COM_RAM-1007,25435,6,0,20251205,20251212,6554,2,3249
SO79424,GAM_CTR-1002,24851,3,20251108,20251116,20251119,1624,1,1624
SO79424,MOB_TAB-1008,24851,3,20251108,20251116,20251119,65358,3,21786
SO79424,MOB_SMP-1011,24851,3,20251108,20251116,20251119,45860,2,22930
SO79424,COM_LAP-1004,24851,3,20251108,20251116,20251119,60448,1,60448
SO79424,ACC_PWB-1012,24851,3,20251108,20251116,20251119,4346,2,2173
SO79425,ACC_CAS-1013,27075,2,20251119,20251127,20251208,61,1,371
SO79425,DIS_MON-1011,27075,2,20251119,20251127,20251208,28304,2,14152
SO79425,ACC_CAB-1015,27075,2,20251119,20251127,20251208,916,2,458
SO79425,ACC_CHG-1007,27075,2,20251119,20251127,20251208,1107,1,1107
SO79426,COM_RAM-1007,22350,6,20251107,20251109,20251123,6016,2,3008
SO79426,COM_LAP-1006,22350,6,20251107,20251109,20251123,148424,2,74212
SO79426,MOB_SWA-1002,22350,6,20251107,20251109,20251123,11656,1,11656
SO79427,GAM_CTR-1013,24093,6,20251113,20251119,20251125,2376,2,1188
SO79428,ACC_CAB-1006,22569,4,20251112,20251115,20251126,546,2,273
SO79428,GAM_CTR-1014,22569,4,20251112,20251115,20251126,2314,2,1157
SO79428,MOB_SMP-1009,22569,4,20251112,20251115,20251126,45709,1,45709
SO79429,COM_RAM-1014,26633,7,20251124,20251203,20251208,6256,2,3128
SO79429,ACC_PWB-1014,26633,7,20251124,20251203,20251208,1130,1,1130
SO79430,ACC_CHG-1010,25520,3,20251119,0,20251208,845,1,845
SO79430,MOB_TAB-1004,25520,3,20251119,20251121,20251208,35283,3,11761
SO79431,COM_MTB-1007,22104,1,20251120,20251124,20251203,7014,2,3507
SO79431, MOB_TAB-1009,22104,1,20251120,20251124,20251203,31597,1,31597
SO79431,COM_RAM-1007,22104,1,20251120,20251124,20251203,8907,3,2969
SO79432,DIS_MON-1005,26231,3,20251128,20251201,20251216,20574,1,20574
SO79433,COM_STR-1011,26079,5,20251129,20251202,20251219,18440,2,9220
SO79433,ACC_CAB-1005,26079,5,20251129,20251202,20251219,705,3,235
SO79434,ACC_CAB-1017,25976,1,20251114,20251116,20251202,224,2,112
SO79434,COM_LAP-1008,25976,1,20251114,20251116,20251202,76194,2,38097
SO79435,COM_DSK-1007,21072,4,20251108,20251112,20251124,49936,1,49936
SO79435,MOB_TAB-1012,21072,4,20251108,20251112,20251124,,1,38229
SO79436,COM_DSK-1019,21452,2,20251104,20251110,20251116,88456,1,88456
SO79436,DIS_TVS-1006,21452,2,0,20251110,20251116,60408,1,60408
SO79437,ACC_CHG-1003,26606,7,20251125,20251130,20251215,618,2,309
SO79438,MOB_SWA-1002,25824,4,20251127,20251203,20251211,21004,2,10502
SO79439,MOB_SWA-1011,21199,7,20251116,20251122,20251204,3802,1,3802
SO79439,ACC_CAB-1008,21199,7,20251116,20251122,20251204,888,3,296
SO79439,COM_DSK-1006,21199,7,20251116,20251122,20251204,52068,1,0
SO79440,ACC_CAB-1018,21846,1,20251121,20251128,20251207,1325,1,1325
SO79440,GAM_ACC-1001,21846,1,20251121,20251128,20251207,3654,2,1827
SO79441,MOB_TAB-1007,27458,7,20251113,0,20251203,15962,2,7981
SO79442,GAM_CON-1013,22637,5,20251113,20251119,20251125,,2,26744
SO79442,GAM_CON-1006,22637,5,0,20251119,20251125,53794,2,26897
SO79443,ACC_PWB-1004,26498,3,20251121,20251124,20251207,5092,2,2546
SO79443,COM_RAM-1012,26498,3,20251121,20251124,20251207,9002,2,4501
SO79444,ACC_PWB-1006,20919,3,20251105,20251114,20251119,1745,1,1745
SO79445,ACC_CAS-1011,20636,4,20251121,20251123,20251209,1264,2,632
SO79446,COM_LAP-1011,,7,20251120,20251124,20251203,49866,1,49866
SO79447,ACC_PWB-1011,26777,1,20251101,20251106,20251117,5868,2,2934
SO79447,COM_MTB-1007,26777,1,20251101,20251106,20251117,6892,2,3446
SO79447,COM_GPU-1002,26777,1,20251101,20251106,20251117,53925,1,53925
SO79447,COM_GPU-1012,26777,1,20251101,20251106,20251117,62328,2,31164
SO79448,ACC_CAB-1015,21475,2,20251116,20251125,20251128,414,1,414
SO79449,MOB_TAB-1013,27618,1,20251105,20251113,20251123,47094,3,15698
SO79450,MOB_SWA-1019,27565,1,0,20251120,20251130,23468,2,11734
SO79450,DIS_MON-1002,27565,1,20251115,20251120,20251130,31532,2,15766
SO79451,COM_STR-1003,24286,6,20251111,20251116,20251124,15896,2,7948
SO79451,GAM_CTR-1003,24286,6,20251111,20251116,20251124,3159,1,3159
SO79451,MOB_SWA-1009,24286,6,20251111,20251116,20251124,8357,1,8357
SO79452,DIS_MON-1009,22484,4,20251130,20251208,20251218,13342,1,13342
SO79452,MOB_SWA-1007,22484,4,20251130,20251208,20251218,12754,2,6377
SO79453,COM_STR-1013,26035,4,20251128,20251203,20251208,3098,1,3098
SO79454,MOB_TAB-1011,22156,4,20251111,20251119,20251201,20588,1,0
SO79455,ACC_CAB-1007,27001,7,20251120,20251127,20251205,1161,3,387
SO79455,GAM_CON-1009,27001,7,20251120,20251127,20251205,41230,2,20615
SO79455,MOB_SWA-1008,27001,7,20251120,20251127,20251205,13131,1,13131
SO79456,COM_MTB-1007,27235,2,20251129,20251207,20251209,3226,1,3226
SO79457,GAM_CTR-1017,23170,6,20251127,20251202,20251215,4164,3,1388
SO79457,COM_STR-1005,23170,6,20251127,20251202,20251215,10360,2,5180
SO79458,GAM_CON-1008,22734,4,20251128,20251205,20251218,,2,18987
SO79458,DIS_TVS-1006,22734,4,20251128,20251205,20251218,124720,2,0
SO79458,MOB_TAB-1012,22734,4,20251128,20251205,20251218,71620,2,35810
SO79458,ACC_CHG-1001,22734,4,20251128,20251205,20251218,1947,3,649
SO79458,GAM_CTR-1007,22734,4,20251128,20251205,20251218,7150,2,3575
SO79459,COM_DSK-1018,27090,2,20251115,20251123,20251202,36937,1,36937
SO79460,COM_MTB-1004,24484,6,20251126,20251205,20251211,12869,1,12869
SO79460, MOB_SMP-1003,24484,6,20251126,20251205,20251211,23484,1,23484
SO79461,COM_LAP-1006,26130,7,20251118,20251124,20251208,164604,2,82302
SO79462,GAM_ACC-1020,27163,7,20251115,20251125,20251130,2314,1,2314
SO79462,ACC_CHG-1007,27163,7,20251115,20251125,20251130,1129,1,1129
SO79462,ACC_PWB-1015,27163,7,20251115,20251125,20251130,2655,1,2655
SO79463,DIS_TVS-1003,24833,3,20251104,20251107,20251122,46479,3,15493
SO79464,MOB_SWA-1004,20775,3,20251120,20251129,20251206,14992,1,14992
SO79464,GAM_CON-1019,20775,3,20251120,20251129,20251206,2430,2,1215
SO79465,COM_LAP-1009,21573,7,20251119,20251126,20251204,82758,3,27586
SO79466,COM_DSK-1014,21510,6,20251113,20251122,20251124,70071,1,70071
SO79467,COM_STR-1010,23591,6,20251106,20251108,20251121,8694,1,8694
SO79467,ACC_CAB-1011,23591,6,20251106,20251108,20251121,377,1,377
SO79468,COM_DSK-1016,22271,6,20251116,20251122,20251126,33412,2,16706
SO79468,MOB_TAB-1005,22271,6,20251116,20251122,20251126,31248,2,-15624
SO79468,GAM_CON-1019,22271,6,20251116,20251122,20251126,1297,1,1297
SO79468,ACC_PWB-1005,22271,6,20251116,20251122,20251126,851,1,851
SO79468,ACC_CAB-1019,22271,6,20251116,20251122,20251126,320,2,160
SO79469,COM_STR-1007,22549,4,20251116,20251121,20251205,17228,2,8614
SO79470,COM_STR-1014,26669,5,20251113,20251119,20251201,9862,1,9862
SO79470,GAM_CTR-1016,26669,5,20251113,20251119,20251201,2946,1,2946
SO79470,MOB_SWA-1013,26669,5,20251113,20251119,20251201,13716,1,13716
SO79470,GAM_CTR-1017,26669,5,20251113,20251119,20251201,4437,3,1479
SO79471,COM_STR-1014,21378,6,20251130,20251203,20251219,8552,1,8552
SO79471,GAM_CTR-1011,21378,6,20251130,20251203,20251219,1576,1,1576
SO79471,ACC_CAB-1002,21378,6,20251130,20251203,20251219,1219,1,1219
SO79472,COM_RAM-1005,23990,2,20251128,20251203,20251218,7840,2,3920
SO79473,GAM_CON-1005,25621,1,20251104,20251112,20251117,58118,2,29059
SO79474,ACC_PWB-1008,22086,1,20251123,20251126,20251206,8580,3,2860
SO79474,COM_LAP-1006,22086,1,20251123,20251126,20251206,159982,2,79991
SO79474,ACC_CAB-1009,22086,1,20251123,20251126,20251206,196,1,196
SO79475, ACC_CAB-1016,20689,3,20251101,20251103,20251113,134,1,134
SO79476,MOB_SMP-1002,26911,7,20251112,20251121,20251125,17587,1,17587
SO79477,MOB_SWA-1018,20986,4,20251114,20251116,20251201,11168,1,11168
SO79478,ACC_CAB-1017,20947,4,20251123,20251201,20251204,108,1,108
SO79479,ACC_CAB-1020,26478,2,20251114,20251117,20251201,16,1,457
SO79479,DIS_TVS-1005,26478,2,20251114,20251117,20251201,42824,1,42824
SO79480,ACC_CAB-1018,25438,6,20251125,20251129,20251210,2308,2,1154
SO79481,ACC_CAS-1004,27377,4,20251112,20251114,20251201,2660,2,1330
SO79481,COM_MTB-1002,27377,4,20251112,20251114,20251201,8721,1,8721
SO79482,COM_STR-1015,27732,5,20251110,20251116,20251120,3138,2,1569
SO79483,GAM_CON-1021,26842,2,20251106,20251109,20251125,28358,1,-28358
SO79483,COM_RAM-1010,26842,2,20251106,20251109,20251125,1353,1,1353
SO79484,ACC_CAB-1004,24945,1,20251126,20251206,20251206,151,1,151
SO79485,COM_DSK-1012,27194,5,20251106,20251110,20251126,120312,2,60156
SO79485,GAM_CON-1001,27194,5,20251106,20251110,20251126,30749,1,30749
SO79486,DIS_TVS-1007,21066,5,20251115,20251119,20251129,42014,2,21007
SO79487,GAM_CON-1013,26293,1,20251111,20251119,20251127,29903,1,29903
SO79488,COM_GPU-1002,23755,5,20251123,20251201,20251210,93868,2,46934
SO79489,MOB_TAB-1011,23703,2,20251110,20251112,20251121,20617,1,0
SO79490,COM_LAP-1013,23783,3,20251118,20251124,20251205,45542,1,45542
SO79491,MOB_TAB-1009,25852,3,20251127,20251205,20251215,27835,1,27835
SO79491,MOB_TAB-1009,25852,3,20251127,20251205,20251215,28274,1,28274
SO79492,GAM_CON-1021,24556,5,20251126,20251130,20251211,53540,2,26770
SO79493,GAM_CON-1014,26586,3,20251123,20251125,20251212,10474,1,10474
SO79493,COM_DSK-1006,26586,3,20251123,20251125,20251212,57095,1,57095
SO79493,ACC_CAB-1020,26586,3,20251123,20251125,20251212,1050,2,525
SO79494,MOB_SWA-1018,27145,1,20251102,20251110,20251114,33555,3,11185
SO79495,ACC_CAB-1012,23094,2,20251117,20251122,20251129,355,1,355
SO79495,GAM_CTR-1003,23094,2,20251117,20251122,20251129,6860,2,3430
SO79496,GAM_CTR-1009,20908,7,20251126,20251205,20251211,2616,1,2616
SO79497,COM_RAM-1006,22321,3,20251115,20251123,20251127,1919,1,1919
SO79498,ACC_CHG-1002,21935,1,20251107,20251111,20251125,1104,2,552
SO79499,GAM_CTR-1011,27291,7,20251111,20251121,20251122,4656,3,1552
SO79499,COM_LAP-1004,27291,7,20251111,20251121,20251122,138926,2,69463
SO79500,COM_DSK-1014,23802,1,20251124,20251201,20251205,69072,1,69072
SO79501,COM_STR-1010,21924,1,20251104,20251109,20251123,9245,1,9245
SO79502,COM_LAP-1014,27148,5,20251116,20251124,20251204,1160,1,1160
SO79503,DIS_TVS-1006,23349,4,20251109,20251116,20251120,59480,1,59480
SO79503,COM_LAP-1001,23349,4,20251109,20251116,20251120,55353,1,55353
SO79504,ACC_PWB-1011,20072,7,20251124,20251203,20251210,5980,2,2990
SO79505,GAM_CON-1013,27449,2,20251124,20251203,20251210,59054,2,29527
SO79506,DIS_MON-1007,26138,3,20251105,20251115,20251121,11682,1,11682
SO79506,GAM_CON-1015,26138,3,20251105,20251115,20251121,54328,2,27164
SO79506,GAM_CTR-1004,26138,3,20251105,20251115,20251121,14169,3,4723
SO79507,COM_GPU-1010,24159,7,20251126,20251206,20251216,68253,1,68253
SO79507,COM_MTB-1006,24159,7,20251126,20251206,20251216,2624,1,2624
SO79508,COM_RAM-1011,26245,1,20251122,20251126,20251206,6201,3,2067
SO79508,MOB_SWA-1015,26245,1,20251122,20251126,20251206,12581,1,12581
SO79509,COM_STR-1003,20145,6,20251123,20251203,20251211,16490,2,8245
SO79510,ACC_PWB-1014,20549,6,20251112,20251116,20251202,3660,3,1220
SO79511,DIS_MON-1010,25243,5,20251105,20251109,20251125,14401,1,14401
SO79511,GAM_ACC-1017,25243,5,20251105,20251109,20251125,11625,3,3875
SO79512,COM_STR-1002,26377,2,20251125,20251129,20251209,14560,2,7280
SO79513,GAM_CON-1019,22394,2,20251117,20251120,20251207,1241,1,1241
SO79514,COM_STR-1014,23386,1,20251114,20251119,20251130,17786,2,8893
SO79514,DIS_MON-1005,23386,1,20251114,20251119,20251130,36744,2,18372
SO79515,COM_DSK-1008,21597,3,20251102,20251105,20251121,64576,1,64576
SO79515,MOB_SMP-1004,21597,3,20251102,20251105,20251121,32564,2,16282
SO79516,GAM_CON-1009,24480,5,20251130,20251204,20251217,22276,1,22276
SO79516,MOB_SMP-1002,24480,5,20251130,20251204,20251217,17086,1,17086
SO79517,COM_RAM-1014,20637,4,20251106,20251111,20251119,2754,1,2754
SO79517,DIS_TVS-1012,20637,4,20251106,20251111,20251119,121482,2,0
SO79518,ACC_CAS-1015,20353,1,20251110,20251118,20251125,738,3,246
SO79518,DIS_MON-1001,20353,1,20251110,20251118,20251125,13284,1,13284
SO79518,GAM_ACC-1018,20353,1,20251110,20251118,20251125,1541,1,1541
SO79519,MOB_TAB-1005,24370,3,20251120,0,20251130,32794,2,16397
SO79519,COM_STR-1018,24370,3,20251120,20251124,20251130,6818,1,6818
SO79520,GAM_CTR-1003,22497,2,20251102,20251106,20251120,3310,1,3310
SO79521,MOB_SMP-1009,23922,7,20251111,20251119,20251122,146832,3,48819
SO79521,COM_DSK-1003,23922,7,20251111,20251119,20251122,72386,1,72386
SO79522,COM_STR-1014,21255,5,20251128,20251205,20251215,9949,1,9949
SO79523, GAM_ACC-1013,21343,7,20251130,20251209,20251218,1754,1,1754
SO79524,COM_DSK-1014,27116,1,20251102,20251110,20251117,65518,1,65518
SO79524,COM_LAP-1010,27116,1,20251102,20251110,20251117,69417,1,69417
SO79525,ACC_CAB-1001,23834,4,20251109,20251114,20251122,260,1,260
SO79526,COM_LAP-1009,23623,3,20251128,20251202,20251208,54666,2,27333
SO79527,MOB_SMP-1002,24276,7,20251105,20251114,20251122,19273,1,19273
SO79528,COM_GPU-1005,22849,1,0,20251125,20251205,26888,1,26888
SO79528,COM_RAM-1011,22849,1,20251117,20251125,20251205,4166,2,2083
SO79529,GAM_ACC-1015,21259,2,20251101,20251110,20251115,8550,2,4275
SO79530,GAM_CTR-1009,22987,3,20251115,20251123,20251201,4856,2,2428
SO79530,COM_STR-1007,22987,3,20251115,20251123,20251201,8381,1,8381
SO79531,GAM_ACC-1014,21867,4,20251110,20251119,20251130,724,1,724
SO79531,GAM_CON-1021,21867,4,20251110,20251119,20251130,26135,1,26135
SO79531,GAM_ACC-1005,21867,4,20251110,20251119,20251130,1320,1,0
SO79532,GAM_ACC-1014,24046,1,20251120,20251130,20251202,1394,2,697
SO79533,MOB_SMP-1008,22400,1,20251108,20251118,20251121,16514,1,16514
SO79534,MOB_SWA-1011,23316,1,20251114,20251116,20251124,4133,1,4133
SO79534,COM_DSK-1010,23316,1,20251114,20251116,20251124,2570,2,1285
SO79535,ACC_CAB-1020,23167,2,20251114,20251124,20251203,461,1,461
SO79535,COM_LAP-1007,23167,2,20251114,20251124,20251203,110845,1,110845
SO79536,ACC_CHG-1013,20673,1,20251116,20251120,20251126,747,1,747
SO79537,ACC_CAB-1016,23046,5,20251109,20251114,20251125,270,2,135
SO79538,COM_GPU-1008,26933,1,20251104,20251112,20251119,91752,2,45876
SO79539,MOB_SMP-1011,25566,5,20251122,20251126,20251208,45782,2,22891
SO79540,COM_RAM-1016,20513,1,20251103,20251106,20251118,960,1,960
SO79541,DIS_MON-1004,22153,5,20251122,20251202,20251212,5935,1,5935
SO79541,MOB_SMP-1002,22153,5,20251122,20251202,20251212,19118,1,19118
SO79541,GAM_CTR-1010,22153,5,20251122,20251202,20251212,3148,2,1574
SO79542,GAM_ACC-1016,27565,3,20251116,20251124,20251129,1836,1,1836
SO79542,ACC_CAB-1002,27565,3,20251116,20251124,20251129,3906,3,1302
SO79543,MOB_TAB-1005,20348,7,20251119,20251126,20251130,34526,2,17263
SO79543,ACC_CAS-1001,20348,7,20251119,20251126,20251130,569,2,208
SO79544,ACC_CHG-1004,21285,3,20251114,20251124,20251125,1658,2,829
SO79545,ACC_CAS-1003,20459,4,20251114,20251123,20251125,646,1,646
SO79545,COM_STR-1013,20459,4,20251114,20251123,20251125,9588,3,3196
SO79546,COM_MTB-1007,23676,2,20251123,20251130,20251205,10146,3,0
SO79547,MOB_SWA-1001,20202,3,20251129,20251204,20251210,24530,2,12277
SO79548,GAM_CON-1005,23540,5,20251109,20251112,20251126,31414,1,31414
SO79549,COM_GPU-1003,22922,4,20251105,20251114,20251122,1303,1,1303
SO79550,COM_STR-1003,22902,2,20251104,20251112,20251117,16158,2,8079
SO79550,COM_STR-1012,,2,20251104,20251112,20251117,25899,3,8633
SO79550,COM_STR-1009,22902,2,20251104,20251112,20251117,5317,1,5317
SO79550,ACC_PWB-1010,22902,2,20251104,20251112,20251117,2840,1,2840
SO79551,GAM_CON-1018,24537,3,20251111,20251117,20251129,25619,2,12620
SO79551,COM_GPU-1007,24537,3,20251111,20251117,20251129,2674,2,1337
SO79551,ACC_CAB-1015,24537,3,20251111,20251117,20251129,956,2,478
SO79552,COM_LAP-1001,26191,2,20251116,20251123,20251130,50955,1,50955
SO79552,ACC_PWB-1007,26191,2,20251116,20251123,20251130,2560,1,2560
SO79552,COM_RAM-1002,26191,2,20251116,20251123,20251130,12465,3,4155
SO79553,MOB_SMP-1004,25347,1,20251107,20251109,20251127,17842,1,17842
SO79554,GAM_CTR-1005,21300,3,20251115,20251123,20251128,2323,1,2323
SO79554,ACC_CHG-1009,21300,3,20251115,20251123,20251128,1648,2,824
SO79555,COM_RAM-1002,21124,4,20251104,20251113,20251116,7382,2,3691
SO79556,ACC_CAS-1003,21670,6,20251118,20251123,20251208,609,1,609
SO79556,MOB_SWA-1004,21670,6,20251118,20251123,20251208,14521,1,14521
SO79557,ACC_CHG-1004,20400,1,20251115,20251121,20251201,772,1,772
SO79557, MOB_TAB-1008,20400,1,20251115,20251121,20251201,22047,1,21956
SO79557,GAM_CTR-1006,20400,1,20251115,20251121,20251201,10032,2,5016
SO79558,COM_RAM-1005,23067,2,20251110,20251120,20251125,4440,1,-4440
SO79559,ACC_CAB-1011,25057,2,20251122,20251126,20251212,776,2,388
SO79559,COM_RAM-1005,25057,2,20251122,20251126,20251212,8800,2,4400
SO79560,ACC_CAB-1004,26754,6,20251102,20251106,20251113,162,1,162
SO79561,ACC_CAB-1002,23439,7,20251111,20251113,20251201,2300,2,1150
SO79562, MOB_SWA-1017,27308,2,20251112,20251114,20251122,30888,2,15444
SO79563, COM_STR-1001,27129,1,20251102,20251108,20251117,7715,1,7715
SO79564,COM_LAP-1003,22019,6,20251130,20251205,20251212,37436,1,37436
SO79565,MOB_SMP-1003,24719,5,20251116,20251120,20251206,21648,1,21648
SO79565,DIS_MON-1010,24719,5,20251116,20251120,20251206,15323,1,15323
SO79566,COM_GPU-1009,25271,5,20251129,20251207,20251216,45102,3,15034
SO79567,GAM_CON-1012,23523,2,20251125,20251204,20251207,27954,1,27954
SO79567,MOB_SMP-1011,23523,2,20251125,20251204,20251207,50024,2,25012
SO79567,COM_RAM-1015,23523,2,20251125,20251204,20251207,2885,1,2885
SO79568,ACC_CHG-1017,21445,2,20251107,20251117,20251120,2732,2,1366
SO79569,MOB_TAB-1005,27676,5,20251108,20251115,20251119,51927,3,17309
SO79570,COM_STR-1013,27312,6,20251123,20251203,20251203,6620,2,3310
SO79570,COM_RAM-1004,27312,6,20251123,20251203,20251203,4415,1,4415
SO79571,COM_RAM-1012,20016,7,20251105,20251113,20251125,13478,3,4352
SO79572,COM_LAP-1003,23758,6,20251120,20251127,20251210,69265,2,34512
SO79573,COM_RAM-1015,25674,1,20251128,20251207,20251213,9777,3,3259
SO79574,GAM_ACC-1019,22268,3,20251117,20251121,20251130,2829,1,2829
SO79575,ACC_CAB-1018,21093,6,20251120,20251122,20251208,1166,1,1166
SO79575,MOB_SMP-1012,21093,6,20251120,20251122,20251208,3459,3,1153
SO79576,COM_RAM-1008,25798,6,20251122,20251202,20251205,8230,2,0
SO79576,MOB_TAB-1010,25798,6,20251122,20251202,20251205,33166,2,16583
SO79576,ACC_CAS-1014,25798,6,20251122,20251202,20251205,1214,2,607
SO79577,GAM_ACC-1014,21696,7,20251124,20251204,20251205,671,1,671
SO79577,COM_DSK-1015,21696,7,20251124,20251204,20251205,108744,3,36248
SO79578,GAM_ACC-1002,26299,7,20251127,20251202,20251208,2314,2,1157
SO79579,DIS_MON-1003,27191,6,20251124,20251128,20251204,36207,3,12069
SO79580,ACC_PWB-1004,24368,7,20251105,20251108,20251125,2474,1,2474
SO79580,MOB_SWA-1001,24368,7,20251105,20251108,20251125,13714,1,13714
SO79581,GAM_CTR-1008,24596,6,20251129,20251208,20251217,8412,3,2804
SO79582,ACC_CAS-1012,27205,3,20251112,20251115,20251122,2352,2,1176
SO79582,GAM_CON-1008,27205,3,20251112,20251115,20251122,19627,1,19627
SO79583,MOB_SWA-1017,26182,6,20251115,20251120,20251127,28972,2,14486
SO79583,ACC_CAS-1008,26182,6,20251115,20251120,20251127,1047,3,349
SO79583,GAM_CON-1007,26182,6,20251115,20251120,20251127,,1,20812
SO79583,COM_RAM-1008,26182,6,20251115,20251120,20251127,3896,1,3896
SO79583,MOB_SWA-1014,26182,6,20251115,20251120,20251127,6924,1,6924
SO79584,ACC_CHG-1013,20025,5,20251101,20251103,20251117,724,1,702
SO79585,ACC_CHG-1016,21807,3,20251124,20251126,20251214,1488,2,744
SO79585,DIS_TVS-1012,21807,3,20251124,20251126,20251214,105066,2,52533
SO79586,COM_MTB-1004,25671,1,20251114,20251120,20251204,14070,1,14070
SO79586,DIS_MON-1005,25671,1,20251114,20251120,20251204,21120,1,21120
SO79587,COM_RAM-1007,26535,5,20251114,20251118,20251125,5948,2,2974
SO79587,MOB_SMP-1004,26535,5,20251114,20251118,20251125,17718,1,17718
SO79587,GAM_ACC-1012,26535,5,20251114,20251118,20251125,4188,2,2094
SO79588,MOB_TAB-1008,23210,4,20251127,20251205,20251216,61800,3,20600
SO79589,GAM_CON-1013,21251,2,20251112,20251119,20251129,29391,1,29391
SO79590,MOB_TAB-1009,24773,7,20251120,20251123,20251208,27598,1,27598
SO79590,ACC_CAB-1002,24773,7,20251120,20251123,20251208,1302,1,1302
SO79591,COM_GPU-1011,26662,7,20251118,20251128,20251207,42010,1,-42010
SO79592,ACC_CAS-1003,27206,4,20251126,20251205,20251210,1974,3,658
SO79592,COM_DSK-1004,27206,4,20251126,20251205,20251210,57964,2,28982
SO79593,ACC_CAS-1015,24114,3,20251102,20251107,20251119,500,2,0
SO79593,COM_STR-1002,24114,3,20251102,20251107,20251119,14058,2,7029
SO79593,ACC_CAB-1006,24114,3,20251102,20251107,20251119,277,1,277
SO79594,GAM_CON-1006,24988,3,20251115,20251122,20251201,58464,2,29232
SO79595,COM_LAP-1010,25196,2,20251127,20251203,20251212,62960,1,62960
SO79595,GAM_CON-1001,25196,2,20251127,20251203,20251212,56620,2,0
SO79596,DIS_TVS-1011,22184,3,20251102,20251107,20251113,113640,2,56820
SO79597,ACC_CAB-1003,22921,7,20251128,20251205,20251214,457,1,457
SO79598,COM_MTB-1006,26534,7,20251112,20251120,20251202,2660,1,2660
SO79599,GAM_CON-1008,27331,6,20251119,20251122,20251205,19844,1,19844
SO79600, COM_STR-1007,23077,4,20251123,20251129,20251204,16724,2,8362
SO79600,ACC_CHG-1012,23077,4,20251123,20251129,20251204,1432,2,716
SO79600,COM_DSK-1002,23077,4,20251123,20251129,20251204,95174,2,47587
SO79601,ACC_CHG-1002,25534,3,20251124,20251128,20251208,554,1,554
SO79602,COM_DSK-1015,24982,1,20251101,20251105,20251111,38478,1,38478
SO79602,COM_DSK-1018,24982,1,20251101,20251105,20251111,36658,1,36658
SO79602,ACC_CHG-1005,24982,1,20251101,20251105,20251111,3102,3,1034
SO79602,ACC_CAS-1006,24982,1,20251101,20251105,20251111,552,3,184
SO79603,GAM_CON-1013,25642,5,20251107,20251111,20251118,52308,2,26154
SO79604,MOB_TAB-1001,22640,6,20251128,20251204,20251215,11455,1,11455
SO79604,COM_RAM-1015,22640,6,20251128,20251204,20251215,2921,1,2921
SO79605,COM_MTB-1001,27238,2,20251105,20251107,20251116,15596,2,7798
SO79605,DIS_TVS-1005,27238,2,20251105,20251107,20251116,125454,3,41818
SO79605,MOB_SMP-1002,27238,2,20251105,20251107,20251116,19532,1,19532
SO79606,MOB_SMP-1002,26123,7,20251112,20251118,20251122,19599,1,19599
SO79606,COM_DSK-1017,26123,7,20251112,20251118,20251122,73350,1,73350
SO79606,ACC_PWB-1004,26123,7,20251112,20251118,20251122,5502,2,2751
SO79606,ACC_CAS-1011,26123,7,20251112,20251118,20251122,1284,2,642
SO79606, GAM_CTR-1008,26123,7,20251112,20251118,20251122,3004,1,3004
SO79606,GAM_CTR-1014,26123,7,20251112,20251118,20251122,2310,2,1155
SO79607,DIS_MON-1012,22252,6,20251128,20251202,20251218,8402,2,0
SO79608,COM_STR-1003,26990,5,20251102,20251108,20251122,7834,1,7834
SO79608,COM_DSK-1019,26990,5,20251102,20251108,20251122,90628,1,90628
SO79609,GAM_CTR-1017,24360,5,20251112,20251120,20251124,4701,3,1567
SO79609,COM_GPU-1011,24360,5,20251112,20251120,20251124,40586,1,40586
SO79610,GAM_CTR-1018,20399,6,20251102,20251109,20251117,8752,2,4376
SO79611,COM_DSK-1012,24995,3,20251128,20251201,20251212,60893,1,60893
SO79612,COM_LAP-1003,23038,2,20251128,20251130,20251213,73780,2,36890
SO79613,MOB_SMP-1011,22252,1,20251111,20251113,20251201,67155,3,22385
SO79614,DIS_TVS-1012,20955,6,20251112,20251118,20251123,171939,3,57313
SO79614,COM_RAM-1010,20955,6,0,20251118,20251123,3708,3,1236
SO79614,GAM_CTR-1018,20955,6,20251112,20251118,20251123,9266,2,4633
SO79615,COM_LAP-1001,21269,3,20251123,20251203,20251203,54763,1,54763
SO79616,COM_GPU-1012,24945,3,20251122,20251201,20251206,27760,1,27760
SO79616,ACC_CHG-1015,24945,3,20251122,20251201,20251206,962,1,962
SO79617,COM_GPU-1005,22877,4,20251120,20251130,20251202,86046,3,28682
SO79617,MOB_SMP-1006,22877,4,20251120,20251130,20251202,1268,1,1268
SO79618,GAM_CTR-1010,21988,2,20251113,20251123,20251125,3068,2,1534
SO79618,MOB_SMP-1004,21988,2,20251113,20251123,20251125,34454,2,17227
SO79619,COM_LAP-1001,25595,6,20251125,20251203,20251215,53411,1,53411
SO79619,DIS_TVS-1003,25595,6,20251125,20251203,20251215,16921,1,16921
SO79620,COM_STR-1007,23274,4,20251125,20251129,20251214,23421,3,7807
SO79620,COM_RAM-1004,23274,4,20251125,20251129,20251214,4425,1,0
SO79621,ACC_PWB-1002,23324,1,20251117,20251126,20251202,631,1,631
SO79622,ACC_CHG-1006,25482,6,20251128,20251208,20251216,1924,2,962
SO79623, COM_MTB-1003,22433,6,0,20251209,20251214,14794,2,7397
SO79623,MOB_SWA-1020,22433,6,20251129,20251209,20251214,5783,1,5783
SO79623,MOB_SWA-1009,22433,6,20251129,20251209,20251214,16438,2,8219
SO79624,GAM_ACC-1007,25646,4,20251111,20251120,20251122,3463,1,3463
SO79625,ACC_CHG-1017,26884,5,20251112,20251121,20251125,3136,2,0
SO79625,ACC_PWB-1006,26884,5,20251112,20251121,20251125,3817,2,1866
SO79626,DIS_TVS-1008,22604,7,20251106,20251109,20251126,70377,1,70377
SO79627,GAM_CON-1005,25052,6,20251104,20251109,20251116,85026,3,28342
SO79628,DIS_TVS-1003,24376,2,20251103,20251111,20251115,16019,1,16019
SO79629,ACC_CAB-1014,27276,5,20251109,20251114,20251126,640,2,320
SO79629,GAM_ACC-1015,27276,5,20251109,20251114,20251126,8501,2,4376
SO79630,COM_DSK-1003,22252,3,20251125,20251204,20251211,71572,1,71572
SO79630,COM_GPU-1003,22252,3,20251125,20251204,20251211,1214,1,1214
SO79631,GAM_ACC-1010,27451,4,20251130,20251204,20251218,3242,2,1621
SO79631,COM_STR-1018,27451,4,20251130,20251204,20251218,7151,1,7151
SO79631,COM_DSK-1015,27451,4,20251130,20251204,20251218,40230,1,40230
SO79631,COM_DSK-1020,27451,4,20251130,20251204,20251218,19433,1,19433
SO79631,COM_MTB-1007,27451,4,20251130,20251204,20251218,3627,1,3627
SO79632,COM_GPU-1010,20166,1,20251127,20251129,20251209,72850,1,72850
SO79632,ACC_PWB-1010,20166,1,20251127,20251129,20251209,6165,2,2844
SO79633,COM_DSK-1019,20237,2,20251111,20251115,20251126,172212,2,86106
SO79634,COM_RAM-1002,23908,2,20251126,20251206,20251213,3941,1,3941
SO79634,COM_STR-1009,23908,2,20251126,20251206,20251213,5755,1,5755
SO79634,COM_LAP-1004,23908,2,20251126,20251206,20251213,140300,2,70150
SO79634,GAM_CON-1004,23908,2,20251126,20251206,20251213,28836,1,28836
SO79635,COM_LAP-1002,20666,2,20251111,20251113,20251124,305574,3,101858
SO79636,GAM_CTR-1016,20345,5,20251111,20251113,20251128,3344,1,3344
SO79636,GAM_CTR-1006,,5,20251111,20251113,20251128,8958,2,4479
SO79636,COM_RAM-1002,20345,5,20251111,20251113,20251128,11526,3,3842
SO79636,DIS_MON-1010,20345,5,20251111,20251113,20251128,15691,1,15691
SO79637,ACC_CAS-1012,23847,7,20251113,20251122,20251124,2662,2,1331
SO79638,GAM_CON-1007,24187,1,20251101,20251107,20251118,21479,1,21479
SO79639,COM_MTB-1007,26932,7,20251121,20251129,20251204,3708,1,3708
SO79640,MOB_SMP-1008,20157,3,20251108,20251116,20251123,34494,2,17247
SO79641,COM_STR-1009,22400,1,20251112,20251122,20251128,5187,1,5187
SO79642,DIS_MON-1012,21598,2,20251120,20251122,20251202,8822,2,4411
SO79642,GAM_ACC-1016,21598,2,20251120,20251122,20251202,3758,2,1879
SO79643,MOB_SWA-1001,24267,1,20251108,20251117,20251126,38340,3,12780
SO79644,MOB_TAB-1002,20616,5,20251129,20251201,20251217,42474,2,21237
SO79644,MOB_TAB-1013,20616,5,20251129,20251201,20251217,17359,1,17359
SO79645,MOB_SMP-1011,25584,1,20251129,20251209,20251219,23929,1,23929
SO79646,ACC_PWB-1010,24602,2,20251102,20251110,20251116,5572,2,2786
SO79647,ACC_CHG-1016,27712,6,20251115,20251120,20251202,2385,3,795
SO79648,GAM_CTR-1008,20398,7,20251117,20251123,20251206,2795,1,2795
SO79648,MOB_TAB-1009,20398,7,0,20251123,20251206,30568,1,30568
SO79648, DIS_TVS-1007,20398,7,20251117,20251123,20251206,,1,22653
SO79649,MOB_TAB-1013,20492,3,20251117,20251126,20251203,16607,1,16607
SO79650,MOB_SWA-1019,20372,7,20251129,20251202,20251217,21810,2,10905
SO79650,DIS_TVS-1012,20372,7,20251129,20251202,20251217,58934,1,58934
SO79650,COM_LAP-1002,20372,7,20251129,20251202,20251217,98034,1,98034
SO79651,DIS_TVS-1006,22639,6,20251112,20251118,20251123,122920,2,61460
SO79652,GAM_CTR-1011,21817,5,20251114,20251116,20251124,4704,3,1568
SO79653,ACC_CAB-1016,21913,1,20251109,20251117,20251123,381,3,127
SO79654,COM_DSK-1009,25215,6,20251116,20251123,20251129,2682,2,1341
SO79655,COM_DSK-1003,23321,2,20251109,20251111,20251127,146486,2,73243
SO79656,ACC_CAS-1001,22310,6,20251129,20251206,20251213,424,2,0
SO79657,COM_STR-1004,21433,3,20251125,20251127,20251207,7886,2,3943
SO79657,COM_GPU-1006,21433,3,20251125,20251127,20251207,64588,1,64588
SO79658,COM_MTB-1008,22906,2,20251127,20251203,20251215,22802,2,11401
SO79659,COM_GPU-1012,20798,6,20251106,20251112,20251124,27554,1,27554
SO79659,COM_LAP-1014,20798,6,20251106,20251112,20251124,1226,1,1226
SO79660,COM_RAM-1005,24873,3,20251111,20251115,20251125,8248,2,4124
SO79661,MOB_SMP-1008,21637,3,20251110,20251115,20251120,50892,3,16964
SO79661,GAM_CON-1003,21637,3,20251110,20251115,20251120,1303,1,1303
SO79662,MOB_TAB-1006,20594,6,20251116,20251126,20251206,8725,1,8725
SO79662,DIS_MON-1009,20594,6,20251116,20251126,20251206,13514,1,13514
SO79662,COM_MTB-1006,20594,6,20251116,20251126,20251206,3203,1,2919
SO79663,COM_DSK-1012,26209,6,20251130,20251208,20251211,60077,1,60077
SO79664,COM_LAP-1007,27315,4,20251123,20251128,20251205,99276,1,99276
SO79665,ACC_CAB-1009,26662,6,20251102,20251109,20251122,442,2,221
SO79666,GAM_CTR-1002,25271,7,20251109,20251117,20251127,1629,1,1629
SO79667,GAM_CTR-1001,24637,5,20251103,20251110,20251113,7332,2,3666
SO79668,COM_GPU-1011,23219,1,20251119,20251127,20251201,41830,1,41830
SO79669,DIS_MON-1010,24215,5,20251124,20251126,20251212,44295,3,14765
SO79670,COM_DSK-1010,26016,4,20251124,20251201,20251209,3624,3,1208
SO79671,MOB_SWA-1006,23432,6,20251126,20251205,20251215,26652,2,13326
SO79671,ACC_CAB-1007,23432,6,0,20251205,20251215,746,2,373
SO79672,COM_STR-1006,24428,6,20251105,20251113,20251115,5356,1,5356
SO79672,DIS_MON-1004,24428,6,20251105,20251113,20251115,6162,1,6162
SO79672,ACC_CHG-1010,24428,6,20251105,20251113,20251115,892,1,892
SO79673, COM_GPU-1002,26658,1,20251125,20251203,20251206,53661,1,53661
SO79674,ACC_CHG-1009,23001,1,20251106,20251110,20251121,2421,3,807
SO79675,ACC_CHG-1006,26086,1,20251124,20251130,20251204,873,1,873
SO79676,COM_STR-1010,27741,4,20251108,20251113,20251121,26985,3,8995
SO79676,ACC_PWB-1011,27741,4,20251108,20251113,20251121,2795,1,2795
SO79677,ACC_PWB-1002,21797,4,20251105,20251112,20251118,1360,2,680
SO79677,COM_DSK-1008,21797,4,20251105,20251112,20251118,133950,2,66975
SO79678,COM_DSK-1010,24765,3,20251118,20251120,20251204,1213,1,1213
SO79679,ACC_CHG-1001,23584,5,20251122,20251124,20251211,1244,2,622
SO79680,GAM_CTR-1016,21579,3,20251123,20251130,20251212,2973,1,2973
SO79680,ACC_CHG-1006,21579,3,20251123,20251130,20251212,887,1,887
SO79680,DIS_TVS-1010,21579,3,20251123,20251130,20251212,36545,1,36545
SO79681,MOB_SWA-1001,20265,7,20251114,20251116,20251204,14267,1,13842
SO79681,ACC_CAS-1008,20265,7,20251114,20251116,20251204,326,1,326
SO79682,DIS_MON-1006,21264,1,20251126,20251205,20251215,42622,2,21311
SO79683,COM_DSK-1011,20008,7,20251127,20251130,20251207,36322,2,18161
SO79684,COM_STR-1012,25151,1,20251113,20251118,20251203,9691,1,9691
SO79685,GAM_CON-1018,24253,3,20251108,20251111,20251125,12015,1,12015
SO79685,DIS_TVS-1007,24253,3,20251108,0,20251125,20232,1,20232
SO79686,GAM_CON-1006,24543,6,20251122,20251128,20251211,53436,2,26718
SO79686,COM_RAM-1012,24543,6,20251122,20251128,20251211,4661,1,4661
SO79686,DIS_MON-1003,24543,6,20251122,20251128,20251211,37452,3,12484
SO79686,COM_RAM-1016,24543,6,20251122,20251128,20251211,1738,2,869
SO79687,ACC_PWB-1012,20607,2,20251101,20251110,20251117,2143,1,2143
SO79688,ACC_CAB-1004,21108,4,20251112,20251117,20251201,162,1,162
SO79689,ACC_CHG-1017,25428,7,20251126,20251130,20251214,883,1,1363
SO79689,DIS_TVS-1013,25428,7,20251126,20251130,20251214,72822,2,36411
SO79689,ACC_CHG-1001,25428,7,20251126,20251130,20251214,1272,2,636
SO79690,ACC_CHG-1002,24692,6,20251117,0,20251206,1174,2,587
SO79690,COM_DSK-1006,24692,6,20251117,20251126,20251206,106478,2,53239
SO79690,COM_RAM-1004,24692,6,20251117,20251126,20251206,4203,1,4203
SO79690,ACC_PWB-1012,24692,6,20251117,20251126,20251206,6840,3,2280
SO79690,ACC_CAB-1019,24692,6,20251117,20251126,20251206,453,3,151
SO79691,GAM_ACC-1007,25686,7,20251122,20251129,20251202,10773,3,3591
SO79692,GAM_CON-1012,21656,5,20251120,20251122,20251203,59456,2,0
SO79693,MOB_TAB-1004,20740,6,20251121,20251130,20251208,11440,1,11440
SO79693,GAM_ACC-1009,20740,6,20251121,20251130,20251208,2663,1,2663
SO79693,GAM_CTR-1006,20740,6,20251121,20251130,20251208,4358,1,4358
SO79694,COM_STR-1008,20601,4,0,20251124,20251204,9160,2,4580
SO79695,COM_GPU-1010,23170,7,20251110,20251114,20251128,202179,3,67393
SO79696,ACC_CAS-1002,20105,3,20251107,20251115,20251126,974,2,487
SO79697,ACC_CAS-1007,20544,5,20251124,20251129,20251214,608,2,304
SO79697,COM_RAM-1002,20544,5,20251124,0,20251214,4252,1,4252
SO79697,ACC_CHG-1002,20544,5,20251124,20251129,20251214,511,1,511
SO79698,GAM_CON-1004,27207,4,20251117,20251126,20251202,31537,1,31537
SO79699,GAM_CON-1001,22150,4,20251102,20251112,20251122,28154,1,28154
SO79700,MOB_SMP-1007,22550,1,20251106,20251114,20251125,10610,1,-10610
SO79700,COM_DSK-1008,22550,1,20251106,20251114,20251125,202909,3,67798
SO79701,COM_RAM-1004,20064,5,20251124,20251127,20251204,4377,1,4377
SO79702,COM_DSK-1016,23246,1,20251123,20251128,20251203,17496,1,17496
SO79702,COM_STR-1018,23246,1,20251123,20251128,20251203,7315,1,7315
SO79703,ACC_CAS-1006,23531,4,20251129,20251201,20251211,199,1,199
SO79703,GAM_CON-1008,23531,4,20251129,20251201,20251211,35040,2,17520
SO79703,GAM_ACC-1001,23531,4,20251129,20251201,20251211,1681,1,1681
SO79704,COM_DSK-1018,24749,3,20251118,20251127,20251205,98076,3,32692
SO79704,COM_DSK-1011,24749,3,20251118,20251127,20251205,50301,3,16767
SO79704,COM_STR-1009,24749,3,20251118,20251127,20251205,5033,1,5033
SO79704,MOB_TAB-1012,24749,3,20251118,20251127,20251205,38764,1,38764
SO79705,GAM_CTR-1013,27183,2,20251120,20251128,20251204,2384,2,1192
SO79706,ACC_CAB-1007,24485,5,20251125,20251128,20251209,750,2,375
SO79706,MOB_SWA-1015,24485,5,20251125,20251128,20251209,37965,3,12655
SO79707,DIS_TVS-1001,20823,3,20251115,20251120,20251203,19950,2,9975
SO79708,ACC_PWB-1003,25490,3,20251129,20251203,20251215,2325,1,2325
SO79709,GAM_CTR-1018,26676,7,20251107,20251114,20251123,4807,1,4807
SO79709,DIS_MON-1004,26676,7,20251107,20251114,20251123,11742,2,5871
SO79710, COM_STR-1012,24539,4,20251102,20251104,20251121,9149,1,9149
SO79711,GAM_ACC-1013,21268,3,20251122,20251127,20251202,3312,2,1656
SO79712,ACC_CAS-1002,21701,4,20251122,20251126,20251205,499,1,499
SO79713,DIS_TVS-1002,25031,1,20251117,20251120,20251203,56418,3,18806
SO79714,COM_RAM-1005,24628,2,20251125,20251204,20251207,8202,2,4101
SO79714,GAM_CON-1014,24628,2,20251125,20251204,20251207,22174,2,11087
SO79714,GAM_CTR-1013,24628,2,20251125,20251204,20251207,1150,1,1150
SO79715,COM_DSK-1004,25775,7,20251129,20251206,20251218,29690,1,29690
SO79715,MOB_TAB-1013,25775,7,20251129,20251206,20251218,47982,3,15994
SO79716,GAM_ACC-1007,27323,6,20251112,20251117,20251126,7928,2,3964
SO79716,ACC_CAS-1005,27323,6,20251112,20251117,20251126,464,1,464
SO79716,DIS_MON-1012,27323,6,20251112,20251117,20251126,4729,1,4729
SO79717,DIS_MON-1002,22401,1,20251117,20251119,20251127,16545,1,16545
SO79718,COM_STR-1005,27414,4,20251111,20251114,20251128,10084,2,5042
SO79719,COM_RAM-1013,25489,5,20251126,20251128,20251207,5346,3,1782
SO79720,ACC_PWB-1010,21461,1,20251130,20251209,20251210,2521,1,2521
SO79720,COM_LAP-1012,21461,1,20251130,20251209,20251210,78842,1,78842
SO79721,ACC_CHG-1012,21338,7,20251119,20251122,20251209,1558,2,779
SO79722,COM_DSK-1019,20644,1,20251101,20251109,20251118,85470,1,85470
SO79722,GAM_ACC-1005,20644,1,20251101,20251109,20251118,3915,3,1305
SO79723,ACC_PWB-1013,23959,7,20251111,20251120,20251129,571,1,571
SO79724,COM_GPU-1009,24193,7,20251110,20251113,20251129,32138,2,16069
SO79725,GAM_CON-1007,22713,5,20251127,20251204,20251215,23267,1,23267
SO79725,COM_STR-1018,22713,5,20251127,20251204,20251215,6412,1,6412
SO79726,GAM_CON-1020,26552,5,20251121,20251125,20251203,83592,3,27864
SO79726,MOB_SWA-1006,26552,5,20251121,20251125,20251203,13656,1,13656
SO79726,COM_STR-1018,26552,5,20251121,20251125,20251203,19785,3,-6595
SO79727,MOB_SMP-1006,25290,6,20251119,20251124,20251208,2658,2,1329
SO79728,MOB_SWA-1006,21977,6,20251104,20251106,20251123,13575,1,13575
SO79728,ACC_CAB-1012,21977,6,20251104,20251106,20251123,381,1,381
SO79729,ACC_CAS-1014,24302,6,20251121,20251130,20251209,1212,2,606
SO79729,ACC_CHG-1007,24302,6,20251121,20251130,20251209,1093,1,1093
SO79730,MOB_SWA-1002,23473,3,20251127,20251202,20251209,10942,1,10942
SO79730,COM_RAM-1001,23473,3,20251127,20251202,20251209,11379,3,3793
SO79731,COM_RAM-1007,21554,7,20251124,20251129,20251208,6150,2,3075
SO79731,ACC_PWB-1004,21554,7,20251124,20251129,20251208,2637,1,2637
SO79731,MOB_TAB-1005,21554,7,20251124,20251129,20251208,16543,1,16543
SO79732,DIS_TVS-1013,23311,2,20251124,20251129,20251214,69040,2,34520
SO79732,COM_MTB-1006,23311,2,20251124,20251129,20251214,5430,2,2715
SO79732,MOB_SWA-1014,23311,2,20251124,20251129,20251214,20649,3,6883
SO79733,COM_STR-1013,27630,4,20251120,20251130,20251205,6378,2,3189
SO79734,GAM_CON-1009,26894,3,20251104,20251106,20251123,41960,2,20980
SO79735,MOB_SMP-1005,27307,2,20251119,20251121,20251202,48914,1,48914
SO79735,DIS_TVS-1005,27307,2,20251119,20251121,20251202,86684,2,43342
SO79736,ACC_CAB-1019,24602,7,20251102,20251112,20251118,158,1,158
SO79737,COM_LAP-1002,27669,6,20251103,20251113,20251116,189304,2,94652
SO79737,ACC_PWB-1002,27669,6,20251103,20251113,20251116,1266,2,633
SO79738,COM_MTB-1003,25770,6,20251111,20251118,20251201,15538,2,7769
SO79738,COM_LAP-1009,25770,6,20251111,20251118,20251201,84108,3,28036
SO79739,COM_MTB-1002,26651,2,20251112,20251119,20251128,29322,3,9774
SO79739,COM_LAP-1005,26651,2,20251112,20251119,20251128,102152,1,102152
SO79740,GAM_CTR-1015,27598,2,20251126,20251130,20251208,12606,3,4202
SO79741,ACC_CHG-1017,26393,3,20251128,20251205,20251209,1580,1,1580
SO79741,COM_LAP-1006,26393,3,20251128,20251205,20251209,141970,2,70985
SO79741,ACC_CHG-1010,26393,3,20251128,20251205,20251209,1552,2,776
SO79742,COM_RAM-1002,22979,3,20251128,20251203,20251211,11145,3,3715
SO79742,COM_DSK-1018,22979,3,20251128,20251203,20251211,35152,1,35152
SO79743,DIS_TVS-1009,21293,1,20251120,20251130,20251209,14465,1,14465
SO79744,GAM_CTR-1008,22763,6,20251121,20251126,20251203,2851,1,2851
SO79745,COM_STR-1002,26798,6,20251123,20251202,20251211,7746,1,7746
SO79746,COM_STR-1006,26854,1,20251103,20251108,20251113,11172,2,5586
SO79746,ACC_CAB-1017,26854,1,20251103,20251108,20251113,108,1,108
SO79747,ACC_CHG-1005,22130,2,20251104,20251113,20251119,1974,2,987
SO79747,COM_MTB-1002,22130,2,20251104,20251113,20251119,18010,2,9005
SO79748,GAM_ACC-1015,26192,3,20251106,20251108,20251123,8592,2,4296
SO79749,COM_GPU-1006,23308,2,20251122,20251124,20251208,66812,1,66812
SO79749,COM_RAM-1005,23308,2,20251122,20251124,20251208,4077,1,4077
SO79750,ACC_CAS-1010,22874,1,20251124,20251130,20251206,399,1,399
SO79751,ACC_CHG-1014,26697,7,20251117,20251119,20251127,419,1,419
SO79752,COM_DSK-1019,26925,2,20251117,20251121,20251202,84501,1,0
SO79753,GAM_CON-1009,21931,7,20251105,20251114,20251124,20174,1,20174
SO79754,DIS_MON-1002,20853,2,20251111,20251116,20251130,16157,1,16157
SO79755,ACC_CAS-1014,20501,4,20251103,20251113,20251117,1388,2,694
SO79756,MOB_SWA-1019,21168,2,20251129,20251207,20251215,30819,3,10273
SO79757,ACC_PWB-1008,26599,4,20251125,20251203,20251214,2717,1,2717
SO79757,DIS_TVS-1004,26599,4,20251125,20251203,20251214,105584,2,52792
SO79757,COM_GPU-1003,26599,4,20251125,20251203,20251214,1287,1,1287
SO79758,DIS_MON-1006,20091,7,0,20251120,20251125,20512,1,20512
SO79759,GAM_CON-1017,23378,6,20251127,20251130,20251217,14759,1,14759
SO79760,MOB_TAB-1001,22113,7,20251102,20251110,20251116,35802,3,11934
SO79761,GAM_CON-1017,23562,5,20251129,20251203,20251217,31300,2,15650
SO79761,COM_RAM-1001,23562,5,20251129,20251203,20251217,4087,1,4087
SO79762,ACC_CAS-1013,25665,2,20251107,20251111,20251123,1194,3,398
SO79762,COM_RAM-1004,25665,2,20251107,20251111,20251123,4416,1,4416
SO79762,ACC_CHG-1008,25665,2,20251107,20251111,20251123,897,1,897
SO79763,COM_MTB-1002,24081,7,20251103,20251108,20251118,18356,2,9178
SO79763,GAM_CON-1006,24081,7,20251103,20251108,20251118,25885,1,25885
SO79764,ACC_CAS-1014,21546,3,20251103,20251113,20251122,1200,2,600
SO79764,ACC_CAS-1013,21546,3,20251103,20251113,20251122,364,1,364
SO79764,COM_STR-1016,21546,3,20251103,20251113,20251122,11712,2,5856
SO79765,ACC_CHG-1015,26661,2,20251118,20251124,20251204,1890,2,945
SO79766,COM_DSK-1006,25866,7,20251113,20251120,20251125,103294,2,51647
SO79767,ACC_CHG-1017,26946,4,20251115,20251124,20251130,3078,2,1539
SO79767,COM_RAM-1015,26946,4,20251115,20251124,20251130,6102,2,3051
SO79767,GAM_ACC-1020,26946,4,0,20251124,20251130,2395,1,2395
SO79767,COM_STR-1007,26946,4,0,20251124,20251130,16194,2,8097
SO79768,COM_MTB-1007,25337,2,20251130,0,20251211,10152,3,3384
SO79769,MOB_TAB-1004,27520,1,20251122,20251127,20251208,33696,3,11232
SO79769,COM_GPU-1007,27520,1,20251122,20251127,20251208,1214,1,1214
SO79769,COM_STR-1007,27520,1,20251122,20251127,20251208,23988,3,7996
SO79770,MOB_SWA-1015,20408,7,20251109,20251111,20251127,25570,2,12785
SO79770,COM_LAP-1007,20408,7,20251109,20251111,20251127,211112,2,105556
SO79771,GAM_CTR-1007,27375,5,20251106,20251115,20251119,11916,3,3972
SO79772,COM_STR-1017,22416,6,20251127,20251205,20251208,8316,1,8316
SO79773,COM_LAP-1005,20363,1,20251105,20251108,20251125,96080,1,96080
SO79774,ACC_CAB-1014,23153,4,20251114,20251119,20251128,652,2,326
SO79775,COM_STR-1004,20789,1,20251127,20251201,20251213,7790,2,3895
SO79776,COM_GPU-1005,23694,7,20251120,20251130,20251208,29634,1,29634
SO79776,GAM_CON-1012,23694,7,20251120,20251130,20251208,56000,2,28000
SO79777,GAM_ACC-1017,24599,6,20251119,20251127,20251207,7504,2,3752
SO79777,GAM_CTR-1017,24599,6,20251119,20251127,20251207,1493,1,1493
SO79777,COM_DSK-1019,24599,6,20251119,20251127,20251207,80742,1,80742
SO79777,COM_RAM-1015,24599,6,20251119,20251127,20251207,2896,1,2896
SO79777,COM_LAP-1014,24599,6,20251119,20251127,20251207,2446,2,1223
SO79778,DIS_MON-1011,21004,6,20251128,20251201,20251216,31568,2,15784
SO79778,COM_MTB-1006,21004,6,20251128,20251201,20251216,8145,3,2715
SO79778,COM_MTB-1001,21004,6,20251128,20251201,20251216,15122,2,7561
SO79779,GAM_CTR-1013,25049,3,20251117,20251124,20251201,2320,2,1160
SO79780,COM_STR-1016,20144,3,20251112,20251120,20251125,6267,1,6267
SO79780,ACC_CAS-1008,20144,3,20251112,20251120,20251125,374,1,374
SO79781,COM_DSK-1001,26094,5,20251122,20251129,20251208,33074,2,16537
SO79782,ACC_CAS-1004,21657,3,20251124,20251202,20251208,1265,1,1265
SO79782,ACC_CAS-1002,21657,3,20251124,20251202,20251208,520,1,520
SO79783,COM_LAP-1005,20264,4,20251119,20251127,20251207,189722,2,94861
SO79784,DIS_TVS-1002,24801,7,20251130,20251203,20251211,38718,2,19359
SO79785,MOB_TAB-1012,21348,7,20251113,20251123,20251127,37042,1,37042
SO79786,DIS_MON-1012,20423,3,20251129,20251204,20251209,8560,2,4280
SO79786,COM_GPU-1005,20423,3,20251129,20251204,20251209,27674,1,27674
SO79786,DIS_MON-1007,20423,3,20251129,20251204,20251209,11225,1,10775
SO79786,MOB_SWA-1007,20423,3,20251129,20251204,20251209,6729,1,6729
SO79786,GAM_CTR-1016,20423,3,20251129,20251204,20251209,3118,1,3118
SO79787,GAM_CON-1019,23802,6,20251103,20251112,20251117,1298,1,1298
SO79788,COM_LAP-1013,25636,3,20251103,20251108,20251123,127710,3,42570
SO79789,ACC_CAS-1009,22384,2,20251103,20251106,20251115,638,1,638
SO79790,MOB_TAB-1006,23834,3,20251118,20251127,20251204,8165,1,8165
SO79791,MOB_SWA-1013,21670,6,20251109,20251118,20251119,39996,3,13332
SO79792,DIS_TVS-1012,20034,2,20251129,20251204,20251210,60787,1,60787
SO79792,GAM_CON-1017,20034,2,20251129,20251204,20251210,16080,1,16080
SO79793,GAM_CON-1003,23614,2,20251117,20251124,20251128,,1,1287
SO79793,MOB_SWA-1018,23614,2,20251117,20251124,20251128,24078,2,12039
SO79794,COM_DSK-1002,22605,6,20251118,20251128,20251207,136842,3,45614
SO79794,GAM_CON-1017,22605,6,20251118,20251128,20251207,33038,2,16519
SO79794,GAM_ACC-1002,22605,6,20251118,20251128,20251207,1319,1,1319
SO79795,GAM_CON-1009,25312,2,20251101,20251105,20251116,20137,1,20275
SO79795,GAM_ACC-1014,25312,2,20251101,20251105,20251116,1959,3,653
SO79796,GAM_CON-1002,23130,2,20251113,20251121,20251125,24339,1,24339
SO79796,MOB_SWA-1017,23130,2,20251113,20251121,20251125,13723,1,13723
SO79796,MOB_SWA-1018,23130,2,20251113,20251121,20251125,34389,3,11463
SO79796,COM_DSK-1020,23130,2,20251113,20251121,20251125,41772,2,20886
SO79796,COM_RAM-1004,23130,2,20251113,20251121,20251125,4207,1,4207
SO79796,MOB_SWA-1019,23130,2,20251113,20251121,20251125,21934,2,10967
SO79796,GAM_ACC-1013,23130,2,20251113,20251121,20251125,1871,1,1871
SO79797,ACC_CAB-1006,21111,2,20251104,20251111,20251123,301,1,301
SO79797,GAM_CTR-1002,21111,2,20251104,20251111,20251123,3728,2,1864
SO79798,MOB_SMP-1002,22824,1,20251127,20251202,20251217,38050,2,19025
SO79799,COM_RAM-1016,23638,2,20251127,20251203,20251214,2589,3,863
SO79799,COM_GPU-1006,23638,2,20251127,20251203,20251214,68100,1,68100
SO79799,COM_GPU-1001,23638,2,20251127,20251203,20251214,41545,1,0
SO79799,ACC_CAB-1017,23638,2,20251127,20251203,20251214,342,3,114
SO79799,DIS_TVS-1002,23638,2,20251127,20251203,20251214,20285,1,20285
SO79800,COM_LAP-1006,23947,5,20251130,20251204,20251211,80372,1,80372
SO79801,DIS_TVS-1011,20755,4,20251104,20251114,20251122,56914,1,56914
SO79802,COM_DSK-1017,27343,7,20251120,20251129,20251206,230442,3,76814
SO79802,GAM_CON-1001,27343,7,20251120,20251129,20251206,53668,2,26834
SO79802,COM_DSK-1008,27343,7,20251120,20251129,20251206,201936,3,67312
SO79803,DIS_TVS-1010,27205,7,20251111,20251117,20251121,36662,1,36662
SO79803,GAM_ACC-1009,27205,7,20251111,20251117,20251121,7176,3,2392
SO79804,ACC_CAS-1001,24665,1,20251116,20251122,20251127,402,2,201
SO79805,DIS_TVS-1013,24397,6,20251124,20251126,20251205,79246,2,39623
SO79805,COM_GPU-1001,24397,6,20251124,20251126,20251205,72248,2,36124
SO79806,ACC_CAS-1005,22027,7,20251119,20251125,20251203,468,1,468
SO79807,ACC_CAS-1005,23760,2,20251123,20251130,20251203,433,1,433
SO79808,ACC_CAS-1014,26845,4,20251111,20251119,20251130,606,1,606
SO79809,COM_RAM-1001,21830,2,20251112,20251115,20251124,7912,2,3956
SO79809,GAM_CON-1006,21830,2,20251112,20251115,20251124,56660,2,28330
SO79809,GAM_CON-1015,21830,2,20251112,20251115,20251124,56946,2,28473
SO79809,ACC_PWB-1001,21830,2,20251112,20251115,20251124,3184,2,1592
SO79809,COM_STR-1012,21830,2,20251112,20251115,20251124,8730,1,8730
SO79809,ACC_CAS-1009,21830,2,20251112,20251115,20251124,1983,3,661
SO79810,GAM_CTR-1013,23071,4,20251129,20251209,20251218,2400,2,1200
SO79810,COM_STR-1011,23071,4,20251129,20251209,20251218,8917,1,8917
SO79811,GAM_ACC-1016,21547,6,20251117,20251121,20251128,1911,1,1911
SO79812,GAM_ACC-1002,26871,7,20251121,20251129,20251211,1175,1,1175
SO79813,COM_RAM-1004,20609,2,20251122,20251127,20251210,7846,2,3923
SO79814,DIS_MON-1009,27222,4,20251125,20251130,20251215,24366,2,12183
SO79814,GAM_CON-1016,27222,4,20251125,20251130,20251215,24124,2,12062
SO79815,GAM_ACC-1011,24097,2,20251124,20251202,20251205,1563,1,1563
SO79815,DIS_TVS-1006,24097,2,20251124,20251202,20251205,58558,1,58812
SO79816,DIS_MON-1011,23160,3,20251114,20251118,20251128,31222,2,15611
SO79817,ACC_CAS-1013,24986,6,20251119,20251122,20251202,388,1,388
SO79817,COM_STR-1006,24986,6,20251119,20251122,20251202,5147,1,5147
SO79818,GAM_CON-1019,21495,1,20251112,20251116,20251129,1217,1,1217
SO79819,GAM_CON-1003,24397,3,20251119,20251123,20251207,3678,3,1226
SO79819,ACC_CAB-1019,24397,3,20251119,20251123,20251207,151,1,151
SO79820,COM_DSK-1001,20598,4,20251104,20251106,20251124,34220,2,17110
SO79820,GAM_CTR-1009,20598,4,20251104,20251106,20251124,4862,2,2431
SO79821,ACC_CAS-1007,25572,6,20251124,20251201,20251210,266,1,266
SO79821,COM_MTB-1001,25572,6,20251124,20251201,20251210,16486,2,8243
SO79822,DIS_MON-1004,27086,4,20251102,0,20251118,,1,6319
SO79822,GAM_ACC-1017,27086,4,20251102,20251107,20251118,3835,1,3835
SO79822,GAM_CON-1005,27086,4,20251102,20251107,20251118,28223,1,28223
SO79823,GAM_CON-1009,21660,3,20251119,20251121,20251202,22048,1,22048
SO79824,GAM_CON-1004,26808,7,20251125,20251127,20251211,61408,2,30704
SO79824,ACC_CHG-1001,26808,7,20251125,20251127,20251211,617,1,617
SO79824,MOB_SMP-1011,26808,7,20251125,20251127,20251211,48282,2,24141
SO79825, ACC_CAS-1005,24584,3,20251127,20251129,20251208,428,1,428
SO79826,COM_DSK-1016,26441,5,20251102,20251110,20251116,32320,2,16160
SO79826,ACC_CAS-1008,26441,5,20251102,20251110,20251116,1011,3,337
SO79827,COM_RAM-1006,21142,7,20251104,20251109,20251117,3672,2,1836
SO79828,COM_LAP-1013,22506,6,20251129,20251205,20251218,85426,2,42713
SO79828,GAM_CTR-1012,22506,6,20251129,20251205,20251218,2105,1,2105
SO79829,ACC_CAB-1010,20462,5,20251109,20251115,20251122,470,1,470
SO79829,COM_RAM-1003,20462,5,20251109,20251115,20251122,1480,1,1480
SO79829,GAM_CON-1007,20462,5,20251109,20251115,20251122,23211,1,23211
SO79829,GAM_ACC-1016,20462,5,20251109,20251115,20251122,1963,1,1963
SO79830,ACC_PWB-1003,24842,5,20251108,20251114,20251123,2306,1,2306
SO79831,COM_DSK-1004,22120,2,20251107,20251113,20251125,29726,1,29726
SO79831,MOB_SWA-1016,22120,2,20251107,20251113,20251125,8126,2,4063
SO79832,MOB_SWA-1004,20967,2,20251120,20251125,20251209,27706,2,13853
SO79833,ACC_CHG-1001,23576,7,20251116,20251120,20251129,594,1,594
SO79834,ACC_CAS-1010,25707,7,20251114,20251119,20251130,400,1,400
SO79834,COM_MTB-1001,25707,7,20251114,20251119,20251130,15144,2,7572
SO79835,ACC_PWB-1002,25494,3,20251119,20251125,20251208,1328,2,664
SO79835,ACC_CHG-1017,25494,3,20251119,20251125,20251208,2852,2,1426
SO79836,ACC_CAB-1008,26400,7,20251108,20251113,20251126,774,3,258
SO79837,GAM_ACC-1017,26606,3,20251118,20251127,20251128,10935,3,3645
SO79838,COM_GPU-1012,23665,6,20251105,20251115,20251123,83637,3,27879
SO79838,COM_STR-1013,23665,6,20251105,20251115,20251123,6006,2,3003
SO79839,MOB_SWA-1003,26697,3,20251123,20251129,20251212,5076,2,2538
SO79839,ACC_CHG-1006,26697,3,20251123,20251129,20251212,949,1,949
SO79839,ACC_CHG-1002,26697,3,20251123,20251129,20251212,585,1,0
SO79839,GAM_CON-1020,26697,3,20251123,20251129,20251212,27295,1,27295
SO79839,COM_LAP-1006,26697,3,20251123,20251129,20251212,241596,3,80532
SO79840,GAM_ACC-1019,22187,5,20251101,20251108,20251111,3123,1,3123
SO79841, COM_STR-1015,21891,5,20251107,20251109,20251123,2970,2,1485
SO79842,ACC_PWB-1015,23578,5,20251108,20251117,20251124,2621,1,2621
SO79843,GAM_ACC-1001,26647,2,20251117,20251119,20251203,3212,2,1606
SO79844,COM_GPU-1001,26181,2,20251125,20251201,20251213,81488,2,40744
SO79844,ACC_CAS-1006,26181,2,20251125,20251201,20251213,579,3,193
SO79845,COM_DSK-1018,24204,3,20251109,20251119,20251128,36860,1,36860
SO79846,COM_GPU-1007,24130,3,20251117,20251127,20251127,1261,1,1261
SO79847,COM_MTB-1006,22685,1,0,20251112,20251118,5430,2,2715
SO79848,MOB_TAB-1005,23641,4,20251119,20251121,20251203,51831,3,17277
SO79848,GAM_ACC-1015,23641,4,20251119,20251121,20251203,8358,2,4179
SO79849,COM_STR-1012,24285,5,20251116,20251118,20251203,9123,1,9123
SO79850,DIS_TVS-1011,21694,5,20251105,20251107,20251118,54662,1,54662
SO79851,ACC_CAB-1014,25162,4,20251115,20251123,20251204,333,1,333
SO79851,COM_STR-1006,25162,4,20251115,20251123,20251204,4973,1,4973
SO79852,ACC_CAB-1015,22709,6,20251107,20251110,20251126,432,1,432
SO79852,ACC_CAB-1002,22709,6,20251107,20251110,20251126,1319,1,1319
SO79853,ACC_CHG-1009,24642,7,20251114,20251116,20251201,775,1,775
SO79853,GAM_CTR-1009,24642,7,20251114,20251116,20251201,7143,3,2381
SO79854,GAM_CTR-1009,22322,4,20251116,20251123,20251206,2507,1,2507
SO79854,ACC_CAB-1009,22322,4,20251116,20251123,20251206,202,1,202
SO79854,GAM_CTR-1003,22322,4,20251116,20251123,20251206,6762,2,0
SO79855,DIS_MON-1003,25428,5,20251105,20251108,20251125,11548,1,11548
SO79856,GAM_CON-1001,22031,7,20251102,20251108,20251115,55158,2,27579
SO79856,GAM_CON-1002,22031,7,20251102,20251108,20251115,69594,3,23110
SO79856,ACC_CHG-1011,22031,7,20251102,20251108,20251115,1251,1,1251
SO79857,DIS_MON-1008,22244,5,20251110,20251117,20251127,22007,1,22007
SO79858,MOB_TAB-1012,25038,3,20251104,20251113,20251123,38593,1,38593
SO79859,GAM_CON-1018,24143,3,20251128,20251201,20251208,34368,3,11456
SO79860,COM_RAM-1008,24442,4,20251118,20251125,20251201,8068,2,4034
SO79860,COM_RAM-1003,24442,4,20251118,20251125,20251201,2738,2,1369
SO79861,MOB_SMP-1002,24731,7,20251118,20251122,20251205,18380,1,18380
SO79862,GAM_CON-1011,23695,2,20251116,20251126,20251126,36930,2,18465
SO79863,ACC_PWB-1005,20946,4,20251117,20251122,20251202,2985,3,954
SO79864,GAM_CTR-1010,25976,6,20251106,20251112,20251123,5193,3,1731
SO79865,ACC_CHG-1015,22499,4,20251106,20251109,20251121,955,1,955
SO79865,MOB_SWA-1013,22499,4,20251106,20251109,20251121,25014,2,12507
SO79866,ACC_CHG-1005,25769,4,20251130,20251205,20251217,952,1,0
SO79866,COM_LAP-1007,,4,20251130,20251205,20251217,204724,2,102362
SO79867,GAM_CTR-1003,21748,1,20251121,20251127,20251205,3494,1,3494
SO79868,GAM_ACC-1010,22006,6,20251113,20251116,20251128,4770,3,1590
SO79868,DIS_TVS-1006,22006,6,20251113,20251116,20251128,59583,1,59583
SO79869,ACC_CAB-1011,25085,7,20251101,20251109,20251113,379,1,379
SO79870,ACC_CHG-1016,21996,7,20251122,20251124,20251212,1694,2,847
SO79871, MOB_TAB-1002,24488,6,20251110,20251118,20251130,44658,2,22329
SO79872,MOB_TAB-1013,21649,5,20251110,20251117,20251127,15778,1,15778
SO79873,ACC_CAS-1003,25455,2,20251120,20251125,20251210,1244,2,622
SO79873,COM_DSK-1012,25455,2,20251120,20251125,20251210,170142,3,56714
SO79874,COM_LAP-1001,,5,20251112,20251117,20251201,108306,2,54153
SO79874,COM_GPU-1001,22501,5,20251112,20251117,20251201,41140,1,41140
SO79875,GAM_ACC-1012,25400,2,20251101,20251111,20251115,4174,2,2087
SO79876,COM_MTB-1006,20075,5,20251109,20251115,20251129,,2,2693
SO79877,ACC_CAS-1003,21561,1,20251127,20251201,20251213,620,1,620
SO79878,GAM_CON-1017,25894,6,20251120,20251129,20251205,14620,1,14620
SO79878,ACC_CHG-1012,25894,6,20251120,20251129,20251205,2040,3,680
SO79879,COM_DSK-1013,25065,4,20251130,20251202,20251213,4020,3,1340
SO79879,MOB_SMP-1007,25065,4,20251130,20251202,20251213,22316,2,0
SO79880,ACC_CAB-1013,21681,5,20251118,20251124,20251130,416,1,0
SO79881,DIS_TVS-1006,21072,6,20251117,20251124,20251205,63649,1,63649
SO79881,COM_RAM-1011,21072,6,20251117,20251124,20251205,2012,1,2012
SO79882,COM_DSK-1005,25100,1,20251126,20251129,20251214,41734,1,41734
SO79883,GAM_CON-1007,21887,3,20251118,20251128,20251204,21365,1,21365
SO79884,ACC_PWB-1008,23002,4,20251130,20251202,20251220,2889,1,2889
SO79884,COM_LAP-1005,23002,4,20251130,20251202,20251220,105435,1,105435
SO79884,COM_GPU-1002,23002,4,20251130,20251202,20251220,48313,1,48313
SO79884,GAM_ACC-1019,23002,4,20251130,20251202,20251220,3036,1,3036
SO79885,MOB_SWA-1015,23032,3,20251102,20251105,20251121,28066,2,13914
SO79886,MOB_SWA-1013,25369,3,20251126,20251204,20251215,38151,3,12717
SO79887,ACC_CHG-1015,24220,2,20251127,20251130,20251213,2054,2,1027
SO79888,DIS_MON-1010,23999,5,20251109,20251117,20251123,15550,1,15550
SO79888,COM_DSK-1011,23999,5,20251109,20251117,20251123,17073,1,0
SO79889,COM_RAM-1014,26146,4,20251127,20251130,20251208,2974,1,2974
SO79890,GAM_CTR-1007,22849,1,20251115,20251119,20251201,3748,1,3748
SO79891,MOB_SMP-1002,23033,7,20251115,20251121,20251129,58599,3,19533
SO79892,ACC_CHG-1014,21765,2,20251109,20251114,20251129,401,1,0
SO79892,GAM_CON-1019,21765,2,20251109,20251114,20251129,2424,2,1212
SO79893,COM_STR-1016,20708,2,20251114,20251122,20251124,5682,1,5682
SO79894,DIS_TVS-1012,24874,7,20251117,20251125,20251201,158139,3,52713
SO79894,MOB_TAB-1012,24874,7,20251117,20251125,20251201,35922,1,35922
SO79894,DIS_MON-1011,24874,7,20251117,20251125,20251201,14158,1,14158
SO79895,DIS_MON-1002,23265,1,20251113,20251119,20251203,16460,1,16460
SO79896,GAM_CTR-1005,24568,1,20251128,20251201,20251212,2348,1,2348
SO79897,GAM_CON-1005,23430,2,20251125,20251202,20251211,31042,1,31042
SO79898,MOB_TAB-1006,25523,4,20251117,20251127,20251203,8144,1,8144
SO79899,ACC_CAB-1002,26540,5,20251129,20251209,20251210,2354,2,1177
SO79900,COM_DSK-1007,27550,6,20251123,20251128,20251209,44741,1,44741
SO79900,ACC_CAB-1004,27550,6,20251123,20251128,20251209,145,1,145
SO79900,MOB_TAB-1002,27550,6,20251123,20251128,20251209,21554,1,21554
SO79900,GAM_ACC-1004,27550,6,20251123,20251128,20251209,1444,2,722
SO79901,GAM_CTR-1002,21821,2,20251126,20251129,20251213,1786,1,1786
SO79901,ACC_PWB-1012,21821,2,20251126,20251129,20251213,6852,3,2284
SO79902,GAM_ACC-1004,21640,6,20251116,20251118,20251127,2160,3,720
SO79903,MOB_TAB-1009,26655,4,20251127,20251129,20251207,28754,1,28754
SO79904,DIS_TVS-1012,25714,1,20251112,20251115,20251128,157968,3,52656
SO79905,ACC_CAB-1017,20601,2,20251113,20251123,20251129,114,1,114
SO79906, COM_LAP-1010,22687,1,20251103,20251110,20251118,65917,1,65917
SO79907,COM_MTB-1003,25926,1,20251128,20251204,20251212,16042,2,8021
SO79907,MOB_SWA-1008,25926,1,20251128,20251204,20251212,41508,3,13836
SO79907,COM_LAP-1007,25926,1,20251128,20251204,20251212,96785,1,96785
SO79908,MOB_SWA-1008,24947,2,20251124,20251126,20251213,13274,1,13274
SO79909,COM_DSK-1017,24373,3,20251123,20251127,20251206,71492,1,-71492
SO79909,MOB_SWA-1007,24373,3,20251123,20251127,20251206,19920,3,6640
SO79910,MOB_SWA-1005,22749,1,20251105,20251110,20251116,25184,2,12592
SO79910,ACC_CHG-1014,22749,1,20251105,20251110,20251116,798,2,399
SO79911,COM_GPU-1012,22259,4,20251107,20251111,20251117,30898,1,30898
SO79911,GAM_ACC-1003,22259,4,20251107,20251111,20251117,3213,1,3213
SO79911,COM_RAM-1013,22259,4,20251107,20251111,20251117,1706,1,1706
SO79912,ACC_CAB-1003,22645,3,20251114,20251120,20251201,890,2,445
SO79913,DIS_TVS-1007,21511,2,20251129,20251201,20251209,19568,1,19568
SO79913,COM_DSK-1020,21511,2,20251129,20251201,20251209,22384,1,22384
SO79914,DIS_MON-1006,23689,2,20251129,20251206,20251219,42888,2,21444
SO79915,MOB_SMP-1006,23790,3,20251109,20251117,20251125,2474,2,1237
SO79916,GAM_ACC-1003,26007,4,20251119,20251128,20251204,6332,2,3166
SO79917,DIS_TVS-1013,21391,2,20251101,20251105,20251121,78650,2,39325
SO79918,GAM_CTR-1008,24864,2,20251116,20251119,20251204,2658,1,2658
SO79918,GAM_CTR-1008,24864,2,20251116,20251119,20251204,8559,3,2853
SO79919,COM_DSK-1009,20419,2,20251121,20251201,20251206,2378,2,1189
SO79919,DIS_MON-1008,20419,2,20251121,20251201,20251206,23451,1,23837
SO79920,ACC_PWB-1013,21386,1,20251124,20251129,20251207,1716,3,572
SO79920,ACC_CHG-1008,21386,1,20251124,20251129,20251207,2934,3,978
SO79921,ACC_CAS-1001,20146,7,20251101,20251110,20251114,202,1,202
SO79921,DIS_TVS-1005,20146,7,20251101,20251110,20251114,42818,1,42818
SO79922,COM_DSK-1015,22534,6,20251101,20251110,20251120,77590,2,38795
SO79923,GAM_ACC-1018,26806,1,20251108,20251115,20251124,4605,3,1535
SO79924,ACC_CHG-1016,23725,5,20251128,20251208,20251214,1476,2,738
SO79925,COM_GPU-1008,23684,2,20251119,20251129,20251202,84242,2,42121
SO79925,ACC_CHG-1002,23684,2,20251119,20251129,20251202,518,1,518
SO79926,COM_DSK-1017,23358,2,20251101,20251111,20251115,75929,1,75929
SO79927,GAM_CON-1002,26434,4,20251105,20251108,20251124,22876,1,22876
SO79928,ACC_CHG-1012,24926,1,20251124,20251201,20251212,2217,3,739
SO79929,ACC_PWB-1001,22876,3,20251117,20251122,20251201,3034,2,1517
SO79929,ACC_PWB-1006,22876,3,20251117,20251122,20251201,3556,2,1778
SO79929,ACC_CHG-1002,22876,3,20251117,20251122,20251201,1050,2,525
SO79930,GAM_ACC-1015,20201,3,20251113,20251120,20251126,8012,2,4006
SO79931,MOB_SWA-1011,27746,7,20251120,20251129,20251210,7478,2,3739
SO79932,GAM_ACC-1012,26273,6,20251104,20251109,20251120,4312,2,2156
SO79933,GAM_ACC-1019,24579,4,20251129,20251206,20251210,2984,1,2984
SO79934,COM_DSK-1011,25924,5,20251125,20251202,20251211,16565,1,16565
SO79935,ACC_CHG-1012,22446,1,20251117,20251123,20251202,2106,3,702
SO79936,COM_RAM-1001,26977,5,20251107,20251113,20251118,3907,1,3907
SO79936,DIS_MON-1001,26977,5,20251107,20251113,20251118,14056,1,14056
SO79937,GAM_ACC-1013,27313,5,20251101,20251105,20251114,1665,1,1665
SO79938,GAM_ACC-1008,21679,4,20251104,20251113,20251115,2994,1,2994
SO79939,ACC_CAS-1007,24463,2,20251107,20251112,20251120,283,1,283
SO79939,GAM_CTR-1013,24463,2,20251107,20251112,20251120,1183,1,1183
SO79939,COM_STR-1016,24463,2,20251107,20251112,20251120,6228,1,6228
SO79940,COM_GPU-1005,25101,7,20251124,20251128,20251212,29840,1,29840
SO79940,DIS_MON-1014,25101,7,20251124,20251128,20251212,14052,2,7026
SO79940,MOB_SMP-1007,25101,7,20251124,20251128,20251212,10657,1,10657
SO79941,ACC_CHG-1017,20923,7,20251108,20251116,20251127,1450,1,1450
SO79942,COM_DSK-1008,22444,5,20251126,20251130,20251216,129964,2,65087
SO79942,ACC_PWB-1015,22444,5,20251126,20251130,20251216,2685,1,2685
SO79943,GAM_ACC-1011,27081,3,20251108,20251116,20251127,3280,2,1640
SO79944,MOB_SMP-1012,25082,1,20251106,0,20251126,1171,1,1171
SO79945,ACC_PWB-1007,22547,5,20251122,20251127,20251207,2568,1,2568
SO79946,GAM_CON-1007,20732,4,20251108,20251111,20251125,41144,2,20572
SO79946,GAM_ACC-1018,20732,4,20251108,20251111,20251125,1392,1,1392
SO79947,ACC_CAB-1009,26914,1,20251116,20251123,20251201,195,1,195
SO79947,ACC_CAB-1005,26914,1,20251116,20251123,20251201,252,1,252
SO79948,GAM_ACC-1010,24898,7,20251128,20251208,20251214,3572,2,1786
SO79948,COM_MTB-1007,24898,7,20251128,20251208,20251214,3299,1,3299
SO79949,GAM_ACC-1017,25500,5,20251126,20251201,20251216,10350,3,3450
SO79950,GAM_CON-1010,27498,7,20251104,20251107,20251119,89676,3,29892
SO79950,COM_DSK-1014,27498,7,20251104,20251107,20251119,69444,1,69444
SO79950,ACC_CAB-1003,27498,7,20251104,20251107,20251119,,2,453
SO79950,MOB_TAB-1004,27498,7,20251104,20251107,20251119,24220,2,12110
SO79951,ACC_CAS-1008,22914,5,20251114,20251123,20251130,372,1,372
SO79952,MOB_SWA-1003,21027,5,20251101,20251108,20251112,7194,3,2398
SO79952,MOB_TAB-1013,21027,5,20251101,20251108,20251112,15683,1,15683
SO79953,GAM_CON-1009,26693,2,20251117,20251124,20251128,20471,1,20471
SO79954,MOB_SMP-1012,20155,1,20251119,20251129,20251201,1195,1,1195
SO79955,COM_DSK-1019,27360,2,20251106,20251116,20251117,183326,2,91663
SO79956,COM_LAP-1003,21256,6,20251120,20251124,20251207,102072,3,34024
SO79957,GAM_CTR-1018,22109,5,20251102,20251105,20251117,4693,1,4693
SO79958, MOB_SWA-1005,24721,1,20251125,20251130,20251206,40005,3,13335
SO79958,GAM_CON-1013,24721,1,20251125,20251130,20251206,79980,3,26660
SO79958,COM_DSK-1009,24721,1,20251125,20251130,20251206,1211,1,1211
SO79959,MOB_TAB-1002,23876,3,20251125,20251202,20251209,21073,1,21073
SO79960,ACC_CAB-1001,26013,4,20251104,20251110,20251118,234,1,234
SO79961,MOB_TAB-1003,23690,7,20251122,20251126,20251211,59802,3,19934
SO79961,DIS_MON-1003,23690,7,20251122,20251126,20251211,13128,1,13128
SO79962,GAM_ACC-1002,26900,1,20251101,20251108,20251120,1316,1,1316
SO79963,COM_DSK-1014,22844,2,20251114,20251124,20251130,67918,1,67918
SO79964,COM_LAP-1013,27446,2,20251110,20251113,20251128,85462,2,42731
SO79965,MOB_SMP-1004,22930,3,20251107,20251111,20251123,18016,1,18016
SO79965,ACC_CAS-1010,22930,3,20251107,20251111,20251123,1086,3,362
SO79965,MOB_SMP-1002,22930,3,0,20251111,20251123,34566,2,17283
SO79966,COM_DSK-1019,25979,1,20251104,20251109,20251118,80449,1,80449
SO79966,ACC_CAB-1008,25979,1,20251104,20251109,20251118,297,1,297
SO79967,GAM_CTR-1002,26411,2,20251114,20251116,20251130,3685,2,1853
SO79968,ACC_CHG-1003,24441,3,20251101,20251110,20251117,668,2,334
SO79968,COM_MTB-1004,24441,3,20251101,20251110,20251117,13443,1,13443
SO79969,COM_LAP-1011,22500,5,20251129,20251207,20251215,98034,2,49017
SO79969,DIS_MON-1004,22500,5,0,20251207,20251215,5497,1,5497
SO79970,GAM_CTR-1002,26058,2,20251106,20251116,20251119,3730,2,1865
SO79971,ACC_PWB-1003,20036,2,20251120,20251122,20251205,4758,2,2379
SO79972,COM_DSK-1012,27399,6,20251113,20251116,20251124,63220,1,63220
SO79973,ACC_PWB-1001,22723,1,20251119,20251124,20251208,3434,2,1717
SO79974,COM_STR-1014,20164,4,20251127,20251207,20251207,19204,2,9602
SO79974,DIS_TVS-1013,20164,4,20251127,20251207,20251207,34880,1,34880
SO79974,GAM_CON-1001,20164,4,20251127,20251207,20251207,82461,3,27487
SO79975,ACC_CAS-1004,26713,1,20251116,20251119,20251203,1182,1,1182
SO79975,DIS_MON-1014,26713,1,20251116,20251119,20251203,20580,3,6860
SO79975,COM_LAP-1008,26713,1,20251116,20251119,20251203,73652,2,36826
SO79975,MOB_SWA-1013,26713,1,20251116,20251119,20251203,23814,2,11907
SO79975,ACC_CAS-1008,26713,1,20251116,20251119,20251203,338,1,338
SO79976,GAM_ACC-1001,26723,5,20251107,20251117,20251117,,1,1746
SO79976,GAM_CON-1017,26723,5,20251107,20251117,20251117,44976,3,14992
SO79976,MOB_TAB-1002,26723,5,20251107,20251117,20251117,43778,2,21889
SO79977,ACC_CHG-1002,20706,1,20251114,20251117,20251124,526,1,526
SO79977,MOB_TAB-1004,20706,1,20251114,20251117,20251124,22970,2,11485
SO79978,COM_DSK-1017,26057,2,20251123,20251125,20251205,71383,1,71383
SO79978,ACC_PWB-1004,26057,2,20251123,20251125,20251205,2713,1,2713
SO79979,COM_LAP-1012,25035,5,0,20251202,20251217,71399,1,71399
SO79980,GAM_CON-1013,23744,1,20251112,20251120,20251202,85758,3,28586
SO79981,COM_RAM-1005,26797,6,20251118,20251127,20251208,12729,3,4243
SO79981,DIS_MON-1014,26797,6,20251118,20251127,20251208,6370,1,0
SO79982,ACC_PWB-1002,20346,5,20251108,20251117,20251128,661,1,661
SO79983,DIS_MON-1008,26108,2,20251125,20251203,20251207,45202,2,22601
SO79984,ACC_CHG-1003,26403,2,20251110,20251117,20251124,327,1,327
SO79985,ACC_CHG-1017,20789,6,20251125,20251130,20251210,3044,2,1522
SO79986,MOB_SMP-1006,21009,2,20251108,20251112,20251118,2451,2,1252
SO79986,DIS_MON-1010,21009,2,20251108,20251112,20251118,14811,1,14811
SO79986,GAM_ACC-1019,21009,2,20251108,20251112,20251118,9699,3,3233
SO79986,MOB_TAB-1005,21009,2,20251108,20251112,20251118,15622,1,0
SO79987,COM_DSK-1010,21520,3,20251101,20251106,20251112,2430,2,1215
SO79988,ACC_CHG-1001,24182,5,20251121,20251123,20251204,1150,2,575
SO79988,ACC_CAS-1001,24182,5,20251121,20251123,20251204,211,1,211
SO79989,GAM_CON-1001,21166,1,20251122,20251125,20251211,29152,1,29152
SO79990,GAM_ACC-1012,26193,3,20251101,20251105,20251112,7254,3,2418
SO79991,MOB_SWA-1008,20131,3,20251118,20251123,20251208,44787,3,14929
SO79991,GAM_CTR-1005,20131,3,20251118,20251123,20251208,4120,2,2060
SO79991,MOB_SMP-1006,20131,3,20251118,20251123,20251208,2462,2,1231
SO79992,DIS_TVS-1003,23557,4,20251125,20251129,20251208,14741,1,14741
SO79992,GAM_ACC-1004,23557,4,20251125,20251129,20251208,635,1,635
SO79993,COM_RAM-1011,24467,7,20251114,20251124,20251204,4204,2,2102
SO79994,ACC_CAS-1005,21875,4,20251115,20251120,20251205,884,2,0
SO79994,GAM_CTR-1001,21875,4,20251115,20251120,20251205,3584,1,3584
SO79995,MOB_SWA-1019,20960,2,20251104,20251107,20251115,22814,2,11407
SO79995,COM_DSK-1012,20960,2,20251104,20251107,20251115,61039,1,61039
SO79996,ACC_CHG-1015,20882,7,20251123,20251202,20251210,1084,1,1084
SO79997,MOB_SMP-1012,22675,7,20251124,20251127,20251210,2614,2,1307
SO79998,COM_DSK-1002,24785,5,20251126,20251129,20251211,46590,1,46590
SO79999,COM_RAM-1015,26549,2,20251113,0,20251123,3043,1,3043
SO79999,COM_STR-1016,26549,2,20251113,20251121,20251123,11110,2,-5555
SO80000, ACC_CAB-1019,24067,2,20251110,20251119,20251125,-313,1,156
SO80001,MOB_SMP-1001,25283,1,20251110,20251114,20251120,96716,2,48358
SO80001,COM_DSK-1002,25283,1,20251110,20251114,20251120,44366,1,44366
SO80002,COM_LAP-1013,25850,6,20251129,0,20251218,43115,1,43115
SO80002,MOB_SMP-1005,25850,6,20251129,20251209,20251218,53661,1,53661
SO80003,COM_RAM-1009,24504,7,20251128,20251208,20251211,3152,1,3152
SO80003,GAM_CTR-1007,24504,7,20251128,20251208,20251211,7584,2,3792
SO80003,COM_RAM-1006,24504,7,20251128,20251208,20251211,3786,2,1893
SO80004,DIS_TVS-1012,23054,3,20251120,20251129,20251203,54465,1,54465
SO80005,ACC_CHG-1006,23619,5,20251126,20251201,20251212,1678,2,839
SO80006,GAM_CTR-1015,24751,7,20251101,20251110,20251115,4637,1,4637
SO80007,COM_STR-1018,25501,3,20251111,20251116,20251121,14058,2,7029
SO80008,ACC_CAS-1009,23869,2,20251101,20251107,20251116,675,1,675
SO80008,COM_MTB-1006,23869,2,20251101,20251107,20251116,5440,2,2720
SO80008,COM_LAP-1011,23869,2,20251101,20251107,20251116,153864,3,51288
SO80008,ACC_CAS-1003,23869,2,20251101,20251107,20251116,600,1,600
SO80009,COM_LAP-1011,27700,6,20251109,20251114,20251120,48817,1,49128
SO80009,MOB_SWA-1005,27700,6,20251109,20251114,20251120,27944,2,13972
SO80010,MOB_TAB-1013,27613,1,20251122,20251125,20251208,16964,1,16964
SO80011,COM_DSK-1017,20172,6,20251110,20251115,20251121,134504,2,67252
SO80012,ACC_CAB-1012,25202,3,20251115,20251121,20251203,1041,3,347
SO80013,COM_RAM-1001,21393,4,20251125,20251202,20251210,12327,3,4109
SO80014,ACC_CAB-1017,22874,2,20251104,20251109,20251118,115,1,115
SO80015,DIS_TVS-1010,21271,5,20251129,20251204,20251215,38389,1,38389
SO80015,GAM_CON-1018,21271,5,20251129,20251204,20251215,26168,2,13084
SO80016,ACC_CHG-1012,20019,2,20251124,20251203,20251213,734,1,734
SO80016,ACC_PWB-1008,20019,2,20251124,20251203,20251213,2808,1,2808
SO80017,COM_GPU-1006,22781,3,20251104,20251109,20251120,142158,2,71079
SO80018,GAM_CON-1013,21083,4,20251106,20251109,20251117,57254,2,28627
SO80019,COM_STR-1018,24683,3,20251120,20251126,20251205,7312,1,7312
SO80020,MOB_SMP-1003,23063,6,20251120,20251130,20251130,46268,2,23134
SO80020,GAM_ACC-1015,23063,6,20251120,20251130,20251130,4095,1,4095
SO80021,COM_RAM-1007,22594,7,20251119,20251123,20251130,6408,2,3204
SO80022,MOB_SWA-1004,21551,7,20251108,20251114,20251128,13990,1,13990
SO80023,DIS_MON-1005,27092,1,20251113,20251117,20251123,40178,2,20089
SO80024,GAM_CON-1003,23664,1,20251120,20251128,20251210,3687,3,1229
SO80024,ACC_CHG-1017,23664,1,20251120,20251128,20251210,1396,1,1396
SO80025,MOB_SWA-1002,26514,1,20251128,20251208,20251216,23558,2,11779
SO80026,ACC_CHG-1007,26804,1,20251123,20251127,20251207,2336,2,1168
SO80027,MOB_TAB-1009,27153,2,20251123,20251129,20251212,29474,1,29474
SO80027,ACC_PWB-1001,27153,2,20251123,20251129,20251212,1746,1,1746
SO80028,COM_RAM-1006,26164,2,20251117,20251123,20251205,1854,1,1854
SO80028,MOB_SWA-1002,26164,2,20251117,0,20251205,11581,1,11581
SO80028,MOB_SMP-1007,26164,2,20251117,20251123,20251205,11581,1,11581
SO80029,GAM_ACC-1006,20119,2,20251130,20251203,20251217,6354,2,3177
SO80030,DIS_MON-1004,23315,1,20251129,20251202,20251211,12186,2,6093
SO80031,MOB_TAB-1002,27472,5,20251112,20251122,20251127,41704,2,20852
SO80032,ACC_PWB-1013,24389,6,20251107,20251113,20251122,604,1,604
SO80033,COM_GPU-1006,24379,5,20251113,20251120,20251123,67146,1,67146
SO80034,MOB_TAB-1008,20994,1,20251124,20251128,20251206,40802,2,20401
SO80035,MOB_SWA-1003,27677,5,20251121,20251128,20251210,7158,3,2386
SO80035,MOB_SWA-1015,27677,5,20251121,20251128,20251210,27284,2,13642
SO80036,COM_DSK-1013,20385,2,20251122,20251127,20251210,2334,2,1167
SO80037,MOB_SWA-1007,27005,7,20251103,20251106,20251117,21129,3,7043
SO80038,COM_LAP-1006,21184,2,20251129,20251206,20251218,82100,1,82100
SO80039,COM_RAM-1016,25250,1,20251108,20251111,20251125,1640,2,820
SO80040,ACC_CAS-1013,25863,4,20251104,20251112,20251121,408,1,408
SO80041,COM_STR-1008,23566,1,20251110,20251119,20251121,4330,1,4330
SO80041,GAM_ACC-1007,23566,1,20251110,20251119,20251121,3780,1,3780
SO80042,COM_MTB-1001,25146,6,20251108,20251116,20251122,23088,3,7696
SO80043,ACC_CAB-1007,24328,6,20251111,20251113,20251124,375,1,375
SO80043,COM_DSK-1003,24328,6,20251111,20251113,20251124,149562,2,74781
SO80044,DIS_TVS-1013,24551,1,20251104,20251109,20251117,34697,1,34697
SO80044,ACC_CAS-1006,24551,1,20251104,20251109,20251117,291,3,184
SO80045,COM_STR-1003,21934,2,20251128,20251130,20251214,7969,1,7969
SO80046,ACC_CHG-1004,26080,6,20251129,20251209,20251210,826,1,826
SO80046,GAM_CON-1016,26080,6,20251129,20251209,20251210,32652,3,10884
SO80046,MOB_TAB-1012,26080,6,20251129,20251209,20251210,36923,1,36923
SO80046,ACC_CAS-1010,26080,6,20251129,20251209,20251210,379,1,379
SO80047,ACC_CAS-1010,26052,7,20251117,20251121,20251130,758,2,379
SO80048,GAM_CON-1011,20636,3,20251122,20251130,20251206,40704,2,20352
SO80048,COM_DSK-1013,20636,3,20251122,20251130,20251206,1154,1,1154
SO80049,DIS_TVS-1001,27722,1,20251129,20251201,20251212,33486,3,11162
SO80049,DIS_TVS-1009,27722,1,20251129,20251201,20251212,14658,1,14658
SO80049,MOB_SMP-1004,27722,1,20251129,20251201,20251212,36756,2,18378
SO80049,GAM_CON-1008,27722,1,20251129,20251201,20251212,19658,1,0
SO80050,COM_LAP-1005,25525,3,20251125,20251130,20251211,102480,1,102159
SO80051,COM_DSK-1018,27690,2,20251128,20251130,20251211,97068,3,32356
SO80051,COM_GPU-1005,27690,2,20251128,20251130,20251211,58810,2,29405
SO80051,COM_MTB-1005,27690,2,20251128,20251130,20251211,7332,3,2444
SO80051,MOB_TAB-1010,27690,2,20251128,20251130,20251211,45822,3,15274
SO80051,GAM_ACC-1013,27690,2,20251128,20251130,20251211,5319,3,1773
SO80051,MOB_TAB-1013,27690,2,20251128,20251130,20251211,47298,3,15766
SO80051,COM_LAP-1004,27690,2,20251128,20251130,20251211,62749,1,62749
SO80052,GAM_ACC-1002,27481,3,20251110,20251112,20251122,1174,1,1174
SO80053,ACC_PWB-1005,21921,4,20251111,0,20251201,840,1,840
SO80054,ACC_CAB-1008,24377,6,20251124,20251203,20251213,568,2,284
SO80055,COM_GPU-1003,25310,3,20251129,20251209,20251214,1231,1,1231
SO80055,COM_DSK-1013,25310,3,20251129,20251209,20251214,1187,1,1187
SO80056,DIS_TVS-1009,20454,2,20251125,20251203,20251214,16400,1,16089
SO80057,GAM_ACC-1009,20115,7,20251104,20251110,20251118,7152,3,2384
SO80058,GAM_CON-1001,27427,4,20251127,20251130,20251212,29132,1,29132
SO80059,ACC_CAB-1008,21786,3,20251105,20251112,20251121,275,1,275
SO80060,COM_STR-1006,24945,3,20251128,20251130,20251217,4943,1,4943
SO80060,MOB_SWA-1005,24945,3,20251128,20251130,20251217,24604,2,12302
SO80061,GAM_ACC-1010,25364,4,20251101,20251104,20251113,3380,2,1690
SO80062,ACC_CHG-1003,24085,2,20251118,20251125,20251129,638,2,319
