sls_ord_num,sls_prd_key,sls_cust_id,sls_store_id,sls_order_dt,sls_ship_dt,sls_due_dt,sls_sales,sls_quantity,sls_price
SO80063,ACC_CAS-1009,21275,1,20251209,20251219,20251229,661,1,661
SO80064,DIS_MON-1011,26909,1,20251231,20260104,20260120,30848,2,15424
SO80064,COM_DSK-1004,26909,1,20251231,20260104,20260120,25533,1,25533
SO80065,ACC_CAB-1019,22795,1,20251201,20251211,20251220,157,1,157
SO80066,DIS_MON-1007,23059,1,20251212,20251215,20251225,23600,2,11800
SO80066,COM_RAM-1012,23059,1,20251212,20251215,20251225,4592,1,4592
SO80067,DIS_TVS-1001,27385,3,20251210,20251220,20251224,11387,1,11387
SO80067,ACC_CAB-1019,27385,3,20251210,20251220,20251224,78,1,148
SO80067,COM_STR-1004,27385,3,20251210,20251220,20251224,8216,2,4038
SO80068,ACC_PWB-1009,24625,1,20251227,20251231,20260114,646,1,646
SO80068,GAM_CON-1003,24625,1,20251227,20251231,20260114,1286,1,1286
SO80069,MOB_SWA-1015,21319,6,20251216,20251219,20260101,14153,1,14153
SO80070,COM_LAP-1011,26158,5,20251202,20251210,20251220,106072,2,53036
SO80071,COM_GPU-1009,20155,2,20251221,20251229,20260102,15098,1,15098
SO80072,DIS_MON-1015,25102,1,20251223,20251229,20260103,1163,1,1163
SO80072,DIS_TVS-1008,25102,1,20251223,20251229,20260103,138520,2,69260
SO80072,COM_DSK-1019,25102,1,20251223,20251229,20260103,185382,2,92691
SO80072, COM_GPU-1001,25102,1,20251223,20251229,20260103,74272,2,37136
SO80072,ACC_CAB-1007,25102,1,20251223,20251229,20260103,686,2,343
SO80073,ACC_CAB-1008,22302,2,20251224,20251226,20260108,272,1,272
SO80073,ACC_CAB-1019,22302,2,20251224,20251226,20260108,138,1,138
SO80073,MOB_TAB-1009,22302,2,20251224,20251226,20260108,29901,1,29901
SO80073,GAM_CON-1003,22302,2,20251224,20251226,20260108,2682,2,1341
SO80073,COM_DSK-1005,22302,2,20251224,20251226,20260108,111657,3,37219
SO80073,ACC_PWB-1016,22302,2,20251224,20251226,20260108,3588,2,1794
SO80074,DIS_MON-1012,20803,5,20251223,20251225,20260107,9336,2,4668
SO80075,MOB_SMP-1010,23231,3,20251212,20251215,20251226,4336,1,4336
SO80076,DIS_MON-1001,22720,5,20251225,20260101,20260112,13030,1,13030
SO80077, GAM_CTR-1001,25684,2,20251228,20260101,20260107,3395,1,3395
SO80077,ACC_PWB-1014,25684,2,20251228,20260101,20260107,1207,1,1207
SO80077,ACC_PWB-1008,25684,2,20251228,20260101,20260107,3082,1,3082
SO80078,COM_DSK-1015,21876,2,20251225,20251228,20260113,37821,1,37821
SO80079,COM_LAP-1005,20772,4,20251225,20251229,20260105,195762,2,97881
SO80080, ACC_CAS-1003,25549,6,20251231,20260110,20260114,667,1,667
SO80080,GAM_CTR-1012,25549,6,20251231,20260110,20260114,4522,2,2261
SO80080,MOB_SMP-1006,25549,6,20251231,20260110,20260114,1338,1,1338
SO80080,MOB_TAB-1010,25549,6,20251231,20260110,20260114,47118,3,15706
SO80080,DIS_MON-1008,25549,6,20251231,20260110,20260114,22497,1,22497
SO80081,MOB_SMP-1009,25067,5,20251212,20251218,20251225,49017,1,49017
SO80082,ACC_CAB-1006,23017,3,20251201,20251205,20251215,281,1,281
SO80083,GAM_CON-1003,26181,5,20251206,20251213,20251226,1174,1,1174
SO80084,GAM_CTR-1008,26578,2,20251221,20251229,20260110,2995,1,2995
SO80085,GAM_CTR-1005,25493,7,20251212,20251222,20251225,2306,1,2306
SO80086,ACC_CHG-1001,26065,7,20251222,20251224,20260110,570,1,570
SO80087,ACC_PWB-1005,21246,2,0,20251213,20251228,1874,2,937
SO80087,GAM_CTR-1015,21246,2,20251210,20251213,20251228,4241,1,4241
SO80087,ACC_CHG-1011,21246,2,20251210,20251213,20251228,3657,3,1219
SO80088,COM_MTB-1001,24640,1,20251216,20251222,20260102,16248,2,8124
SO80088,ACC_CAB-1019,24640,1,20251216,20251222,20260102,284,2,142
SO80088,GAM_CON-1019,24640,1,20251216,20251222,20260102,1286,1,1286
SO80089,COM_MTB-1003,23503,3,20251205,20251210,20251219,24204,3,8068
SO80089,COM_STR-1006,23503,3,20251205,20251210,20251219,11244,2,5622
SO80090,COM_STR-1017,21239,7,20251206,20251213,20251225,18698,2,-9349
SO80090, COM_RAM-1006,21239,7,20251206,20251213,20251225,3730,2,1865
SO80090, MOB_SMP-1011,21239,7,20251206,20251213,20251225,51224,2,25438
SO80091,GAM_CON-1015,20014,1,20251224,20260102,20260104,28807,1,28807
SO80091,COM_DSK-1007,20014,1,20251224,20260102,20260104,49568,1,49568
SO80092,COM_MTB-1005,24029,7,20251228,20251231,20260107,5042,2,2521
SO80092,COM_GPU-1011,24029,7,20251228,20251231,20260107,74226,2,37113
SO80093,COM_LAP-1008,20627,7,20251214,20251217,20251226,116985,3,38995
SO80094,GAM_CON-1019,23997,4,20251214,20251216,20251226,1210,1,1210
SO80095,ACC_CHG-1014,26944,4,20251221,20251231,20260103,1257,3,419
SO80096,MOB_SWA-1011,25554,4,20251226,20251228,20260107,4092,1,4092
SO80097,GAM_ACC-1005,20647,1,20251211,20251214,20251223,2386,2,1193
SO80097,COM_DSK-1001,20647,1,20251211,20251214,20251223,15872,1,15872
SO80098,GAM_ACC-1012,27349,4,20251211,20251216,20251222,6240,3,2080
SO80099,COM_LAP-1010,23153,3,20251219,20251226,20260106,192114,3,64038
SO80100,ACC_CAS-1010,21289,2,20251201,20251203,20251217,716,2,358
SO80101,GAM_CON-1016,21608,7,20251229,20260108,20260111,12104,1,0
SO80101,MOB_SWA-1001,21608,7,20251229,20260108,20260111,12172,1,12172
SO80101,MOB_SMP-1012,21608,7,20251229,20260108,20260111,1318,1,1318
SO80102,ACC_CHG-1015,25843,3,20251229,20260108,20260114,,2,1084
SO80102,COM_MTB-1001,25843,3,20251229,20260108,20260114,15550,2,7775
SO80103,COM_DSK-1004,25676,2,20251229,20260105,20260109,27627,1,27627
SO80103,GAM_CON-1019,25676,2,20251229,20260105,20260109,2352,2,1176
SO80104,ACC_CAB-1014,23516,2,20251202,20251209,20251212,320,1,320
SO80105,ACC_CAB-1012,27063,3,20251223,20251227,20260109,606,1,378
SO80106,ACC_CAB-1004,25757,2,20251230,20260106,20260115,159,1,159
SO80107,COM_GPU-1007,21327,1,20251220,20251222,20260101,1225,1,1225
SO80107,GAM_CTR-1013,21327,1,20251220,20251222,20260101,2170,2,1085
SO80108,DIS_MON-1004,21365,5,20251220,20251223,20260106,12028,2,6014
SO80109,MOB_SWA-1006,22962,5,20251211,20251217,20251227,13823,1,13823
SO80109,MOB_SWA-1023,22962,5,20251211,20251217,20251227,25070,2,12535
SO80110,ACC_PWB-1015,27217,2,20251212,20251217,20251222,8563,3,2698
SO80111,MOB_TAB-1013,25844,5,20251223,20251225,20260108,31602,2,15801
SO80112,DIS_MON-1007,22495,6,20251224,20251228,20260110,12050,1,12050
SO80113,ACC_PWB-1016,24827,5,20251219,20251227,20251231,3482,2,-1741
SO80113,GAM_ACC-1002,24827,5,20251219,20251227,20251231,2394,2,1197
SO80114,GAM_ACC-1018,26959,5,20251209,20251218,20251226,,1,1395
SO80115,COM_RAM-1004,22316,7,20251223,0,20260111,4050,1,4050
SO80116,DIS_TVS-1009,20839,6,20251205,20251212,20251220,16037,1,16037
SO80117,GAM_CTR-1012,24784,7,20251219,20251221,20251231,2177,1,2177
SO80117,GAM_ACC-1014,24784,7,20251219,20251221,20251231,687,1,687
SO80118,COM_DSK-1007,21250,7,20251227,20251229,20260116,48634,1,48634
SO80118,DIS_MON-1003,21250,7,20251227,20251229,20260116,12013,1,12013
SO80119,GAM_ACC-1006,24752,2,20251206,20251216,20251221,6170,2,3085
SO80120,COM_DSK-1006,27762,6,20251212,20251221,20260101,105670,2,52835
SO80120,ACC_CHG-1013,27762,6,20251212,20251221,20260101,778,1,0
SO80120,COM_DSK-1002,27762,6,20251212,20251221,20260101,88040,2,44020
SO80121,DIS_TVS-1004,23171,4,20251218,20251224,20251229,176685,3,58895
SO80122,ACC_CHG-1016,27869,5,20251215,20251218,20251230,757,1,757
SO80122,ACC_CAB-1002,27869,5,20251215,20251218,20251230,3855,3,1285
SO80122,GAM_CON-1016,27869,5,20251215,20251218,20251230,22892,2,11446
SO80122,GAM_ACC-1007,27869,5,20251215,20251218,20251230,7394,2,3697
SO80123,MOB_TAB-1005,23382,5,20251211,20251217,20251221,49752,3,16584
SO80123,COM_LAP-1002,23382,5,20251211,20251217,20251221,102594,1,102594
SO80123,GAM_ACC-1009,23382,5,20251211,20251217,20251221,7110,3,2370
SO80124,GAM_CTR-1007,23757,3,20251204,20251212,20251217,4201,1,3850
SO80124,ACC_PWB-1012,23757,3,20251204,20251212,20251217,4492,2,2246
SO80125,COM_LAP-1009,22949,1,20251206,20251212,20251220,56008,2,28004
SO80125,MOB_SMP-1006,22949,1,20251206,20251212,20251220,1155,1,1155
SO80126,MOB_SMP-1011,22910,3,20251210,20251214,20251220,25075,1,25075
SO80127,GAM_ACC-1003,21948,2,20251231,20260108,20260114,2950,1,2950
SO80128,COM_STR-1009,24281,4,20251216,20251221,20251228,5486,1,5486
SO80129,COM_STR-1005,26455,2,20251228,20251231,20260111,5068,1,5068
SO80130,ACC_CAS-1012,24569,2,20251201,20251210,20251213,1192,1,1192
SO80131,GAM_CON-1018,26024,4,20251203,20251212,20251220,39147,3,13049
SO80132,GAM_CON-1004,27444,6,20251229,20260104,20260112,28462,1,28462
SO80133,DIS_TVS-1005,20699,3,20251203,20251208,20251213,88010,2,44005
SO80134,COM_RAM-1012,22547,7,20251225,20260103,20260106,4531,1,4531
SO80135,ACC_CAS-1013,22132,2,20251226,20260102,20260105,814,2,407
SO80136,MOB_SMP-1001,27044,5,20251202,20251205,20251217,47297,1,47297
SO80137,GAM_CTR-1004,23103,7,20251218,20251224,20260101,14424,3,4808
SO80137,GAM_CON-1015,23103,7,20251218,20251224,20260101,25856,1,25856
SO80138,ACC_CAS-1012,21878,2,20251221,20251227,20260107,1316,1,1316
SO80138,COM_DSK-1009,21878,2,20251221,20251227,20260107,3699,3,1233
SO80138,MOB_SWA-1020,21878,2,20251221,20251227,20260107,6532,1,6337
SO80139,GAM_CTR-1009,22311,7,20251216,20251222,20251226,4880,2,2440
SO80139,COM_STR-1016,22311,7,20251216,20251222,20251226,5802,1,5802
SO80140,DIS_TVS-1013,21511,2,20251215,20251224,20251225,78722,2,39361
SO80140,DIS_MON-1012,21511,2,20251215,20251224,20251225,4149,1,4149
SO80140,ACC_CAB-1007,21511,2,20251215,20251224,20251225,337,1,337
SO80140,COM_LAP-1012,21511,2,20251215,20251224,20251225,156646,2,78323
SO80140,MOB_TAB-1014,21511,2,20251215,20251224,20251225,61064,2,30532
SO80141,COM_STR-1002,21560,5,20251223,20251230,20260109,7207,1,7207
SO80142,ACC_CHG-1016,21238,5,20251220,20251227,20260109,2310,3,770
SO80143,ACC_CAB-1004,23121,1,20251217,20251227,20260104,318,2,159
SO80144, ACC_CAS-1007,25149,3,20251231,20260108,20260114,801,3,267
SO80145,COM_LAP-1004,26587,6,20251215,20251225,20251226,65441,1,65441
SO80145,COM_MTB-1004,26587,6,20251215,20251225,20251226,13071,1,13071
SO80146,GAM_CON-1008,23284,7,20251229,20260101,20260112,60390,3,20130
SO80146,COM_MTB-1008,23284,7,20251229,20260101,20260112,10520,1,10664
SO80146,GAM_ACC-1012,23284,7,20251229,20260101,20260112,4370,2,2185
SO80147,DIS_TVS-1012,22719,2,20251226,20260102,20260105,54996,1,54996
SO80147,MOB_TAB-1007,22719,2,20251226,20260102,20260105,15952,2,7976
SO80148,DIS_TVS-1014,22194,5,20251220,20251222,20251230,40340,1,40340
SO80149,DIS_MON-1009,26902,4,20251216,20251226,20260102,13150,1,13150
SO80149,ACC_CAB-1003,26902,4,20251216,20251226,20260102,920,2,460
SO80149,ACC_PWB-1004,26902,4,20251216,20251226,20260102,5582,2,0
SO80149,DIS_TVS-1003,26902,4,20251216,20251226,20260102,15741,1,15741
SO80149,COM_STR-1003,26902,4,20251216,20251226,20260102,7284,1,7284
SO80150,GAM_ACC-1006,20759,6,0,20251208,20251221,3329,1,3329
SO80151,COM_MTB-1002,20914,7,20251229,20260105,20260113,17608,2,8804
SO80152,ACC_CHG-1013,23147,2,20251214,20251224,20251228,739,1,739
SO80153,MOB_SMP-1008,21630,7,20251222,20251228,20260103,33096,2,16548
SO80153,COM_MTB-1008,21630,7,20251222,20251228,20260103,21510,2,10755
SO80154,DIS_TVS-1008,20419,4,20251220,20251224,20260105,64638,1,64638
SO80154,GAM_CON-1006,20419,4,20251220,20251224,20260105,27735,1,27735
SO80154,MOB_TAB-1006,20419,4,20251220,20251224,20260105,25722,3,8574
SO80155,COM_DSK-1008,21142,3,20251224,20260103,20260108,71159,1,71159
SO80156,ACC_CAB-1007,21818,1,20251220,20251225,20251230,342,1,342
SO80157,GAM_CTR-1018,22502,1,20251215,20251218,20251226,9366,2,4683
SO80158,GAM_ACC-1012,20218,5,20251218,20251227,20251231,4570,2,2285
SO80158,ACC_CHG-1010,20218,5,20251218,20251227,20251231,1634,2,817
SO80158,COM_DSK-1015,20218,5,20251218,20251227,20251231,79732,2,39866
SO80158,MOB_TAB-1007,20218,5,20251218,20251227,20251231,14926,2,7463
SO80159,COM_LAP-1004,22405,3,20251225,20251229,20260107,68436,1,68436
SO80159,GAM_ACC-1003,22405,3,20251225,20251229,20260107,5834,2,2917
SO80160,GAM_ACC-1017,20532,4,20251201,20251209,20251215,10488,3,3496
SO80160,ACC_CAB-1010,20532,4,20251201,20251209,20251215,,1,0
SO80160,COM_GPU-1008,20532,4,20251201,20251209,20251215,43369,1,-43369
SO80161,COM_DSK-1006,20319,7,20251204,20251209,20251216,,1,53375
SO80161,ACC_CAS-1015,20319,7,20251204,20251209,20251216,524,2,262
SO80161,MOB_SMP-1012,20319,7,20251204,20251209,20251216,1285,1,1285
SO80162,MOB_SWA-1002,,6,20251218,20251227,20251230,31965,3,10655
SO80163,GAM_CTR-1010,27048,4,20251218,20251222,20260102,1526,1,1526
SO80164,ACC_CAS-1004,23797,3,20251202,20251208,20251215,3531,3,0
SO80165,ACC_PWB-1005,22888,5,20251201,20251209,20251215,1660,2,-830
SO80166,ACC_CAB-1011,21902,4,20251224,20251226,20260103,1176,3,392
SO80167,COM_MTB-1008,20459,4,20251213,20251215,20251226,11327,1,11618
SO80167,MOB_SWA-1008,20459,4,20251213,20251215,20251226,26732,2,13366
SO80167,MOB_SMP-1009,20459,4,20251213,20251215,20251226,97854,2,48927
SO80168,DIS_TVS-1014,20891,4,20251226,20260103,20260110,85274,2,42637
SO80169,ACC_CAB-1020,27715,5,20251229,20260104,20260111,466,1,466
SO80169,ACC_CAB-1006,27715,5,20251229,20260104,20260111,287,1,287
SO80169,GAM_CTR-1012,27715,5,20251229,20260104,20260111,4342,2,2171
SO80169,COM_DSK-1005,27715,5,20251229,20260104,20260111,36902,1,36902
SO80170,GAM_CTR-1004,27298,1,20251224,20260102,20260112,4538,1,4845
SO80171,ACC_CAB-1016,20587,4,20251223,20251230,20260107,121,1,121
SO80171,MOB_SMP-1003,20587,4,20251223,20251230,20260107,46686,2,23343
SO80172,MOB_TAB-1009,20964,4,20251215,20251223,20251229,63110,2,31555
SO80172,GAM_CON-1020,20964,4,0,20251223,20251229,54022,2,27011
SO80172,ACC_CAB-1021,20964,4,0,20251223,20251229,183,3,61
SO80173,ACC_CAS-1010,22795,1,20251229,20260101,20260108,1125,3,375
SO80174,DIS_TVS-1004,26709,2,20251221,20251223,20260104,57281,1,57281
SO80174,COM_RAM-1009,26709,2,20251221,20251223,20260104,6832,2,3416
SO80175,GAM_ACC-1011,21911,4,20251225,20251227,20260105,3352,2,1676
SO80175,MOB_TAB-1002,21911,4,20251225,20251227,20260105,21487,1,21487
SO80176,ACC_CAS-1001,25514,6,20251229,20260103,20260111,400,2,200
SO80176,ACC_CAS-1008,25514,6,20251229,20260103,20260111,1134,3,378
SO80176,DIS_MON-1012,25514,6,20251229,20260103,20260111,4210,1,4210
SO80176,GAM_CTR-1013,25514,6,20251229,0,20260111,2192,2,1096
SO80177,DIS_TVS-1002,25371,1,20251211,20251215,20251229,39794,2,19897
SO80178,ACC_CAB-1006,23738,2,20251224,20251230,20260113,825,3,275
SO80178, GAM_CON-1015,23738,2,20251224,20251230,20260113,53530,2,26765
SO80178,ACC_PWB-1017,23738,2,20251224,20251230,20260113,1074,1,1087
SO80179,ACC_CAB-1018,20115,5,0,20251223,20260104,2574,2,1287
SO80180,COM_RAM-1009,26929,7,20251216,20251219,20251227,3159,1,3159
SO80180,ACC_PWB-1006,26929,7,20251216,20251219,20251227,1754,1,1754
SO80180,ACC_CAS-1007,26929,7,20251216,20251219,20251227,590,2,295
SO80181,ACC_CAS-1001,20218,6,20251206,20251213,20251222,606,3,202
SO80181,ACC_CHG-1004,20218,6,20251206,20251213,20251222,846,1,846
SO80182,COM_GPU-1007,21362,1,20251214,20251224,20251224,2622,2,1311
SO80183,ACC_CAB-1014,25683,1,20251221,20251228,20251231,327,1,327
SO80184,ACC_CAB-1005,24241,3,20251210,20251218,20251226,243,1,243
SO80185,COM_MTB-1007,20490,3,20251221,20251226,20260103,3725,1,3388
SO80186,GAM_CON-1006,22652,1,20251211,20251221,20251231,58012,2,29006
SO80187,DIS_TVS-1003,23640,6,20251214,20251223,20260102,32566,2,16283
SO80188,GAM_CON-1012,22964,6,20251230,20260105,20260117,30418,1,30418
SO80188,DIS_MON-1003,22964,6,20251230,20260105,20260117,36747,3,12249
SO80189,COM_STR-1004,26443,5,20251221,20251230,20260105,7900,2,3950
SO80189,ACC_PWB-1011,26443,5,20251221,20251230,20260105,5430,2,2715
SO80190,COM_RAM-1007,20663,5,20251231,20260106,20260120,3074,1,3074
SO80191,GAM_ACC-1018,21135,3,20251210,20251214,20251224,1389,1,1389
SO80191,DIS_TVS-1001,21135,3,20251210,20251214,20251224,22566,2,11283
SO80192,DIS_MON-1001,20628,6,20251202,20251212,20251216,25114,2,12557
SO80193,DIS_TVS-1006,21625,7,20251216,20251222,20260105,65293,1,65293
SO80193,ACC_CAB-1019,21625,7,20251216,20251222,20260105,284,2,142
SO80193,ACC_CHG-1012,21625,7,20251216,20251222,20260105,1572,2,786
SO80193,GAM_CON-1006,21625,7,20251216,20251222,20260105,25505,1,25505
SO80193, GAM_ACC-1012,21625,7,20251216,20251222,20260105,2193,1,2193
SO80193,COM_STR-1014,21625,7,20251216,20251222,20260105,27156,3,9052
SO80193,COM_MTB-1008,21625,7,20251216,20251222,20260105,32907,3,10969
SO80193,ACC_CHG-1009,21625,7,20251216,20251222,20260105,1662,2,831
SO80194,COM_STR-1005,25925,4,20251203,20251207,20251222,10732,2,-5366
SO80194,MOB_SWA-1009,25925,4,20251203,20251207,20251222,24225,3,-8075
SO80194,COM_DSK-1014,25925,4,20251203,20251207,20251222,64040,1,64040
SO80195,COM_LAP-1006,22838,1,20251208,20251213,20251225,148281,2,74069
SO80195,MOB_SMP-1003,22838,1,20251208,20251213,20251225,22209,1,22209
SO80196,ACC_CAB-1019,27420,1,20251216,20251221,20251228,155,1,155
SO80197,ACC_CHG-1002,23332,4,20251216,20251225,20251227,536,1,536
SO80197,MOB_TAB-1015,23332,4,20251216,20251225,20251227,62846,2,31423
SO80197,MOB_SWA-1004,23332,4,20251216,20251225,20251227,28122,2,14061
SO80198,COM_STR-1015,23124,4,20251210,20251216,20251224,4269,3,1423
SO80199,DIS_TVS-1002,21744,7,20251208,20251210,20251225,20077,1,20077
SO80200,GAM_CON-1003,27833,3,20251204,20251214,20251221,1249,1,1249
SO80200,DIS_MON-1011,27833,3,20251204,20251214,20251221,28004,2,14002
SO80200,ACC_CAB-1014,27833,3,20251204,20251214,20251221,616,2,0
SO80200,GAM_ACC-1020,27833,3,20251204,20251214,20251221,2593,1,2593
SO80201,COM_RAM-1007,23502,6,20251223,20260101,20260103,6640,2,3320
SO80202,GAM_CTR-1011,20943,2,20251213,20251219,20251227,1474,1,1474
SO80203,ACC_CAS-1002,25818,4,20251203,20251207,20251217,478,1,478
SO80203,ACC_CAS-1012,25818,4,20251203,20251207,20251217,2316,2,1158
SO80204,ACC_CAB-1002,20109,5,20251215,20251218,20251225,1209,1,1209
SO80204,COM_DSK-1008,20109,5,20251215,20251218,20251225,142374,2,71187
SO80204,COM_GPU-1009,20109,5,20251215,20251218,20251225,14855,1,14855
SO80204,COM_LAP-1011,20109,5,20251215,20251218,20251225,53931,1,53931
SO80204,COM_DSK-1020,20109,5,20251215,20251218,20251225,20692,1,20692
SO80204,GAM_CTR-1013,20109,5,20251215,20251218,20251225,3237,3,1079
SO80204,COM_DSK-1014,20109,5,20251215,20251218,20251225,125118,2,0
SO80204,DIS_MON-1002,20109,5,20251215,20251218,20251225,30512,2,15256
SO80204,DIS_MON-1009,20109,5,20251215,20251218,20251225,41952,3,13827
SO80204,COM_DSK-1013,20109,5,20251215,20251218,20251225,1152,1,1152
SO80205,MOB_SMP-1005,20210,7,20251204,20251213,20251221,48854,1,48854
SO80205,GAM_CTR-1007,20210,7,20251204,20251213,20251221,3739,1,3739
SO80205,COM_DSK-1014,20210,7,20251204,20251213,20251221,68013,1,68013
SO80206,MOB_TAB-1007,27697,3,20251224,20251228,20260103,24642,3,8363
SO80206,MOB_SWA-1004,27697,3,20251224,20251228,20260103,45720,3,15240
SO80207,ACC_CHG-1015,23090,1,20251207,0,20251221,1950,2,975
SO80208,DIS_TVS-1013,22929,3,20251226,20251229,20260108,77310,2,38655
SO80209,MOB_TAB-1014,21442,1,20251209,20251212,20251222,29868,1,29868
SO80209,MOB_TAB-1008,21442,1,20251209,20251212,20251222,40812,2,20406
SO80210, COM_MTB-1003,23006,3,20251206,20251209,20251221,7657,1,7657
SO80211,ACC_CAS-1008,26729,1,20251223,20251226,20260102,1065,3,355
SO80212,ACC_CHG-1016,26339,2,20251212,20251220,20260101,2397,3,799
SO80212,MOB_TAB-1014,26339,2,20251212,20251220,20260101,,1,32466
SO80212,ACC_PWB-1006,26339,2,20251212,20251220,20260101,3372,2,1686
SO80212,COM_LAP-1001,26339,2,20251212,20251220,20260101,113388,2,56694
SO80212,GAM_ACC-1008,26339,2,20251212,20251220,20260101,6522,2,3033
SO80212,ACC_PWB-1011,26339,2,20251212,20251220,20260101,2642,1,2642
SO80213,ACC_CAS-1006,22344,2,20251209,20251215,20251220,207,1,207
SO80213,COM_MTB-1008,22344,2,20251209,20251215,20251220,11065,1,11065
SO80214,COM_DSK-1020,21112,6,20251220,20251228,20260102,44806,2,22403
SO80215,DIS_MON-1004,25513,5,20251227,20260101,20260107,12328,2,6164
SO80216,COM_STR-1017,26344,7,20251210,20251220,20251220,9352,1,9352
SO80217,MOB_SWA-1016,23930,4,20251211,20251218,20251231,4537,1,4537
SO80217,COM_STR-1007,23930,4,20251211,20251218,20251231,8249,1,8249
SO80218,COM_MTB-1008,25453,5,20251223,20251229,20260102,30225,3,10075
SO80218,ACC_CAS-1012,25453,5,20251223,20251229,20260102,1293,1,1293
SO80218,GAM_ACC-1010,25453,5,20251223,20251229,20260102,1783,1,1783
SO80218,MOB_SWA-1022,25453,5,20251223,20251229,20260102,13369,1,13369
SO80219,MOB_TAB-1014,26205,6,20251208,20251218,20251221,31596,1,31596
SO80220,ACC_PWB-1002,20628,7,20251226,20260101,20260113,1926,3,642
SO80221,ACC_CHG-1015,24273,3,20251227,20260104,20260107,1038,1,1038
SO80221,MOB_TAB-1005,24273,3,20251227,20260104,20260107,16581,1,16581
SO80222,COM_GPU-1009,23753,2,20251201,20251205,20251219,16292,1,16292
SO80222,ACC_CAB-1013,23753,2,20251201,20251205,20251219,396,1,396
SO80223,GAM_CTR-1003,22154,2,20251217,20251219,20260103,3144,1,3144
SO80224,COM_RAM-1014,20624,2,20251213,20251220,20251226,8853,3,2951
SO80225,COM_RAM-1012,26020,3,20251223,20260101,20260105,4155,1,4155
SO80226,COM_LAP-1002,22257,7,20251223,20251227,20260110,101332,1,101332
SO80226,COM_LAP-1007,22257,7,20251223,20251227,20260110,98787,1,98787
SO80227,COM_RAM-1016,20663,7,0,20251221,20251230,960,1,960
SO80227,MOB_TAB-1003,20663,7,0,20251221,20251230,58728,3,19576
SO80228,ACC_CHG-1015,23086,3,20251205,20251212,20251217,1912,2,956
SO80229,COM_GPU-1008,22594,7,20251215,20251218,20251231,86576,2,43288
SO80230, GAM_CON-1019,23915,7,20251228,20251231,20260111,1341,1,-1341
SO80231,COM_GPU-1008,21630,7,20251231,20260108,20260114,41176,1,41176
SO80231,COM_MTB-1004,21630,7,20251231,20260108,20260114,13943,1,13943
SO80232,MOB_SWA-1018,27145,5,20251208,20251211,20251221,22494,2,11247
SO80232,MOB_TAB-1014,27145,5,20251208,20251211,20251221,98298,3,32766
SO80232,GAM_ACC-1012,27145,5,20251208,20251211,20251221,2366,1,2366
SO80233,ACC_CHG-1015,20994,1,20251221,20251226,20251231,2841,3,947
SO80234,GAM_CTR-1001,27750,3,20251214,20251224,20251225,3835,1,3835
SO80235,COM_STR-1017,27684,5,20251220,20251225,20251231,9238,1,9238
SO80236,GAM_CON-1020,27215,2,20251203,20251208,20251213,61974,2,30987
SO80237,COM_GPU-1003,21965,6,20251210,20251216,20251222,1336,1,1336
SO80237,COM_MTB-1003,21965,6,20251210,20251216,20251222,14802,2,7401
SO80237,COM_DSK-1004,21965,6,20251210,20251216,20251222,80460,3,26820
SO80238,ACC_CHG-1006,25749,3,20251220,20251228,20251230,686,1,934
SO80239, GAM_ACC-1018,22250,7,20251227,20251231,20260111,1501,1,1501
SO80240,COM_MTB-1004,20363,1,20251229,20251231,20260116,14044,1,14044
SO80240,COM_GPU-1006,20363,1,20251229,20251231,20260116,143756,2,71878
SO80241,COM_DSK-1018,27838,1,20251213,20251217,20251230,32159,1,32159
SO80242,GAM_ACC-1011,22749,7,20251231,20260107,20260119,1477,1,1477
SO80243,DIS_TVS-1002,26769,1,20251230,20260103,20260118,35520,2,17760
SO80243,MOB_SWA-1012,26769,1,20251230,20260103,20260118,36666,3,12222
SO80244,ACC_CAB-1001,23735,3,20251210,20251214,20251228,484,2,242
SO80245,MOB_TAB-1007,22737,1,20251228,20260101,20260117,24123,3,8041
SO80246,GAM_CTR-1009,23679,2,20251222,20251230,20260110,4916,2,2458
SO80246,COM_STR-1017,23679,2,20251222,20251230,20260110,16802,2,8401
SO80247,GAM_CTR-1009,22353,7,20251229,20260106,20260112,2473,1,2473
SO80247,COM_STR-1004,22353,7,20251229,20260106,20260112,7620,2,3810
SO80247,DIS_TVS-1011,22353,7,20251229,20260106,20260112,52121,1,52121
SO80247,ACC_PWB-1011,22353,7,20251229,20260106,20260112,5692,2,2846
SO80248,COM_DSK-1008,20124,1,20251201,20251203,20251215,136990,2,68495
SO80249,MOB_SMP-1011,23406,3,20251208,0,20251228,48070,2,24035
SO80249,MOB_SMP-1002,23406,3,20251208,20251218,20251228,18645,1,18645
SO80250,COM_LAP-1006,20617,5,20251219,20251227,20251229,155762,2,0
SO80250,COM_GPU-1012,20617,5,20251219,20251227,20251229,30519,1,30519
SO80250,COM_RAM-1013,20617,5,20251219,20251227,20251229,3396,2,1698
SO80250,ACC_CAS-1015,20617,5,20251219,20251227,20251229,538,2,269
SO80250,COM_STR-1002,20617,5,20251219,20251227,20251229,22596,3,7532
SO80250,DIS_MON-1012,20617,5,20251219,20251227,20251229,8398,2,4199
SO80251,ACC_PWB-1018,21067,7,20251217,20251225,20260104,4590,2,2295
SO80251,COM_RAM-1007,21067,7,20251217,20251225,20260104,3106,1,3106
SO80252,COM_RAM-1004,21455,3,20251225,20251228,20260106,4401,1,4401
SO80252,MOB_SWA-1006,21455,3,20251225,20251228,20260106,24102,2,12051
SO80253,GAM_CON-1012,22624,5,20251210,20251219,20251224,61988,2,30994
SO80254,ACC_CHG-1002,23924,2,20251223,0,20260105,1026,2,513
SO80254,GAM_CTR-1009,23924,2,20251223,20251226,20260105,4894,2,2447
SO80255,MOB_TAB-1011,,5,20251203,20251208,20251220,41252,2,20626
SO80255,COM_GPU-1012,20685,5,0,20251208,20251220,62628,2,31314
SO80256,COM_GPU-1006,25620,4,20251213,20251219,20251224,197784,3,65928
SO80257,MOB_SWA-1012,24458,3,20251201,20251204,20251212,,2,13035
SO80258,GAM_CON-1008,27148,4,20251225,20260103,20260113,19692,1,19692
SO80258,DIS_TVS-1006,27148,4,20251225,20260103,20260113,133276,2,66638
SO80258,ACC_PWB-1016,27148,4,20251225,20260103,20260113,1853,1,1853
SO80258,ACC_CAB-1018,27148,4,20251225,20260103,20260113,1322,1,1322
SO80258,COM_DSK-1004,27148,4,20251225,20260103,20260113,59112,2,29556
SO80259,DIS_TVS-1002,20006,7,20251226,20251231,20260115,56838,3,18946
SO80260,COM_STR-1002,23156,3,20251212,20251222,20251227,15710,2,7855
SO80260,DIS_MON-1006,23156,3,20251212,20251222,20251227,22250,1,22250
SO80261,COM_DSK-1020,21952,2,20251209,20251212,20251228,20825,1,20825
SO80262,GAM_CON-1001,20900,7,20251212,20251221,20260101,29318,1,29318
SO80262,DIS_TVS-1005,20900,7,20251212,20251221,20260101,87664,2,43832
SO80262,DIS_TVS-1014,20900,7,20251212,20251221,20260101,39996,1,39996
SO80262,ACC_CAB-1011,20900,7,20251212,20251221,20260101,376,1,376
SO80262,MOB_TAB-1014,20900,7,20251212,20251221,20260101,30137,1,30137
SO80262,ACC_CHG-1012,20900,7,20251212,20251221,20260101,677,1,677
SO80262,MOB_TAB-1009,20900,7,20251212,20251221,20260101,28579,1,28579
SO80262,ACC_CAB-1015,20900,7,20251212,20251221,20260101,448,1,448
SO80263,DIS_MON-1009,24055,4,20251213,20251216,20251230,25458,2,12729
SO80263,GAM_ACC-1015,24055,4,20251213,20251216,20251230,8970,2,4485
SO80263,COM_STR-1001,24055,4,20251213,20251216,20251230,15074,2,7537
SO80264,ACC_CHG-1010,27277,3,20251205,20251215,20251218,1654,2,827
SO80264,ACC_CHG-1007,27277,3,20251205,20251215,20251218,3450,3,1150
SO80264,COM_STR-1010,27277,3,20251205,20251215,20251218,17572,2,8786
SO80264,MOB_SWA-1023,27277,3,20251205,20251215,20251218,11133,1,11133
SO80265,GAM_CON-1020,22253,6,20251202,20251207,20251214,27259,1,27259
SO80266,MOB_TAB-1001,20343,5,20251213,20251223,20260101,23410,2,11705
SO80267,GAM_CTR-1017,22016,1,20251208,20251218,20251223,4503,3,1501
SO80268,DIS_TVS-1007,25342,1,20251219,20251229,20251229,22526,1,22526
SO80269,MOB_SWA-1013,21340,7,20251217,20251226,20260101,24714,2,12357
SO80269,COM_DSK-1013,21340,7,20251217,20251226,20260101,1336,1,1336
SO80270,GAM_ACC-1019,26192,5,20251202,20251211,20251222,2959,1,2959
SO80270,DIS_TVS-1003,26192,5,20251202,20251211,20251222,15343,1,15343
SO80271,COM_GPU-1004,22055,7,20251202,20251208,20251212,101319,3,33773
SO80272,MOB_TAB-1013,22131,3,20251230,20260107,20260112,32644,2,16322
SO80272,ACC_CAB-1004,22131,3,20251230,20260107,20260112,456,3,152
SO80273,ACC_CAB-1012,21334,3,20251210,20251220,20251226,744,2,372
SO80274,DIS_TVS-1009,27767,5,20251222,20260101,20260106,15218,1,15218
SO80275,COM_RAM-1010,23755,1,20251228,20251230,20260114,2654,2,1327
SO80276, ACC_PWB-1012,25426,1,20251203,20251210,20251220,4100,2,2050
SO80277,GAM_CTR-1002,24513,7,20251221,20251227,20260102,1684,1,1684
SO80278,GAM_CTR-1015,26105,5,20251225,20251229,20260107,4749,1,4749
SO80279,GAM_ACC-1019,25646,7,20251226,20251228,20260113,3082,1,3082
SO80279,GAM_CTR-1009,25646,7,20251226,20251228,20260113,2991,1,2658
SO80280,ACC_CAS-1006,27134,1,20251216,20251218,20251227,398,2,199
SO80280,ACC_CHG-1004,27134,1,20251216,20251218,20251227,843,1,843
SO80281,COM_STR-1009,27553,2,20251205,20251213,20251219,11012,2,5506
SO80281,COM_DSK-1017,27553,2,20251205,20251213,20251219,74428,1,74428
SO80281,COM_DSK-1012,27553,2,20251205,20251213,20251219,178157,3,59419
SO80282,COM_RAM-1005,22416,3,20251221,20251226,20260106,4550,1,4550
SO80282,ACC_CHG-1015,22416,3,20251221,20251226,20260106,1075,1,1075
SO80283,MOB_SWA-1004,20964,4,20251216,20251219,20251226,30850,2,15425
SO80283,ACC_CAB-1020,20964,4,20251216,20251219,20251226,520,1,520
SO80283,COM_LAP-1009,20964,4,20251216,20251219,20251226,29332,1,29332
SO80284,GAM_CTR-1014,22183,5,20251210,20251217,20251226,1193,1,1193
SO80285,GAM_CTR-1017,23414,2,20251207,20251212,20251221,1361,1,1361
SO80285,MOB_SWA-1018,23414,2,20251207,20251212,20251221,11671,1,11671
SO80286,ACC_CHG-1003,23729,6,20251214,20251220,20251224,331,1,331
SO80286,GAM_CON-1013,23729,6,20251214,20251220,20251224,51168,2,25584
SO80287,COM_GPU-1001,21556,7,20251214,20251223,20251228,78542,2,39271
SO80287,ACC_PWB-1011,21556,7,20251214,20251223,20251228,2690,1,2690
SO80288,COM_GPU-1010,22839,6,20251210,20251216,20251230,67017,1,67017
SO80289,GAM_ACC-1016,27452,4,20251207,20251213,20251222,3600,2,1800
SO80289,DIS_TVS-1004,27452,4,20251207,20251213,20251222,106824,2,53412
SO80289,COM_DSK-1009,27452,4,20251207,20251213,20251222,1310,1,1310
SO80289,ACC_CAS-1008,27452,4,20251207,20251213,20251222,666,2,333
SO80290,COM_RAM-1002,23128,7,20251215,20251220,20260102,3726,1,4196
SO80291,MOB_TAB-1009,24002,6,20251231,20260109,20260114,27863,1,27863
SO80291,DIS_MON-1013,24002,6,20251231,20260109,20260114,19814,2,9907
SO80291,MOB_SMP-1004,24002,6,20251231,20260109,20260114,33722,2,16861
SO80292,MOB_SWA-1022,20731,5,20251229,20251231,20260113,27518,2,13759
SO80292,DIS_MON-1006,20731,5,20251229,20251231,20260113,20147,1,20147
SO80293,ACC_CAS-1003,22059,2,20251229,20260108,20260109,676,1,676
SO80293,MOB_TAB-1011,22059,2,20251229,20260108,20260109,44508,2,22254
SO80294,COM_LAP-1014,22078,4,0,20251212,20251217,2346,2,1173
SO80295,COM_STR-1001,26921,4,20251208,20251210,20251223,7492,1,7492
SO80296,ACC_CAB-1007,27559,7,20251217,20251223,20251229,359,1,359
SO80297, DIS_MON-1010,26743,4,20251231,20260104,20260112,29642,2,14821
SO80297,COM_DSK-1012,26743,4,20251231,20260104,20260112,61417,1,61417
SO80298,COM_DSK-1005,22681,7,20251212,20251215,20251224,113709,3,37903
SO80298,GAM_ACC-1008,22681,7,20251212,20251215,20251224,9702,3,3234
SO80299,MOB_SWA-1018,24758,4,20251229,20260103,20260112,12034,1,12115
SO80299,COM_STR-1011,24758,4,20251229,20260103,20260112,9401,1,9401
SO80300,ACC_CHG-1008,24933,1,20251215,20251221,20251231,1896,2,948
SO80301,COM_LAP-1007,27544,5,20251210,20251217,20251228,222102,2,111051
SO80301,ACC_CHG-1014,27544,5,20251210,20251217,20251228,432,1,432
SO80302,COM_RAM-1001,26411,3,20251231,20260109,20260119,13050,3,4350
SO80303,GAM_CTR-1005,26582,5,20251202,20251206,20251215,4548,2,2274
SO80304,ACC_CAS-1007,25760,2,20251205,20251213,20251218,560,2,280
SO80304,DIS_TVS-1014,25760,2,20251205,20251213,20251218,42789,1,42789
SO80305,COM_DSK-1019,24396,1,20251218,20251220,20260107,252093,3,84031
SO80306, ACC_CHG-1013,21178,7,20251225,20260102,20260107,766,1,766
SO80307,COM_LAP-1015,25007,7,20251210,20251215,20251224,59904,1,59904
SO80307,GAM_ACC-1008,25007,7,20251210,20251215,20251224,3224,1,3224
SO80308,ACC_CAB-1008,27685,4,20251225,20260101,20260111,588,2,294
SO80308,DIS_TVS-1010,27685,4,20251225,0,20260111,72966,2,36483
SO80309,COM_LAP-1012,23181,4,20251221,20251226,20260108,75699,1,75699
SO80309,COM_STR-1010,23181,4,20251221,20251226,20260108,9553,1,9553
SO80310,DIS_MON-1010,24661,7,20251223,20251230,20260105,15173,1,15173
SO80311,ACC_CHG-1009,27212,5,20251231,20260106,20260115,763,1,763
SO80311,COM_RAM-1002,27212,5,20251231,20260106,20260115,7462,2,3731
SO80312,COM_MTB-1005,23945,5,20251222,0,20260105,2746,1,2746
SO80313,COM_GPU-1007,22389,4,0,20260103,20260111,1177,1,1177
SO80314,COM_LAP-1012,20332,1,20251217,20251225,20251230,146984,2,73492
SO80315,COM_LAP-1009,27520,1,20251230,20260101,20260116,27425,1,27425
SO80316,COM_MTB-1003,23406,7,20251225,20260104,20260108,7926,1,7926
SO80316,ACC_CAB-1009,23406,7,20251225,20260104,20260108,193,1,193
SO80317,MOB_TAB-1011,20649,7,20251214,20251220,20251229,42165,2,0
SO80317,ACC_CHG-1001,20649,7,20251214,20251220,20251229,619,1,0
SO80317,GAM_CON-1019,20649,7,20251214,20251220,20251229,1326,1,1326
SO80318,COM_LAP-1004,22069,3,20251224,20251228,20260107,60946,1,60946
SO80319,COM_STR-1004,23081,3,20251218,20251228,20260104,4133,1,4133
SO80320,MOB_TAB-1014,22371,3,20251220,20251223,20260106,64326,2,32163
SO80320,GAM_CON-1004,22371,3,20251220,20251223,20260106,62886,2,31443
SO80320,COM_MTB-1007,22371,3,20251220,20251223,20260106,3211,1,3211
SO80320,GAM_ACC-1002,22371,3,20251220,20251223,20260106,3549,3,1183
SO80321,ACC_PWB-1009,26375,7,20251228,20260101,20260114,726,1,726
SO80322,DIS_TVS-1010,24909,1,20251230,20260105,20260110,115140,3,38380
SO80322,GAM_ACC-1014,24909,1,20251230,20260105,20260110,1314,2,657
SO80323,DIS_TVS-1010,26197,1,20251228,20260104,20260117,81854,2,40927
SO80324,ACC_CAB-1018,23850,6,20251204,20251206,20251223,2368,2,1184
SO80325,DIS_TVS-1009,26599,6,20251214,20251223,20251225,16326,1,16326
SO80326,ACC_PWB-1001,27550,4,20251216,20251225,20260105,1633,1,1633
SO80327,ACC_CHG-1008,20624,1,20251209,20251219,20251219,971,1,971
SO80327,COM_DSK-1020,20624,1,20251209,20251219,20251219,21600,1,21600
SO80328,ACC_CAS-1007,23909,3,20251229,20260104,20260113,576,2,288
SO80329,COM_GPU-1004,20684,6,20251223,20251225,20260112,64338,2,32169
SO80330,ACC_CAB-1011,24091,6,20251211,20251221,20251224,1104,3,368
SO80331,GAM_CTR-1018,22231,3,20251224,20251231,20260108,14193,3,4731
SO80332,COM_RAM-1011,24109,1,20251205,20251209,20251222,1919,1,1919
SO80332,ACC_PWB-1015,24109,1,20251205,20251209,20251222,5060,2,2530
SO80332,GAM_CON-1017,24109,1,20251205,20251209,20251222,33444,2,-16722
SO80332,DIS_MON-1004,24109,1,20251205,20251209,20251222,11866,2,5933
SO80333,COM_LAP-1004,23953,5,20251215,20251217,20251226,127336,2,63668
SO80334,GAM_CTR-1014,27498,7,20251210,20251219,20251229,2384,2,1192
SO80335,MOB_SWA-1010,22320,5,20251221,20251225,20260102,22520,2,11260
SO80336,COM_GPU-1006,21207,5,20251213,20251216,20251226,70410,1,70410
SO80337,COM_STR-1016,22480,3,20251209,20251219,20251226,6200,1,6200
SO80337,COM_DSK-1013,22480,3,20251209,20251219,20251226,1175,1,1175
SO80338,MOB_SMP-1007,22385,5,20251213,20251220,20251230,,3,10654
SO80338,ACC_CAS-1002,22385,5,20251213,20251220,20251230,503,1,503
SO80339,GAM_CON-1001,27931,3,20251210,20251213,20251225,30448,1,30448
SO80339,ACC_PWB-1009,27931,3,20251210,20251213,20251225,1412,2,706
SO80339,MOB_SMP-1008,27931,3,20251210,20251213,20251225,16651,1,16651
SO80339,COM_STR-1011,27931,3,20251210,20251213,20251225,26859,3,8953
SO80339,DIS_MON-1003,27931,3,20251210,20251213,20251225,12468,1,12468
SO80340,GAM_CON-1004,23247,1,20251221,20251230,20260103,29190,1,29190
SO80341,ACC_CAS-1013,25613,5,20251208,20251212,20251227,794,2,397
SO80341,GAM_ACC-1017,25613,5,20251208,20251212,20251227,3593,1,3593
SO80341,GAM_CON-1003,25613,5,20251208,20251212,20251227,1250,1,1250
SO80342,ACC_PWB-1002,23007,5,20251206,20251213,20251221,648,1,648
SO80342,ACC_CHG-1007,23007,5,20251206,20251213,20251221,1110,1,1110
SO80342,MOB_SMP-1003,23007,5,20251206,0,20251221,43876,2,21938
SO80342,MOB_TAB-1014,23007,5,20251206,20251213,20251221,29110,1,29110
SO80343,GAM_ACC-1011,20780,7,20251206,20251209,20251223,4737,3,1579
SO80343,COM_GPU-1009,20780,7,20251206,20251209,20251223,16683,1,16683
SO80344,MOB_SWA-1019,23619,2,20251212,20251220,20251227,23490,2,11745
SO80345,ACC_CHG-1002,25112,3,20251203,20251211,20251219,580,1,580
SO80345,COM_STR-1019,25112,3,20251203,20251211,20251219,6760,1,6760
SO80346,COM_GPU-1007,23051,4,20251210,20251214,20251230,2916,2,1239
SO80347,ACC_CAS-1007,22601,7,20251215,20251222,20251231,277,1,277
SO80348,COM_DSK-1006,25135,7,20251213,20251223,20251228,103424,2,51712
SO80349,GAM_ACC-1017,22323,4,20251216,20251225,20260103,3618,1,3618
SO80350,GAM_CTR-1012,27082,3,20251214,20251220,20251226,1989,1,0
SO80351,ACC_CHG-1014,22650,3,20251221,20251225,20260109,1287,3,429
SO80352,COM_RAM-1013,24998,3,20251201,20251211,20251215,1708,1,1708
SO80353,GAM_CTR-1014,25699,7,20251214,20251217,20251231,1163,1,1163
SO80354,DIS_MON-1005,26012,7,20251228,20260106,20260115,,2,21072
SO80355,ACC_CAB-1008,20480,2,20251210,20251220,20251220,282,1,282
SO80356,COM_LAP-1011,23720,1,20251216,20251226,20251226,52420,1,52420
SO80357,COM_DSK-1020,,4,20251221,20251229,20260103,19940,1,19940
SO80358,ACC_CHG-1002,26283,5,20251212,20251214,20260101,581,1,581
SO80358,ACC_CAS-1001,26283,5,20251212,20251214,20260101,703,2,198
SO80358,COM_RAM-1006,26283,5,20251212,20251214,20260101,4132,2,2066
SO80358,ACC_CHG-1012,26283,5,20251212,20251214,20260101,1464,2,732
SO80359,ACC_CAS-1005,27116,6,20251202,20251209,20251216,1269,3,423
SO80360,COM_LAP-1015,24459,6,20251230,20260102,20260111,68889,1,68889
SO80361,GAM_ACC-1014,21635,2,20251207,20251212,20251222,672,1,672
SO80362,ACC_CAS-1014,22564,4,20251203,20251213,20251216,1250,2,625
SO80363,COM_GPU-1002,25551,4,20251229,20260104,20260109,92620,2,46310
SO80364,GAM_ACC-1004,23201,1,20251202,20251212,20251215,705,1,705
SO80364,COM_DSK-1020,23201,1,20251202,20251212,20251215,19989,1,19989
SO80364,MOB_SWA-1005,23201,1,20251202,20251212,20251215,42102,3,14034
SO80364,ACC_CAB-1011,23201,1,20251202,20251212,20251215,407,1,407
SO80364,MOB_SWA-1010,23201,1,20251202,20251212,20251215,11042,1,11042
SO80365,GAM_CTR-1015,24484,4,20251206,20251212,20251224,4477,1,4477
SO80366,COM_DSK-1016,26320,4,20251231,20260109,20260117,16002,1,16002
SO80367,GAM_CON-1008,22052,1,20251220,20251223,20260108,36324,2,18162
SO80368,ACC_PWB-1002,26990,4,20251205,20251211,20251218,615,1,615
SO80369,ACC_CHG-1011,27514,4,20251230,20260105,20260112,2578,2,1289
SO80369,MOB_SMP-1010,27514,4,20251230,20260105,20260112,4332,1,4332
SO80369,GAM_ACC-1018,27514,4,20251230,20260105,20260112,2956,2,1478
SO80370,COM_STR-1007,21968,5,20251201,0,20251221,8190,1,8190
SO80371,ACC_CHG-1010,20240,4,20251202,20251207,20251220,1662,2,831
SO80371,COM_STR-1015,20240,4,20251202,20251207,20251220,2894,2,1447
SO80372,MOB_SMP-1009,25358,6,20251226,20251229,20260108,50962,1,50962
SO80373,ACC_PWB-1016,25692,1,20251205,20251213,20251221,5485,3,1992
SO80374,ACC_CAS-1007,26879,2,20251211,20251219,20251227,299,1,299
SO80374,DIS_MON-1015,26879,2,20251211,20251219,20251227,1155,1,1155
SO80375,ACC_CAB-1008,21486,2,20251228,20260102,20260107,837,3,279
SO80376,MOB_SWA-1008,23647,5,20251224,20260102,20260111,29928,2,14964
SO80376,COM_DSK-1016,23647,5,20251224,20260102,20260111,,2,17135
SO80376,MOB_SMP-1003,23647,5,20251224,20260102,20260111,22481,1,22481
SO80376,GAM_CON-1017,23647,5,20251224,20260102,20260111,16099,1,16099
SO80376,ACC_PWB-1004,23647,5,20251224,20260102,20260111,2543,1,2543
SO80376,MOB_TAB-1007,23647,5,20251224,20260102,20260111,8210,1,8210
SO80377,COM_GPU-1010,26110,2,20251223,20251227,20260111,66797,1,66797
SO80378,COM_LAP-1008,27189,6,20251207,20251210,20251225,39518,1,39518
SO80378,MOB_TAB-1010,27189,6,20251207,20251210,20251225,14244,1,14244
SO80379,COM_RAM-1002,,6,20251205,20251211,20251215,3814,1,3814
SO80380,DIS_MON-1001,27724,4,20251205,20251215,20251220,27206,2,13603
SO80381,ACC_CHG-1001,21770,3,20251202,20251211,20251212,576,1,576
SO80382,DIS_MON-1012,27916,7,20251216,20251220,20260103,13056,3,4352
SO80382,COM_STR-1007,27916,7,20251216,20251220,20260103,7560,1,7560
SO80382,MOB_SWA-1014,27916,7,20251216,20251220,20260103,7434,1,7434
SO80383,GAM_CON-1005,27833,5,20251217,20251225,20251230,29281,1,29281
SO80384,MOB_TAB-1011,22317,6,20251213,20251215,20251224,20701,1,20701
SO80385,GAM_CTR-1008,20346,1,20251223,20251225,20260106,2617,1,0
SO80385,COM_STR-1005,20346,1,20251223,20251225,20260106,5266,1,5266
SO80385,ACC_PWB-1015,20346,1,20251223,0,20260106,4760,2,-2380
SO80386,GAM_CTR-1007,25680,4,20251225,20251229,20260104,3583,1,3583
SO80387,COM_RAM-1004,23535,7,20251227,20260104,20260107,4142,1,4142
SO80387,GAM_ACC-1001,23535,7,20251227,20260104,20260107,3564,2,1782
SO80388,ACC_CHG-1006,20791,2,20251210,20251219,20251223,965,1,965
SO80389,COM_RAM-1012,21575,3,20251206,20251214,20251224,4424,1,4424
SO80390,COM_LAP-1014,20690,2,20251201,20251204,20251219,1202,1,1202
SO80390,GAM_CTR-1018,20690,2,20251201,20251204,20251219,5094,1,5094
SO80390,ACC_PWB-1006,20690,2,20251201,20251204,20251219,3708,2,1854
SO80390,COM_DSK-1010,20690,2,20251201,20251204,20251219,3762,3,1254
SO80390,MOB_TAB-1005,20690,2,20251201,20251204,20251219,15892,1,15555
SO80390,COM_STR-1015,20690,2,20251201,20251204,20251219,2982,2,1491
SO80390,MOB_SWA-1001,20690,2,20251201,20251204,20251219,37593,3,12531
SO80391, MOB_SWA-1021,24996,6,20251205,20251212,20251216,21636,2,10818
SO80391,GAM_CON-1016,24996,6,20251205,20251212,20251216,12144,1,11781
SO80392,DIS_TVS-1007,22017,1,20251231,20260102,20260111,41088,2,-20544
SO80393,COM_LAP-1015,21732,3,20251228,20260105,20260114,63516,1,63516
SO80393,MOB_SMP-1007,21732,3,20251228,20260105,20260114,10103,1,10103
SO80394,GAM_ACC-1004,25143,7,20251213,20251221,20251228,650,1,650
SO80395,GAM_ACC-1009,22375,7,20251228,20251231,20260116,4704,2,2352
SO80396,ACC_PWB-1004,24108,5,20251202,20251207,20251222,5298,2,2649
SO80397,COM_LAP-1012,23751,6,20251205,20251215,20251216,80540,1,80540
SO80397,GAM_CON-1021,23751,6,20251205,20251215,20251216,26691,1,26691
SO80397,GAM_CTR-1002,23751,6,20251205,20251215,20251216,5451,3,1817
SO80398,COM_GPU-1009,26512,7,20251211,20251215,20251230,15223,1,15223
SO80398,COM_RAM-1010,26512,7,20251211,20251215,20251230,2616,2,1308
SO80399,MOB_TAB-1002,27034,5,20251231,20260106,20260110,39056,2,19528
SO80399,DIS_MON-1011,27034,5,20251231,20260106,20260110,14664,1,14664
SO80400,GAM_CON-1013,27191,7,20251208,20251218,20251224,55638,2,27819
SO80401,MOB_SWA-1017,21530,1,20251228,20260105,20260113,27372,2,13686
SO80401,ACC_CHG-1013,21530,1,20251228,20260105,20260113,777,1,777
SO80401,MOB_SWA-1018,21530,1,20251228,20260105,20260113,34020,3,11340
SO80401,GAM_ACC-1014,21530,1,20251228,20260105,20260113,630,1,-630
SO80402,MOB_SWA-1017,25391,5,20251215,20251225,20251226,27220,2,13610
SO80402,MOB_SWA-1017,25391,5,20251215,20251225,20251226,27812,2,13906
SO80403,GAM_ACC-1013,22138,5,20251220,20251223,20260107,5784,3,1928
SO80404,MOB_TAB-1003,24682,7,20251221,0,20260110,17601,1,17601
SO80405,COM_RAM-1009,24585,6,20251214,20251220,20260101,9663,3,3221
SO80405,COM_STR-1007,24585,6,20251214,20251220,20260101,8623,1,8623
SO80405,ACC_CAS-1004,24585,6,20251214,20251220,20260101,4011,3,1337
SO80406,GAM_CON-1014,20962,4,20251227,20260106,20260114,11887,1,11887
SO80406,ACC_CAS-1008,20962,4,20251227,20260106,20260114,666,2,333
SO80406,ACC_CHG-1011,20962,4,20251227,20260106,20260114,2394,2,1197
SO80406,MOB_SMP-1006,20962,4,20251227,20260106,20260114,1330,1,1330
SO80406,ACC_CHG-1010,20962,4,20251227,20260106,20260114,864,1,864
SO80407,ACC_PWB-1015,22027,3,20251223,20251227,20260112,2544,1,2544
SO80408,MOB_TAB-1004,23009,7,20251216,0,20251227,23954,2,11977
SO80408,MOB_SMP-1008,23009,7,20251216,20251222,20251227,15683,1,-15683
SO80408,COM_RAM-1005,23009,7,20251216,20251222,20251227,4320,1,4320
SO80409,COM_RAM-1006,21265,6,20251217,20251226,20251230,3720,2,1860
SO80410,DIS_MON-1015,25130,4,20251215,20251219,20260104,1280,1,1280
SO80411,GAM_CTR-1005,26721,5,20251219,20251224,20260108,2311,1,2311
SO80411,MOB_SMP-1004,26721,5,20251219,20251224,20260108,48489,3,16163
SO80411,DIS_MON-1009,26721,5,20251219,20251224,20260108,12797,1,12797
SO80412,GAM_CON-1001,27729,6,20251202,0,20251221,92955,3,30985
SO80413,COM_STR-1012,24037,2,20251204,0,20251221,17960,2,8980
SO80413,DIS_TVS-1012,24037,2,20251204,20251214,20251221,59026,1,59026
SO80413,ACC_CAB-1013,24037,2,20251204,20251214,20251221,413,1,413
SO80414,ACC_CAB-1007,23544,5,20251212,20251216,20251227,750,2,375
SO80415,COM_RAM-1008,25261,7,20251216,20251222,20260102,8102,2,4051
SO80416,COM_STR-1007,27536,3,20251214,20251220,20251228,8836,1,8836
SO80417,ACC_CHG-1004,21556,4,20251229,20260108,20260114,841,1,841
SO80418,ACC_CHG-1012,26088,2,20251231,20260102,20260113,2337,3,779
SO80419,ACC_PWB-1018,23029,5,20251210,20251220,20251229,2275,1,2275
SO80419,DIS_TVS-1006,23029,5,20251210,20251220,20251229,204093,3,68031
SO80419,ACC_CAB-1002,23029,5,20251210,20251220,20251229,3525,3,1175
SO80420,MOB_TAB-1005,26459,6,20251206,20251210,20251225,16138,1,16138
SO80420,MOB_SWA-1023,26459,6,20251206,20251210,20251225,12660,1,12660
SO80421,COM_DSK-1004,26988,5,20251209,20251215,20251223,27900,1,27900
SO80422,GAM_CON-1006,20640,3,20251206,20251211,20251221,26379,1,26379
SO80423,MOB_TAB-1014,27787,1,20251227,20251229,20260114,99738,3,33246
SO80424,DIS_TVS-1002,27638,2,20251202,20251209,20251214,62355,3,20785
SO80425,DIS_MON-1014,22565,3,20251205,20251209,20251224,12842,2,6421
SO80425,COM_DSK-1010,22565,3,20251205,20251209,20251224,2316,2,1158
SO80425,COM_DSK-1007,22565,3,20251205,20251209,20251224,94948,2,47474
SO80426,ACC_CAS-1007,20182,5,20251204,20251209,20251222,305,1,305
SO80426,COM_DSK-1002,20182,5,20251204,20251209,20251222,49265,1,49265
SO80427,COM_DSK-1014,22322,5,20251213,20251223,20251223,137679,2,69069
SO80427,GAM_ACC-1002,22322,5,20251213,20251223,20251223,2492,2,1246
SO80428,ACC_CAS-1006,23743,1,20251224,20260102,20260106,597,3,199
SO80428,DIS_TVS-1010,23743,1,20251224,20260102,20260106,81562,2,40781
SO80429,COM_RAM-1013,21695,4,20251226,20260102,20260109,1766,1,1766
SO80430,GAM_CON-1019,24197,1,20251201,20251205,20251213,2592,2,1296
SO80430,DIS_MON-1001,24197,1,20251201,20251205,20251213,12682,1,13101
SO80431,ACC_CHG-1007,23052,2,20251206,20251214,20251218,1199,1,1199
SO80431,COM_DSK-1011,23052,2,20251206,20251214,20251218,34324,2,17162
SO80432,COM_DSK-1001,25916,4,20251224,20251230,20260112,51405,3,17135
SO80433,COM_MTB-1003,20871,2,20251231,20260105,20260118,7889,1,7889
SO80434,COM_GPU-1001,21946,1,20251210,20251216,20251222,37684,1,37684
SO80434,GAM_CON-1018,21946,1,20251210,20251216,20251222,12916,1,12916
SO80434,MOB_SWA-1002,21946,1,20251210,20251216,20251222,11384,1,11384
SO80435,COM_GPU-1005,23407,1,20251210,20251218,20251222,61114,2,30557
SO80436,MOB_SWA-1015,23915,4,20251228,20260101,20260116,12468,1,12768
SO80437,GAM_CON-1013,23614,1,20251222,20251229,20260104,28536,1,28536
SO80437,DIS_TVS-1006,23614,1,20251222,20251229,20260104,194121,3,64707
SO80437,GAM_CTR-1013,23614,1,20251222,20251229,20260104,2144,2,1072
SO80438,COM_RAM-1001,26960,3,20251201,20251211,20251217,4193,1,4193
SO80439,COM_LAP-1003,24461,2,20251202,20251205,20251222,73928,2,36964
SO80439,ACC_CAS-1009,,2,20251202,20251205,20251222,655,1,655
SO80440,DIS_MON-1002,22005,4,20251228,20260103,20260117,16402,1,16402
SO80441,ACC_CAB-1010,21713,2,20251212,20251216,20260101,470,1,470
SO80441,COM_STR-1006,21713,2,20251212,20251216,20260101,5294,1,5294
SO80441,ACC_CHG-1006,21713,2,20251212,20251216,20260101,1850,2,925
SO80441,COM_RAM-1010,21713,2,20251212,20251216,20260101,2646,2,1323
SO80442,GAM_CON-1008,27560,3,20251216,20251222,20251226,18609,1,18609
SO80442,COM_DSK-1010,27560,3,20251216,20251222,20251226,2592,2,1296
SO80442,MOB_SMP-1012,27560,3,20251216,20251222,20251226,1302,1,1302
SO80442,COM_DSK-1015,27560,3,20251216,20251222,20251226,72166,2,36083
SO80443,ACC_PWB-1002,20131,7,20251201,20251205,20251221,675,1,675
SO80444,ACC_PWB-1007,25695,6,20251221,20251225,20260101,2944,1,2944
SO80444,MOB_SWA-1009,25695,6,20251221,20251225,20260101,15762,2,7881
SO80445,GAM_CON-1002,25293,1,20251206,20251212,20251219,47540,2,23770
SO80445,DIS_TVS-1003,25293,1,20251206,20251212,20251219,31034,2,15517
SO80446,DIS_MON-1011,24712,1,20251223,20251230,20260106,32342,2,16171
SO80447,COM_RAM-1011,21202,1,20251206,20251210,20251224,1896,1,1896
SO80447,COM_GPU-1006,21202,1,20251206,20251210,20251224,149564,2,74782
SO80448,GAM_ACC-1003,23251,7,20251202,20251210,20251216,6408,2,3204
SO80449,GAM_ACC-1012,22047,2,20251224,20251230,20260113,4724,2,2362
SO80449,ACC_CAS-1015,22047,2,20251224,20251230,20260113,552,2,276
SO80450,COM_STR-1016,24251,3,20251204,20251213,20251223,6375,1,6375
SO80450,ACC_PWB-1015,24251,3,20251204,20251213,20251223,5703,2,2648
SO80450,COM_LAP-1007,24251,3,20251204,20251213,20251223,220270,2,110135
SO80451,ACC_CAS-1005,21880,4,20251210,20251219,20251225,406,1,406
SO80451,GAM_CON-1016,21880,4,20251210,20251219,20251225,22034,2,11017
SO80452,COM_RAM-1010,27039,3,20251201,20251209,20251218,1330,1,1330
SO80453,GAM_CON-1004,25119,6,20251206,20251213,20251218,59112,2,29556
SO80454,ACC_CHG-1002,26054,3,20251230,20260105,20260109,1138,2,569
SO80454,COM_GPU-1001,26054,3,20251230,20260105,20260109,72338,2,36169
SO80455,COM_LAP-1008,20058,4,20251229,20260107,20260112,77606,2,38803
SO80456,ACC_CAB-1011,,3,20251224,20260101,20260108,390,1,390
SO80457,MOB_TAB-1009,25088,5,20251226,20251229,20260114,58628,2,29314
SO80458,GAM_CON-1014,27845,5,20251213,20251219,20260101,11177,1,11177
SO80458,ACC_PWB-1002,27845,5,20251213,20251219,20260101,631,1,631
SO80459,MOB_SMP-1008,20320,6,20251231,20260107,20260117,34127,2,16829
SO80460,GAM_CON-1016,24468,3,20251206,20251216,20251216,24730,2,12365
SO80460,ACC_CAS-1007,24468,3,20251206,20251216,20251216,,2,308
SO80461,ACC_CHG-1008,23069,7,20251221,20251229,20260110,879,1,879
SO80461,MOB_SMP-1002,23069,7,20251221,20251229,20260110,36230,2,18115
SO80461,DIS_MON-1010,23069,7,20251221,20251229,20260110,15180,1,15136
SO80461,DIS_TVS-1012,23069,7,20251221,20251229,20260110,113612,2,56806
SO80462,ACC_CAB-1010,26891,3,20251224,20251230,20260104,1461,3,487
SO80463,MOB_TAB-1001,,7,20251206,20251209,20251220,13025,1,13025
SO80463,COM_STR-1007,25669,7,20251206,20251209,20251220,15530,2,7765
SO80464,ACC_CHG-1015,20466,5,20251205,20251213,20251215,1978,2,989
SO80464,DIS_MON-1002,20466,5,20251205,20251213,20251215,49053,3,16351
SO80465,COM_MTB-1008,22878,6,20251204,20251207,20251215,10528,1,10528
SO80466,ACC_CAB-1010,24673,4,20251222,20251224,20260106,926,2,463
SO80466,COM_RAM-1008,24673,4,20251222,20251224,20260106,7886,2,3943
SO80466,COM_DSK-1020,24673,4,20251222,20251224,20260106,19663,1,19663
SO80466,ACC_CHG-1001,24673,4,20251222,20251224,20260106,1782,3,594
SO80467,MOB_SMP-1007,23339,4,20251211,20251220,20251222,30777,3,10259
SO80468,GAM_ACC-1017,21077,3,20251229,20260101,20260111,7084,2,3542
SO80469,COM_LAP-1007,24818,6,20251206,20251211,20251218,222494,2,111247
SO80470,GAM_ACC-1019,20406,5,20251208,20251218,20251225,6000,2,3000
SO80471,MOB_SMP-1008,26608,2,20251216,20251218,20260105,16869,1,16869
SO80471,MOB_SMP-1006,26608,2,20251216,20251218,20260105,1233,1,1233
SO80472,DIS_MON-1007,27834,6,20251228,20260102,20260116,10371,1,10371
SO80473,COM_STR-1015,20627,3,20251225,20260103,20260108,3114,2,1557
SO80474,COM_LAP-1002,20172,7,20251213,20251221,20251229,96513,1,96513
SO80474,GAM_ACC-1019,20172,7,20251213,20251221,20251229,6134,2,3067
SO80475,GAM_CTR-1007,25423,5,0,20260106,20260107,3804,1,3804
SO80476,ACC_CAB-1018,26869,4,20251205,0,20251225,2640,2,-1320
SO80476,COM_RAM-1003,26869,4,20251205,20251214,20251225,1396,1,0
SO80476,ACC_CAB-1001,26869,4,20251205,20251214,20251225,253,1,253
SO80477,GAM_CTR-1013,21423,2,20251215,20251224,20251231,3375,3,1125
SO80478,COM_RAM-1012,26049,2,20251224,20260101,20260107,4761,1,4761
SO80479,GAM_CON-1020,24436,4,20251208,20251213,20251224,26678,1,26678
SO80480,DIS_MON-1007,27329,4,20251222,20251227,20260111,11242,1,0
SO80480,COM_GPU-1006,27329,4,20251222,20251227,20260111,72824,1,72824
SO80480,COM_DSK-1003,27329,4,20251222,20251227,20260111,67380,1,67380
SO80480,MOB_SMP-1007,27329,4,20251222,20251227,20260111,21702,2,10851
SO80481,ACC_CAB-1009,22037,3,20251206,20251212,20251220,225,1,225
SO80481,COM_STR-1016,22037,3,20251206,20251212,20251220,11806,2,5903
SO80481,GAM_CON-1016,22037,3,20251206,20251212,20251220,23288,2,11644
SO80482,ACC_CAB-1007,23760,1,20251204,20251213,20251218,784,2,392
SO80483,COM_DSK-1009,24316,2,20251203,20251213,20251213,3278,3,1222
SO80483,MOB_TAB-1015,24316,2,20251203,20251213,20251213,86961,3,28987
SO80483,GAM_ACC-1016,24316,2,20251203,20251213,20251213,1889,1,1889
SO80484,MOB_TAB-1008,21044,1,20251216,20251224,20251227,21235,1,21235
SO80484,MOB_SMP-1007,21044,1,20251216,20251224,20251227,11404,1,11404
SO80485,ACC_CAS-1011,20577,5,20251210,20251213,20251221,2058,3,686
SO80485,ACC_PWB-1013,20577,5,20251210,20251213,20251221,1776,3,592
SO80485,COM_DSK-1003,20577,5,20251210,20251213,20251221,77212,1,77212
SO80486,COM_GPU-1008,21528,6,20251227,20260105,20260114,39196,1,39196
SO80486,COM_MTB-1002,21528,6,20251227,20260105,20260114,17269,2,8535
SO80487,DIS_MON-1006,24671,7,20251229,20260105,20260114,20827,1,20827
SO80488,ACC_PWB-1018,27915,7,20251229,20260101,20260113,2556,1,2556
SO80489,GAM_CON-1021,21180,3,20251215,20251223,20251225,55090,2,27545
SO80490,DIS_TVS-1004,27671,5,20251213,20251223,20260101,120976,2,60488
SO80491,DIS_MON-1015,20105,2,20251209,20251218,20251224,1307,1,1307
SO80492,COM_LAP-1009,22109,4,20251204,20251213,20251221,57674,2,28837
SO80492,DIS_MON-1002,22109,4,20251204,20251213,20251221,15625,1,15625
SO80492,COM_RAM-1011,,4,20251204,20251213,20251221,2095,1,0
SO80493,GAM_ACC-1010,26168,3,20251218,20251226,20260105,1629,1,1629
SO80494,GAM_CTR-1009,26964,1,20251214,20251218,20260102,7389,3,2463
SO80495,ACC_CAS-1002,20594,5,20251225,20260104,20260108,532,1,532
SO80495,MOB_SMP-1008,20594,5,20251225,20260104,20260108,30850,2,15425
SO80495,ACC_CAB-1010,20594,5,20251225,20260104,20260108,429,1,429
SO80496, ACC_CAS-1010,24485,4,20251224,20251226,20260109,824,2,412
SO80496,COM_DSK-1004,24485,4,20251224,20251226,20260109,87837,3,29279
SO80496,GAM_ACC-1010,24485,4,20251224,20251226,20260109,1666,1,1666
SO80496,COM_RAM-1009,24485,4,20251224,20251226,20260109,3347,1,3347
SO80496,COM_DSK-1014,24485,4,20251224,20251226,20260109,140200,2,70100
SO80496,ACC_CHG-1003,24485,4,20251224,20251226,20260109,299,1,299
SO80496,MOB_TAB-1004,24485,4,20251224,0,20260109,22108,2,11054
SO80496,COM_STR-1013,24485,4,20251224,20251226,20260109,6930,2,3465
SO80496,DIS_TVS-1012,24485,4,20251224,20251226,20260109,52437,1,52437
SO80496,ACC_PWB-1004,24485,4,20251224,20251226,20260109,5342,2,2671
SO80497,DIS_TVS-1009,24625,2,20251221,20251228,20260110,15951,1,15951
SO80497,COM_RAM-1012,24625,2,20251221,20251228,20260110,4355,1,4355
SO80498,MOB_SWA-1007,24366,7,20251231,20260102,20260110,14752,2,7376
SO80499,COM_MTB-1003,23848,3,20251213,20251219,20251227,7163,1,7163
SO80499,GAM_ACC-1010,23848,3,20251213,20251219,20251227,3308,2,1654
SO80499,ACC_CAS-1005,23848,3,20251213,20251219,20251227,904,2,452
SO80500,COM_LAP-1006,25814,3,20251231,20260110,20260119,161310,2,80655
SO80500,COM_DSK-1019,25814,3,20251231,20260110,20260119,252987,3,84329
SO80501,DIS_TVS-1009,27232,2,20251222,20251231,20260111,16173,1,16173
SO80502,COM_GPU-1003,25261,1,20251230,20260105,20260115,2626,2,1313
SO80503,ACC_CAB-1007,25704,6,20251228,20260105,20260116,351,1,351
SO80504,COM_LAP-1006,20744,6,20251229,20260107,20260111,74583,1,74583
SO80505,COM_RAM-1002,25100,3,20251221,20251227,20260109,,1,3888
SO80506, DIS_MON-1006,26069,7,20251231,20260102,20260115,20663,1,20663
SO80507,ACC_PWB-1007,22522,6,20251217,20251220,20260104,2647,1,2647
SO80508,MOB_SWA-1009,25196,6,20251213,20251219,20251225,16098,2,8049
SO80508,COM_DSK-1006,25196,6,20251213,20251219,20251225,,1,57310
SO80509,MOB_SWA-1001,20917,1,20251216,20251226,20251229,13548,1,13548
SO80509,COM_LAP-1003,20917,1,20251216,20251226,20251229,34589,1,34589
SO80510,COM_LAP-1007,20466,3,20251222,20260101,20260109,107937,1,107937
SO80511,MOB_SWA-1012,23782,2,20251227,20260103,20260113,26308,2,13154
SO80512,MOB_SWA-1011,25564,4,20251230,20260107,20260117,3775,1,3775
SO80512,COM_RAM-1001,25564,4,20251230,20260107,20260117,11634,3,3878
SO80513,COM_STR-1018,24549,6,20251224,20260101,20260113,19497,3,6499
SO80514,MOB_SWA-1020,22750,2,20251231,20260105,20260112,5726,1,5726
SO80514,MOB_SMP-1007,22750,2,20251231,20260105,20260112,20272,2,10136
SO80514,ACC_PWB-1001,22750,2,20251231,20260105,20260112,4890,3,1630
SO80514,ACC_CHG-1015,22750,2,20251231,20260105,20260112,1051,1,1051
SO80515,GAM_ACC-1020,23498,5,20251214,20251217,20251226,5206,2,2603
SO80515,ACC_CAB-1008,23498,5,20251214,20251217,20251226,941,3,302
SO80515,COM_LAP-1003,23498,5,20251214,20251217,20251226,76482,2,38241
SO80515,GAM_CON-1021,23498,5,20251214,20251217,20251226,52208,2,26104
SO80516,ACC_CAB-1016,24238,7,20251208,20251211,20251221,256,2,128
SO80517,ACC_CAB-1013,26174,5,20251207,20251212,20251220,401,1,401
SO80518,MOB_SWA-1006,23120,5,20251220,20251227,20260104,38559,3,12853
SO80519,ACC_PWB-1014,23115,7,20251209,20251217,20251226,1214,1,1214
SO80519,MOB_SMP-1001,23115,7,20251209,20251217,20251226,45479,1,45479
SO80519,ACC_CAS-1005,23115,7,0,20251217,20251226,422,1,422
SO80520,DIS_MON-1009,24719,3,20251219,20251222,20260105,13891,1,13891
SO80521,MOB_SWA-1018,21026,3,20251223,20251225,20260106,12142,1,12142
SO80521,ACC_CHG-1006,21026,3,20251223,20251225,20260106,1714,2,841
SO80522,ACC_CHG-1017,24081,3,20251230,20260101,20260113,1447,1,1447
SO80522,GAM_CTR-1004,24081,3,20251230,20260101,20260113,4874,1,4874
SO80522,ACC_CHG-1012,24081,3,20251230,20260101,20260113,690,1,690
SO80522,ACC_CAS-1006,24081,3,20251230,20260101,20260113,576,3,192
SO80522,ACC_CAB-1003,24081,3,20251230,20260101,20260113,506,1,506
SO80522,MOB_TAB-1013,24081,3,20251230,20260101,20260113,17330,1,17330
SO80522,COM_STR-1017,24081,3,20251230,20260101,20260113,9174,1,9174
SO80522,COM_DSK-1005,24081,3,20251230,20260101,20260113,36496,1,36496
SO80522,COM_DSK-1020,24081,3,20251230,20260101,20260113,63711,3,21237
SO80523,COM_GPU-1003,22608,4,20251228,20260101,20260111,2424,2,1212
SO80523,MOB_SMP-1006,22608,4,20251228,20260101,20260111,1231,1,1231
SO80523,COM_MTB-1002,22608,4,20251228,20260101,20260111,19865,2,9749
SO80524,DIS_MON-1011,24702,1,20251218,20251225,20251228,16073,1,16073
SO80524,ACC_CAS-1006,24702,1,20251218,20251225,20251228,180,1,180
SO80524,DIS_MON-1001,24702,1,20251218,20251225,20251228,13076,1,13076
SO80525,ACC_PWB-1013,21198,5,20251216,20251226,20260101,1110,2,555
SO80526,MOB_SMP-1005,25203,2,20251206,20251210,20251225,48058,1,-48058
SO80527,ACC_PWB-1017,22053,4,20251213,20251222,20251231,2048,2,1024
SO80527,MOB_TAB-1015,22053,4,20251213,20251222,20251231,29377,1,29377
SO80527,ACC_CHG-1002,22053,4,20251213,20251222,20251231,569,1,569
SO80527,GAM_CON-1020,22053,4,20251213,20251222,20251231,27253,1,27253
SO80527,COM_GPU-1006,22053,4,20251213,20251222,20251231,139388,2,69694
SO80528,DIS_MON-1011,20993,1,20251231,20260105,20260114,15386,1,15386
SO80529,ACC_CAS-1014,27204,2,20251229,20251231,20260115,,2,695
SO80529,ACC_CAS-1002,27204,2,20251229,20251231,20260115,1012,2,506
SO80529,GAM_ACC-1019,27204,2,20251229,20251231,20260115,9177,3,3059
SO80530,MOB_SWA-1019,22936,5,20251209,20251214,20251219,33252,3,11178
SO80531,ACC_CAB-1011,27702,1,20251210,20251214,20251224,365,1,365
SO80532,GAM_CTR-1015,24670,1,20251210,20251214,20251230,8570,2,4285
SO80533,GAM_CTR-1002,27741,1,20251201,20251211,20251221,,1,1864
SO80533,ACC_CAB-1006,27741,1,20251201,20251211,20251221,301,1,301
SO80533,GAM_CON-1011,27741,1,20251201,0,20251221,20004,1,20004
SO80533,COM_GPU-1001,27741,1,20251201,20251211,20251221,72128,2,36064
SO80534, DIS_MON-1002,20062,3,20251211,20251214,20251222,16395,1,0
SO80535,COM_STR-1007,23759,4,20251203,20251211,20251218,16952,2,8476
SO80535,MOB_TAB-1002,23759,4,20251203,20251211,20251218,22124,1,22125
SO80536,DIS_MON-1006,20634,3,20251227,20260101,20260116,40906,2,20453
SO80536,COM_DSK-1018,20634,3,20251227,20260101,20260116,68000,2,34000
SO80537,GAM_ACC-1018,25603,6,20251206,20251208,20251220,3138,2,1569
SO80537,GAM_CON-1008,25603,6,20251206,20251208,20251220,38296,2,19148
SO80538,COM_STR-1007,23096,3,20251223,20251225,20260110,23235,3,7745
SO80539,ACC_PWB-1016,25659,7,20251230,20260109,20260111,1993,1,1993
SO80539,GAM_ACC-1002,25659,7,20251230,20260109,20260111,1166,1,1166
SO80540,GAM_CON-1003,25677,3,20251203,20251211,20251223,1324,1,1324
SO80541,ACC_PWB-1004,23199,7,20251230,20260106,20260119,5116,2,2558
SO80541,COM_DSK-1014,23199,7,20251230,20260106,20260119,140872,2,0
SO80541,MOB_SWA-1003,23199,7,20251230,20260106,20260119,2221,1,2221
SO80541,ACC_PWB-1016,23199,7,20251230,20260106,20260119,3536,2,1768
SO80542,MOB_SMP-1010,23066,6,20251220,20251225,20260109,4475,1,4475
SO80543,GAM_CON-1006,25355,7,20251210,20251213,20251225,25643,1,25643
SO80543,GAM_ACC-1008,25355,7,20251210,20251213,20251225,3375,1,3375
SO80544,COM_MTB-1004,20778,5,20251208,20251210,20251225,42606,3,14202
SO80545,COM_RAM-1007,25950,6,20251207,20251214,20251224,6460,2,3230
SO80546,ACC_CHG-1014,24285,1,20251217,20251225,20260103,436,1,436
SO80546,COM_STR-1004,24285,1,20251217,20251225,20260103,12042,3,4014
SO80547,ACC_CAB-1018,22194,4,20251230,20260106,20260113,1156,1,1156
SO80548,ACC_CHG-1013,23691,1,20251212,20251222,20251228,1494,2,747
SO80549,ACC_PWB-1004,25766,4,20251205,20251214,20251215,2542,1,2542
SO80550,ACC_CAB-1011,27929,7,20251210,20251212,20251229,828,2,414
SO80550,ACC_PWB-1017,27929,7,20251210,20251212,20251229,2372,2,1186
SO80550,GAM_CON-1005,27929,7,20251210,20251212,20251229,59574,2,29787
SO80551,MOB_SWA-1022,27209,3,20251204,20251208,20251219,40902,3,13634
SO80552,COM_STR-1019,26069,5,20251229,20260106,20260111,13639,2,6821
SO80553,ACC_CAB-1019,24679,4,20251217,20251226,20251231,142,1,142
SO80553,COM_LAP-1004,24679,4,20251217,0,20251231,64564,1,64564
SO80554,GAM_ACC-1001,21595,2,20251229,20260107,20260111,1775,1,0
SO80555,COM_STR-1014,27769,2,20251228,20260104,20260115,18688,2,9344
SO80556,GAM_CON-1015,25299,2,20251212,20251221,20251228,25557,1,25557
SO80556,MOB_TAB-1011,25299,2,20251212,20251221,20251228,66177,3,22118
SO80557,ACC_CHG-1002,22791,5,20251211,0,20251225,549,1,549
SO80558,GAM_CON-1009,21380,4,20251224,20251226,20260105,20919,1,20919
SO80558,COM_GPU-1012,21380,4,20251224,20251226,20260105,90027,3,30009
SO80559,ACC_PWB-1015,24019,2,20251229,20260103,20260113,2588,1,2588
SO80560,ACC_CAB-1015,25748,5,20251205,20251209,20251219,422,1,422
SO80560,MOB_SWA-1002,25748,5,20251205,20251209,20251219,10669,1,10669
SO80560,COM_DSK-1017,25748,5,20251205,20251209,20251219,200496,3,66832
SO80560,GAM_CON-1002,25748,5,20251205,20251209,20251219,25697,1,25198
SO80561,ACC_CAB-1015,22922,1,20251211,20251213,20251226,1269,3,423
SO80562,COM_GPU-1007,20795,7,20251209,20251215,20251226,2364,2,1182
SO80563,DIS_TVS-1009,23636,7,20251222,20251229,20260111,14731,1,14731
SO80564,ACC_CAB-1013,23572,1,20251218,20251220,20260104,864,2,432
SO80564,GAM_ACC-1005,23572,1,20251218,20251220,20260104,2338,2,1169
SO80565,ACC_PWB-1015,22073,4,20251210,20251217,20251230,2729,1,2729
SO80565,COM_LAP-1001,22073,4,20251210,20251217,20251230,114722,2,57361
SO80565,GAM_CON-1001,22073,4,20251210,20251217,20251230,26741,1,26741
SO80566,GAM_CTR-1002,24692,2,20251228,20260101,20260115,3320,2,1660
SO80566,COM_GPU-1011,24692,2,20251228,20260101,20260115,40081,1,40081
SO80567,COM_MTB-1007,20710,6,20251218,20251221,20260102,3347,1,0
SO80567,GAM_CON-1010,20710,6,20251218,20251221,20260102,30127,1,30127
SO80568,COM_GPU-1001,25086,7,20251226,20260103,20260106,38950,1,38950
SO80569,COM_DSK-1003,22763,3,20251220,20251223,20260106,154956,2,77478
SO80570,MOB_SWA-1001,23357,1,20251225,20251229,20260109,25600,2,12800
SO80570,GAM_CON-1021,23357,1,20251225,20251229,20260109,28971,1,-28971
SO80570,DIS_MON-1011,23357,1,20251225,20251229,20260109,15802,1,15802
SO80571,COM_GPU-1011,23114,4,20251227,20251230,20260109,77978,2,38989
SO80572,COM_LAP-1002,25133,4,20251201,20251208,20251220,210819,2,105241
SO80573,ACC_PWB-1014,26350,5,20251227,20260106,20260110,1219,1,1219
SO80574,DIS_MON-1003,26804,4,20251207,20251210,20251221,38460,3,12820
SO80575,GAM_CTR-1013,26282,7,20251220,20251229,20260107,1155,1,1155
SO80575,GAM_ACC-1001,26282,7,20251220,20251229,20260107,1687,1,1687
SO80576,COM_LAP-1002,20088,6,20251209,20251219,20251221,101235,1,101235
SO80577,GAM_CTR-1004,21575,6,20251206,20251210,20251217,4469,1,4469
SO80577,MOB_TAB-1014,21575,6,20251206,20251210,20251217,94833,3,31611
SO80578,COM_DSK-1018,26033,2,20251229,20260107,20260117,102342,3,34114
SO80579,GAM_CTR-1002,26279,3,20251223,20260102,20260111,5433,3,1811
SO80579,ACC_CHG-1001,26279,3,20251223,20260102,20260111,1192,2,596
SO80579,MOB_SMP-1012,26279,3,20251223,20260102,20260111,2490,2,1245
SO80580,GAM_CTR-1004,24964,2,20251201,20251208,20251219,4370,1,4370
SO80581,ACC_CAS-1007,20769,6,20251229,20260101,20260117,570,2,285
SO80582,COM_STR-1019,20235,3,20251207,20251216,20251226,6789,1,6789
SO80583, ACC_CAS-1002,25682,3,20251226,20260105,20260106,1449,3,483
SO80584,GAM_CTR-1012,24343,3,20251229,20260104,20260108,4304,2,2152
SO80584,ACC_CAB-1004,24343,3,20251229,20260104,20260108,160,1,160
SO80585,COM_LAP-1013,21135,5,20251207,20251216,20251224,84536,2,42268
SO80586,GAM_CON-1003,26487,2,20251228,20260101,20260113,2404,2,1202
SO80586,DIS_MON-1003,26487,2,20251228,20260101,20260113,12295,1,12295
SO80587,GAM_ACC-1012,20666,5,20251203,20251210,20251218,7011,3,2337
SO80588,DIS_MON-1011,21138,4,0,20260107,20260110,14665,1,14665
SO80589,MOB_SWA-1002,24576,4,20251215,20251220,20251227,34482,3,11494
SO80590,COM_STR-1013,26355,2,20251204,20251207,20251222,3048,1,3048
SO80591,GAM_ACC-1017,25541,6,20251212,20251217,20251224,3518,1,3518
SO80591,ACC_CHG-1007,25541,6,20251212,20251217,20251224,1207,1,1207
SO80592,MOB_SWA-1012,27767,6,20251211,20251217,20251226,36309,3,12103
SO80593,ACC_CAB-1003,21805,7,20251217,20251221,20260101,500,1,500
SO80593,COM_STR-1004,21805,7,20251217,20251221,20260101,11184,3,3728
SO80593,GAM_CTR-1014,21805,7,20251217,20251221,20260101,1277,1,1277
SO80593,MOB_SWA-1001,21805,7,20251217,20251221,20260101,27274,2,13637
SO80593,COM_DSK-1011,21805,7,20251217,20251221,20260101,36224,2,18112
SO80594,GAM_CTR-1008,27322,5,20251228,20260102,20260115,,2,2595
SO80595,COM_STR-1013,26385,3,20251215,20251222,20251231,10422,3,3474
SO80596,MOB_SWA-1013,23497,6,20251209,20251216,20251226,13745,1,13745
SO80597,COM_MTB-1004,20260,4,20251204,20251207,20251216,14555,1,14555
SO80598,GAM_CON-1008,27917,4,20251230,20260108,20260109,38332,2,19166
SO80599,COM_DSK-1001,20581,2,20251212,20251218,20251230,33852,2,16926
SO80599,ACC_CAB-1021,20581,2,20251212,20251218,20251230,180,3,60
SO80600,COM_RAM-1001,26893,2,20251218,20251226,20251231,4040,1,4040
SO80601,GAM_CTR-1014,23098,4,20251207,20251209,20251224,2580,2,1290
SO80601,COM_LAP-1003,23098,4,20251207,20251209,20251224,33719,1,33719
SO80602,COM_LAP-1013,27554,5,20251214,20251223,20260101,90966,2,45483
SO80603,MOB_TAB-1013,20361,7,20251216,20251223,20251226,32542,2,16271
SO80604,COM_LAP-1004,26654,7,0,20251226,20260107,128268,2,64134
SO80605,COM_RAM-1005,24763,7,20251220,20251229,20251231,9102,2,4551
SO80605,ACC_CAB-1020,24763,7,20251220,20251229,20251231,507,1,507
SO80605,MOB_SMP-1009,24763,7,20251220,20251229,20251231,,3,48324
SO80605,ACC_CAS-1007,24763,7,20251220,20251229,20251231,1001,3,276
SO80605,ACC_CAS-1001,24763,7,20251220,20251229,20251231,424,2,212
SO80605,ACC_PWB-1013,24763,7,20251220,20251229,20251231,1204,2,602
SO80606,COM_GPU-1009,21621,4,20251220,20251228,20260104,50745,3,16915
SO80606,COM_STR-1005,21621,4,20251220,20251228,20260104,16533,3,5362
SO80606,ACC_CAB-1005,21621,4,20251220,20251228,20260104,221,1,221
SO80606,ACC_PWB-1003,21621,4,20251220,20251228,20260104,2425,1,2425
SO80607,ACC_CHG-1014,20120,6,20251204,20251208,20251214,444,1,444
SO80607,ACC_CHG-1015,20120,6,20251204,20251208,20251214,967,1,967
SO80608,GAM_CON-1020,24719,7,0,20251226,20260106,28629,1,28629
SO80609,COM_LAP-1007,22054,7,0,20251226,20251229,106434,1,106434
SO80609,GAM_CON-1001,22054,7,20251218,20251226,20251229,27602,1,27602
SO80610,MOB_SMP-1011,22591,7,20251219,20251229,20251231,22389,1,22389
SO80610,COM_RAM-1016,22591,7,20251219,20251229,20251231,1009,1,894
SO80611,COM_LAP-1010,27269,2,20251218,20251220,20260105,67040,1,67040
SO80612,COM_DSK-1010,25091,6,20251201,20251210,20251219,1200,1,1200
SO80613,MOB_TAB-1011,25431,3,20251202,20251210,20251221,20888,1,20888
SO80613,ACC_PWB-1004,25431,3,20251202,20251210,20251221,2509,1,2509
SO80613,DIS_MON-1012,25431,3,20251202,20251210,20251221,4670,1,4670
SO80613,MOB_SMP-1012,25431,3,20251202,20251210,20251221,3465,3,1155
SO80614,GAM_ACC-1011,21013,3,20251230,20260103,20260119,3360,2,1680
SO80614,DIS_MON-1001,21013,3,20251230,20260103,20260119,40347,3,13449
SO80615,COM_MTB-1006,26783,6,20251228,20260101,20260109,2868,1,2868
SO80616,GAM_CON-1007,24793,5,20251210,20251212,20251222,22944,1,22944
SO80617,GAM_ACC-1011,24800,1,20251222,20251228,20260108,3042,2,1521
SO80617,ACC_CAB-1008,24800,1,20251222,20251228,20260108,518,2,259
SO80617,ACC_CHG-1004,24800,1,20251222,20251228,20260108,806,1,806
SO80617,ACC_PWB-1006,24800,1,20251222,20251228,20260108,1749,1,1749
SO80617,COM_LAP-1012,24800,1,20251222,20251228,20260108,221292,3,73764
SO80618,MOB_SWA-1004,20240,4,20251228,20251230,20260112,31680,2,15840
SO80618,COM_STR-1010,20240,4,20251228,20251230,20260112,19222,2,9611
SO80619,MOB_SMP-1001,22838,2,20251224,20260103,20260111,45735,1,45735
SO80619,MOB_SWA-1004,22838,2,20251224,20260103,20260111,29046,2,14523
SO80620,COM_MTB-1003,26754,7,20251214,20251224,20251229,15916,2,7958
SO80620,GAM_ACC-1016,26754,7,20251214,20251224,20251229,3467,2,1732
SO80621,COM_GPU-1002,27510,4,20251218,20251224,20260101,93572,2,46786
SO80622,COM_GPU-1006,22192,1,20251226,20251229,20260108,66905,1,66905
SO80622, MOB_TAB-1006,22192,1,20251226,20251229,20260108,16756,2,8378
SO80623,GAM_CTR-1011,25267,7,20251221,20251224,20260104,3058,2,1529
SO80623,COM_GPU-1011,25267,7,20251221,20251224,20260104,42007,1,-42007
SO80623,ACC_CAB-1012,25267,7,20251221,20251224,20260104,1134,3,378
SO80624,MOB_SMP-1011,26372,7,20251209,20251216,20251226,23252,1,23252
SO80624,COM_RAM-1013,26372,7,20251209,20251216,20251226,1751,1,1751
SO80625,ACC_PWB-1012,24324,1,20251219,20251225,20260101,4454,2,2227
SO80626,COM_DSK-1013,27792,7,20251204,20251212,20251216,2502,2,1251
SO80626,GAM_CON-1014,27792,7,20251204,20251212,20251216,10512,1,10512
SO80626,COM_STR-1009,27792,7,20251204,20251212,20251216,4972,1,4972
SO80627,DIS_MON-1006,22303,3,20251217,20251222,20260103,45910,2,22955
SO80628,GAM_ACC-1020,27435,5,20251211,20251213,20251222,8121,3,2707
SO80628,GAM_CTR-1009,27435,5,20251211,20251213,20251222,4914,2,2457
SO80628,GAM_CON-1007,27435,5,20251211,20251213,20251222,64596,3,21532
SO80629,COM_STR-1008,23423,6,20251204,20251212,20251220,12984,3,4164
SO80630,ACC_CAB-1017,25016,6,20251213,20251220,20260101,226,2,113
SO80630,ACC_CAS-1002,25016,6,20251213,20251220,20260101,508,1,508
SO80630,COM_DSK-1010,25016,6,20251213,20251220,20260101,1258,1,1258
SO80631,GAM_CTR-1011,25588,4,20251202,20251204,20251214,1490,1,1490
SO80632,COM_STR-1001,27922,4,20251218,20251220,20260107,8480,1,8480
SO80632,ACC_CAS-1003,27922,4,20251218,20251220,20260107,673,1,673
SO80632,DIS_MON-1001,27922,4,20251218,20251220,20260107,13058,1,13058
SO80633,GAM_CTR-1016,26186,1,20251220,20251229,20260107,3079,1,3079
SO80633,GAM_CTR-1003,26186,1,20251220,20251229,20260107,3431,1,0
SO80634,ACC_CAB-1003,21500,5,20251224,20260103,20260105,481,1,481
SO80634,COM_GPU-1007,21500,5,20251224,20260103,20260105,1337,1,1337
SO80635,ACC_CAB-1006,24827,2,20251224,20251231,20260105,602,2,301
SO80636,COM_MTB-1001,23716,5,20251212,20251222,20251227,8129,1,8129
SO80636,DIS_TVS-1009,23716,5,20251212,20251222,20251227,32284,2,16142
SO80637,MOB_TAB-1002,26504,2,20251203,20251212,20251216,20111,1,20111
SO80638,MOB_SWA-1008,21611,4,20251201,20251204,20251213,13577,1,13577
SO80639,COM_DSK-1013,25110,1,20251220,20251230,20260105,1345,1,1345
SO80640,MOB_SWA-1021,21553,1,20251212,20251218,20251222,,2,9615
SO80640,COM_GPU-1010,21553,1,20251212,20251218,20251222,128724,2,64362
SO80640,COM_GPU-1007,21553,1,20251212,20251218,20251222,2528,2,1264
SO80641,COM_STR-1016,26551,1,20251212,20251214,20251231,6120,1,6120
SO80641,COM_DSK-1005,26551,1,20251212,20251214,20251231,40254,1,40254
SO80641,MOB_SWA-1020,26551,1,20251212,20251214,20251231,5169,1,5665
SO80642,ACC_PWB-1008,23471,2,20251225,20251231,20260110,6066,2,3033
SO80643,DIS_MON-1005,22087,4,20251226,20260104,20260108,21218,1,21218
SO80643, MOB_TAB-1003,22087,4,20251226,20260104,20260108,37776,2,18888
SO80643,DIS_TVS-1004,22087,4,20251226,20260104,20260108,54959,1,54959
SO80644,COM_RAM-1003,20897,1,20251201,20251206,20251215,2916,2,1458
SO80645,MOB_SMP-1013,27877,3,20251202,20251206,20251222,34375,1,34375
SO80646,ACC_PWB-1017,25948,7,20251230,20260103,20260115,1114,1,1114
SO80647,COM_LAP-1007,20483,2,20251204,20251212,20251219,208542,2,104271
SO80647,COM_LAP-1015,20483,2,20251204,20251212,20251219,60480,1,60480
SO80648,GAM_CTR-1006,27481,5,20251215,20251218,20251226,4793,1,4793
SO80648,MOB_TAB-1002,27481,5,20251215,20251218,20251226,40162,2,20081
SO80649,COM_MTB-1001,24129,2,20251221,20251227,20260109,7737,1,7737
SO80650,COM_DSK-1018,22134,4,20251209,20251216,20251227,110892,3,36964
SO80650,ACC_CAS-1011,22134,4,20251209,20251216,20251227,1436,2,718
SO80651,COM_RAM-1015,21005,4,20251209,0,20251221,5740,2,2870
SO80652, GAM_ACC-1006,22008,3,20251229,20260101,20260116,6050,2,3025
SO80653,DIS_MON-1011,22239,5,20251221,20251223,20260103,28460,2,14230
SO80654,GAM_CON-1015,,6,20251208,20251216,20251224,27622,1,27622
SO80655,ACC_CAS-1007,27005,6,20251203,20251211,20251217,271,1,271
SO80656,COM_STR-1018,21179,5,20251204,20251210,20251215,7205,1,7205
SO80656,ACC_CAB-1015,21179,5,20251204,20251210,20251215,1251,3,417
SO80657,COM_RAM-1009,20011,6,20251222,20251224,20260102,3141,1,3141
SO80657,GAM_ACC-1013,20011,6,20251222,20251224,20260102,3372,2,1686
SO80657,MOB_TAB-1008,20011,6,20251222,20251224,20260102,42836,2,21418
SO80658,GAM_CON-1015,26672,2,20251225,20251227,20260106,26843,1,26843
SO80659,COM_DSK-1009,21497,7,20251201,20251210,20251219,1306,1,1306
SO80660,ACC_CHG-1004,26596,2,20251203,20251208,20251219,1598,2,799
SO80661,ACC_PWB-1010,20609,3,20251210,20251218,20251224,2489,1,2489
SO80662,ACC_PWB-1002,20225,6,20251228,20260104,20260114,320,1,584
SO80663,GAM_ACC-1017,27405,2,20251212,20251222,20251227,10917,3,3639
SO80664,DIS_MON-1005,24607,4,20251220,20251230,20260103,19634,1,19634
SO80665,ACC_CAB-1013,21939,3,20251231,20260105,20260118,398,1,398
SO80666,ACC_CAB-1013,27583,1,20251225,20251229,20260113,423,1,423
SO80667,MOB_TAB-1012,21533,4,20251220,20251223,20260103,72244,2,36122
SO80668,DIS_TVS-1010,27720,3,20251226,20260102,20260115,122955,3,40985
SO80668,COM_STR-1019,27720,3,20251226,20260102,20260115,12994,2,6497
SO80668,ACC_CAB-1001,27720,3,20251226,20260102,20260115,254,1,254
SO80669,DIS_MON-1012,24878,1,20251231,20260105,20260115,13182,3,4394
SO80670, COM_RAM-1001,26008,5,20251219,20251227,20260105,4317,1,4317
SO80671,COM_DSK-1006,25572,3,20251219,20251222,20260103,114554,2,57277
SO80671,COM_RAM-1012,25572,3,20251219,20251222,20260103,4150,1,4150
SO80672,MOB_SWA-1021,20178,5,20251211,20251216,20251228,20800,2,10400
SO80673,DIS_TVS-1005,25496,1,20251206,20251210,20251225,47466,1,47466
SO80673, COM_STR-1011,25496,1,20251206,20251210,20251225,25530,3,8510
SO80674,MOB_SMP-1007,27997,2,20251209,20251212,20251227,20394,2,10197
SO80674,ACC_PWB-1013,27997,2,20251209,20251212,20251227,557,1,557
SO80675,COM_DSK-1005,26647,1,20251217,20251221,20251229,40694,1,40694
SO80676, DIS_TVS-1006,21856,3,20251205,20251207,20251218,201597,3,67199
SO80677,MOB_SMP-1010,25370,2,20251224,20251230,20260103,4464,1,4464
SO80677,ACC_CAB-1019,25370,2,20251224,20251230,20260103,306,2,153
SO80677,GAM_CON-1012,25370,2,20251224,20251230,20260103,57556,2,28778
SO80678,GAM_ACC-1004,23498,7,20251222,20251231,20260108,1440,2,720
SO80679,ACC_CAS-1014,21001,3,20251202,20251212,20251222,675,1,675
SO80680,ACC_CHG-1006,20127,7,20251201,20251207,20251218,860,1,860
SO80681,COM_STR-1009,27667,7,20251221,0,20260102,10854,2,5427
SO80681,ACC_CAS-1009,27667,7,20251221,20251231,20260102,670,1,670
SO80682,COM_DSK-1015,25270,1,20251220,20251223,20260103,69860,2,34930
SO80682,MOB_TAB-1011,25270,1,20251220,20251223,20260103,40480,2,20240
SO80683,MOB_SWA-1023,22270,7,20251206,20251211,20251218,24810,2,12405
SO80684,COM_RAM-1013,23034,3,20251228,20260104,20260111,1747,1,1747
SO80685,COM_GPU-1012,22557,5,20251211,20251213,20251221,28308,1,28308
SO80686,COM_MTB-1006,20145,5,20251203,20251206,20251216,3333,1,2857
SO80686,ACC_CHG-1012,20145,5,20251203,20251206,20251216,600,1,776
SO80686,ACC_CHG-1009,20145,5,20251203,20251206,20251216,2283,3,761
SO80686,GAM_CTR-1003,20145,5,20251203,20251206,20251216,6984,2,3492
SO80686,MOB_TAB-1013,20145,5,20251203,20251206,20251216,31890,2,15945
SO80686,GAM_CTR-1009,20145,5,20251203,20251206,20251216,4774,2,2387
SO80687,COM_STR-1003,27325,4,20251211,20251219,20251226,16174,2,8087
SO80688,GAM_ACC-1019,22003,7,20251202,20251211,20251218,2900,1,2900
SO80688,ACC_CAB-1002,22003,7,20251202,20251211,20251218,901,1,1224
SO80688,GAM_ACC-1009,22003,7,20251202,20251211,20251218,7833,3,2611
SO80689,GAM_ACC-1015,20808,6,20251204,20251212,20251222,8416,2,4208
SO80690,GAM_CTR-1001,20825,1,20251201,20251204,20251221,7388,2,3694
SO80691,GAM_ACC-1005,27906,4,20251224,20251226,20260111,2582,2,1291
SO80691,MOB_SWA-1012,27906,4,20251224,20251226,20260111,11801,1,11801
SO80692,ACC_CHG-1009,27866,2,20251222,20251229,20260106,1574,2,787
SO80693,COM_DSK-1011,23667,2,20251211,20251214,20251221,,1,19069
SO80694,ACC_CAB-1012,21633,6,20251203,20251213,20251221,738,2,369
SO80694,COM_DSK-1007,21633,6,20251203,20251213,20251221,96572,2,48286
SO80695,ACC_CHG-1007,25030,1,20251223,20260102,20260109,2370,2,1185
SO80695,COM_STR-1003,25030,1,20251223,20260102,20260109,7646,1,7646
SO80696,ACC_CAB-1007,21745,5,20251215,20251221,20260103,720,2,360
SO80696,COM_GPU-1001,21745,5,20251215,20251221,20260103,42234,1,42234
SO80696,MOB_TAB-1010,21745,5,20251215,20251221,20260103,14361,1,14361
SO80696,GAM_CTR-1007,21745,5,20251215,20251221,20260103,7820,2,3910
SO80696,ACC_PWB-1003,21745,5,20251215,20251221,20260103,2605,1,2605
SO80697,DIS_TVS-1002,27923,3,20251203,20251207,20251217,36032,2,18016
SO80697,ACC_CAB-1019,27923,3,20251203,20251207,20251217,150,1,150
SO80697,GAM_CTR-1009,27923,3,20251203,20251207,20251217,4778,2,2389
SO80698,COM_MTB-1003,24440,7,20251228,20260107,20260117,14763,2,7355
SO80698,ACC_CAS-1015,24440,7,20251228,0,20260117,810,3,270
SO80699,GAM_CTR-1011,27368,7,20251219,20251228,20251231,1418,1,0
SO80699,ACC_CAB-1008,27368,7,20251219,20251228,20251231,260,1,260
SO80700,GAM_CON-1013,20656,5,0,20251211,20251227,27161,1,27161
SO80700,MOB_SWA-1022,20656,5,20251208,20251211,20251227,26688,2,0
SO80701,MOB_TAB-1010,24297,7,20251202,20251205,20251217,15483,1,15483
SO80702,GAM_CTR-1008,20683,3,20251210,20251219,20251230,8115,3,2705
SO80702,ACC_CAB-1007,20683,3,20251210,20251219,20251230,363,1,363
SO80703,GAM_CON-1012,24959,5,20251229,20251231,20260115,29722,1,29722
SO80704,MOB_SWA-1019,21879,7,20251209,20251216,20251222,35289,3,11763
SO80704,ACC_CAB-1020,21879,7,20251209,20251216,20251222,1016,2,508
SO80704,GAM_ACC-1010,,7,20251209,20251216,20251222,3156,2,1578
SO80705,ACC_PWB-1017,23649,7,20251204,20251206,20251216,1104,1,1104
SO80706,COM_MTB-1002,25487,6,20251223,20251227,20260112,9044,1,9044
SO80706,ACC_CHG-1016,25487,6,20251223,20251227,20260112,797,1,797
SO80707,ACC_CHG-1008,22396,7,20251208,20251215,20251228,1002,1,1002
SO80708,ACC_CAS-1002,22476,2,20251220,20251224,20260101,549,1,549
SO80709,ACC_CHG-1016,23980,2,20251218,20251222,20251229,1658,2,829
SO80709,GAM_CON-1011,23980,2,20251218,20251222,20251229,20798,1,20798
SO80710,COM_RAM-1009,26771,3,20251215,20251222,20260102,6388,2,3194
SO80711,ACC_PWB-1007,25095,6,20251214,20251216,20251231,2650,1,2650
SO80712, ACC_PWB-1012,24192,5,20251208,20251217,20251223,2050,1,2050
SO80713,COM_LAP-1002,24207,3,20251209,20251212,20251222,107251,1,107251
SO80714,COM_LAP-1003,23450,4,20251215,20251221,20251228,104583,3,34861
SO80715,DIS_TVS-1014,25272,4,20251215,20251219,20251231,45412,1,45412
SO80716,ACC_CAB-1011,25967,2,20251229,20251231,20260111,365,1,365
SO80716,COM_DSK-1001,25967,2,20251229,20251231,20260111,29388,2,14694
SO80717,COM_LAP-1003,27939,7,20251223,20251228,20260112,33634,1,33634
SO80717,COM_DSK-1004,27939,7,20251223,20251228,20260112,50754,2,25377
SO80718,MOB_SWA-1003,25901,3,20251224,20251226,20260106,2508,1,2508
SO80719,ACC_PWB-1012,23078,1,20251209,20251211,20251220,2346,1,0
SO80720,ACC_PWB-1017,21916,6,20251231,20260102,20260112,2092,2,1046
SO80720,GAM_CTR-1017,21916,6,20251231,20260102,20260112,2798,2,1399
SO80720,ACC_CAB-1004,21916,6,20251231,20260102,20260112,158,1,158
SO80720,COM_RAM-1006,21916,6,20251231,20260102,20260112,1843,1,1843
SO80721,DIS_TVS-1014,26521,6,20251211,20251213,20251224,81168,2,40584
SO80722,MOB_SWA-1007,22494,1,20251227,20251230,20260108,6463,1,6463
SO80723,ACC_CAB-1021,23848,5,20251222,20251229,20260105,61,1,61
SO80724,COM_DSK-1017,27632,7,20251227,20260105,20260113,72905,1,73204
SO80725,COM_DSK-1006,23164,3,20251204,20251208,20251223,115346,2,57673
SO80725,GAM_CTR-1011,23164,3,20251204,20251208,20251223,1513,1,1513
SO80726,ACC_PWB-1008,22069,5,20251211,20251214,20251231,8469,3,2823
SO80727,MOB_SMP-1008,27455,6,20251204,20251209,20251216,49899,3,16633
SO80728,COM_GPU-1009,21500,3,20251226,20260101,20260110,17110,1,17110
SO80728,COM_DSK-1017,21500,3,20251226,20260101,20260110,138012,2,69006
SO80728,COM_LAP-1010,21500,3,20251226,20260101,20260110,61597,1,61597
SO80728,COM_LAP-1003,21500,3,20251226,20260101,20260110,38418,1,38418
SO80728,MOB_TAB-1002,21500,3,20251226,20260101,20260110,42322,2,21161
SO80729,ACC_CAB-1011,25523,2,20251224,20260102,20260104,369,1,369
SO80729,COM_DSK-1012,25523,2,20251224,20260102,20260104,120426,2,60213
SO80729,MOB_SMP-1001,25523,2,20251224,20260102,20260104,50872,1,50872
SO80730,GAM_CON-1017,26505,5,20251210,20251217,20251227,33513,2,16615
SO80730,GAM_ACC-1010,26505,5,20251210,20251217,20251227,3644,2,1822
SO80730,DIS_MON-1010,26505,5,20251210,20251217,20251227,32712,2,16356
SO80730,COM_RAM-1016,26505,5,20251210,20251217,20251227,944,1,944
SO80731,ACC_CHG-1004,26773,1,20251213,20251216,20251225,2451,3,817
SO80732,ACC_CAS-1009,23832,7,20251203,20251205,20251214,1254,2,627
SO80733,COM_MTB-1001,26026,2,20251224,20251231,20260108,23958,3,7986
SO80734,MOB_SWA-1013,26194,6,20251228,20251230,20260113,25120,2,12560
SO80735,GAM_CON-1017,27350,3,20251203,20251212,20251217,15091,1,15091
SO80736,ACC_CAB-1005,27338,5,0,20251221,20251229,248,1,248
SO80737,ACC_CAS-1005,25350,2,20251202,20251207,20251215,816,2,408
SO80737,GAM_CTR-1014,25350,2,20251202,20251207,20251215,1340,1,1340
SO80738,MOB_SWA-1021,26243,4,20251206,0,20251223,18791,2,9445
SO80738,ACC_CHG-1008,26243,4,20251206,20251209,20251223,2847,3,949
SO80738,ACC_CHG-1007,26243,4,20251206,20251209,20251223,1120,1,1120
SO80738,ACC_CHG-1005,26243,4,20251206,20251209,20251223,954,1,954
SO80739,ACC_PWB-1003,26012,5,20251223,20251230,20260111,5026,2,2513
SO80740,COM_GPU-1012,21976,6,20251223,20251225,20260111,57892,2,28946
SO80741,DIS_TVS-1012,27665,2,20251213,20251223,20251223,52155,1,52155
SO80742,GAM_CTR-1016,23223,3,20251220,20251222,20251230,2727,1,3034
SO80743,GAM_ACC-1013,26683,1,20251210,20251219,20251230,3330,2,1665
SO80743,DIS_MON-1001,26683,1,20251210,20251219,20251230,40872,3,13624
SO80744,GAM_ACC-1019,27574,2,20251223,20251229,20260107,5782,2,2891
SO80745,GAM_CTR-1005,20306,6,20251228,20260103,20260114,7131,3,2377
SO80745,COM_LAP-1002,20306,6,20251228,20260103,20260114,283866,3,94622
SO80746,GAM_CON-1002,20591,3,20251216,20251222,20251227,44392,2,22196
SO80747,GAM_CTR-1012,21509,7,20251209,20251212,20251220,3996,2,1998
SO80748,COM_RAM-1015,22514,2,20251224,20260102,20260111,3131,1,3131
SO80749,DIS_TVS-1011,26395,3,20251204,20251214,20251219,167490,3,55830
SO80750,MOB_TAB-1013,25368,7,20251220,20251229,20260105,35186,2,17593
SO80751,COM_STR-1011,23622,6,20251219,20251225,20251230,9261,1,9261
SO80752,COM_GPU-1011,25828,3,20251230,20260109,20260116,36633,1,36633
SO80753,ACC_CHG-1005,22390,4,20251216,20251219,20260102,922,1,0
SO80754,MOB_SWA-1001,27344,4,20251205,20251213,20251221,27996,2,13998
SO80755,GAM_CTR-1001,20528,1,20251211,20251215,20251231,10500,3,3500
SO80756,COM_STR-1016,26580,6,20251215,20251222,20251228,5985,1,5985
SO80757,ACC_CAS-1007,26712,7,20251228,20260105,20260112,299,1,299
SO80757,COM_STR-1013,26712,7,20251228,20260105,20260112,6772,2,3386
SO80758,MOB_SMP-1004,21595,4,20251201,20251206,20251211,16354,1,16354
SO80758,COM_MTB-1002,21595,4,20251201,20251206,20251211,9074,1,9074
SO80759,GAM_CON-1010,22562,2,20251204,20251207,20251214,54284,2,27142
SO80760,GAM_CON-1010,26189,4,20251218,20251224,20260107,78726,3,26242
SO80760,GAM_CON-1010,26189,4,20251218,20251224,20260107,58080,2,29040
SO80760,GAM_CON-1010,26189,4,20251218,20251224,20260107,59406,2,29703
SO80761,DIS_MON-1015,27434,6,20251229,20260108,20260110,1223,1,1223
SO80761,ACC_PWB-1011,27434,6,20251229,20260108,20260110,2653,1,2653
SO80762,ACC_CAS-1004,,7,20251201,20251211,20251220,2450,2,1225
SO80762,GAM_CON-1008,20924,7,20251201,20251211,20251220,52385,3,17575
SO80762,COM_GPU-1011,20924,7,20251201,20251211,20251220,110718,3,36906
SO80763,ACC_PWB-1018,20549,2,20251219,20251222,20260105,7626,3,2542
SO80764,COM_DSK-1001,27661,1,20251222,20251228,20260102,50457,3,16819
SO80765,DIS_TVS-1009,24694,4,20251230,20260105,20260109,29662,2,14831
SO80765,DIS_MON-1015,24694,4,20251230,20260105,20260109,1233,1,1233
SO80766,ACC_PWB-1003,21053,7,20251229,20260108,20260114,4536,2,2268
SO80767, ACC_CAS-1010,22247,5,20251215,20251218,20251225,372,1,372
SO80768,GAM_CON-1015,26556,4,20251217,20251222,20260104,,1,28595
SO80769,ACC_PWB-1012,25455,6,20251228,20260101,20260111,6042,3,2014
SO80769,COM_RAM-1007,25455,6,20251228,20260101,20260111,6502,2,3251
SO80769,DIS_MON-1009,25455,6,20251228,20260101,20260111,40167,3,13389
SO80769,GAM_CON-1005,25455,6,20251228,20260101,20260111,92517,3,30839
SO80769,GAM_CON-1011,25455,6,20251228,20260101,20260111,37292,2,18646
SO80769,COM_RAM-1010,25455,6,20251228,20260101,20260111,3705,3,1235
SO80769,ACC_CHG-1014,25455,6,20251228,20260101,20260111,444,1,444
SO80770,MOB_SWA-1018,27818,4,20251205,20251211,20251220,12274,1,12274
SO80771, MOB_SWA-1005,20109,7,20251208,20251217,20251227,13223,1,13223
SO80772,ACC_CHG-1010,21616,5,20251221,20251223,20260106,1670,2,835
SO80772,ACC_CAS-1001,21616,5,20251221,20251223,20260106,198,1,198
SO80772,ACC_CHG-1008,21616,5,20251221,20251223,20260106,939,1,-939
SO80772,DIS_MON-1013,21616,5,20251221,20251223,20260106,8948,1,8948
SO80773,GAM_CON-1001,22587,1,20251228,20260105,20260114,57548,2,28774
SO80773,DIS_TVS-1006,22587,1,20251228,20260105,20260114,135668,2,67834
SO80774,ACC_PWB-1008,26795,2,20251217,20251226,20251230,2931,1,2931
SO80775,MOB_SWA-1010,27967,1,20251224,20260101,20260103,10252,1,10252
SO80776,GAM_CON-1006,20414,3,20251217,20251224,20260102,27068,1,27068
SO80776,DIS_MON-1013,20414,3,20251217,20251224,20260102,17392,2,8696
SO80777,COM_DSK-1009,27972,6,20251217,20251221,20260106,4041,3,1347
SO80777,COM_RAM-1006,27972,6,20251217,20251221,20260106,5574,3,1858
SO80777,GAM_ACC-1020,27972,6,20251217,20251221,20260106,2327,1,2327
SO80778,MOB_TAB-1006,26315,3,20251210,20251219,20251221,17358,2,8679
SO80778,GAM_CON-1020,26315,3,20251210,20251219,20251221,88152,3,29384
SO80778, MOB_SWA-1008,26315,3,20251210,20251219,20251221,26860,2,13430
SO80778,DIS_MON-1007,26315,3,20251210,20251219,20251221,,1,11518
SO80779,MOB_SWA-1007,22302,6,20251215,20251225,20260104,6884,1,6884
SO80780, GAM_CON-1008,20450,1,20251206,20251213,20251225,20169,1,20169
SO80780,MOB_SMP-1013,20450,1,20251206,20251213,20251225,71050,2,35525
SO80781,DIS_TVS-1011,23533,6,20251228,20260102,20260108,168729,3,56243
SO80781,ACC_PWB-1004,23533,6,20251228,20260102,20260108,2846,1,2846
SO80782,COM_MTB-1003,26951,5,20251214,20251224,20251228,7263,1,7263
SO80783,GAM_ACC-1003,27154,7,20251203,20251211,20251219,2866,1,2866
SO80784,ACC_CAB-1007,21148,5,20251204,20251213,20251222,1026,3,342
SO80784,GAM_CON-1019,21148,5,20251204,20251213,20251222,1343,1,1343
SO80785,COM_LAP-1013,27937,2,20251215,20251224,20251225,88090,2,44045
SO80785, ACC_CAS-1012,27937,2,20251215,20251224,20251225,2901,2,1213
SO80785,GAM_CTR-1002,27937,2,20251215,20251224,20251225,3280,2,1640
SO80786,GAM_ACC-1020,26777,4,20251205,20251209,20251223,7131,3,2377
SO80787,ACC_CAS-1012,21875,7,20251219,20251229,20260104,2430,2,1215
SO80787,ACC_CAB-1013,21875,7,20251219,20251229,20260104,417,1,417
SO80788,DIS_MON-1003,22401,7,20251210,20251220,20251230,12383,1,12383
SO80789,MOB_TAB-1002,23610,2,20251225,20251228,20260106,66573,3,22191
SO80790,MOB_TAB-1002,27124,4,20251219,20251223,20251230,40410,2,20205
SO80791,GAM_CTR-1012,27716,7,20251210,20251220,20251230,6459,3,2153
SO80791,GAM_ACC-1020,27716,7,20251210,20251220,20251230,5366,2,2683
SO80792,ACC_PWB-1015,22555,4,20251206,20251212,20251223,2657,1,2657
SO80793,COM_MTB-1002,26551,1,20251201,20251208,20251216,18814,2,9407
SO80793,ACC_CAB-1001,26551,1,20251201,20251208,20251216,500,2,250
SO80793,MOB_TAB-1002,26551,1,20251201,20251208,20251216,39362,2,19681
SO80793,COM_STR-1013,26551,1,20251201,20251208,20251216,6428,2,3214
SO80794,ACC_CHG-1008,21289,3,20251212,20251221,20251226,1742,2,871
SO80795,COM_DSK-1007,24471,5,20251216,20251218,20251231,128673,3,42891
SO80795,GAM_CTR-1015,24471,5,20251216,20251218,20251231,8898,2,4449
SO80796,COM_GPU-1012,26432,1,20251217,20251226,20260103,28839,1,0
SO80797,ACC_PWB-1010,26386,1,20251203,20251210,20251214,2524,1,2524
SO80798,COM_DSK-1007,23387,5,20251204,20251208,20251216,87126,2,43563
SO80798,MOB_SWA-1010,23387,5,20251204,20251208,20251216,10512,1,10512
SO80799,GAM_CON-1006,22266,5,20251224,20260103,20260110,26043,1,26043
SO80799,COM_RAM-1001,22266,5,20251224,20260103,20260110,4161,1,4161
SO80800,COM_STR-1015,23414,5,20251204,20251210,20251223,1510,1,1510
SO80800,MOB_SMP-1005,23414,5,20251204,20251210,20251223,52554,1,52554
SO80801,GAM_CTR-1010,20410,3,20251214,20251223,20251228,3192,2,1596
SO80801,DIS_MON-1002,20410,3,20251214,20251223,20251228,32120,2,16060
SO80802,ACC_CAS-1006,22179,1,20251222,20251225,20260109,,1,206
SO80803,GAM_CTR-1016,21475,7,20251221,20251231,20260105,3201,1,3201
SO80803,COM_DSK-1009,21475,7,20251221,20251231,20260105,2612,2,1306
SO80803,ACC_CAS-1014,21475,7,20251221,20251231,20260105,598,1,598
SO80803,COM_MTB-1008,21475,7,20251221,20251231,20260105,35094,3,11698
SO80804,MOB_SMP-1008,24286,2,20251231,20260103,20260119,34168,2,17084
SO80805,ACC_CAB-1013,23323,5,20251205,20251210,20251222,431,1,431
SO80806,MOB_SMP-1011,24278,3,20251230,0,20260117,22522,1,22522
SO80807,MOB_SMP-1013,22822,6,20251212,20251214,20260101,68120,2,34060
SO80808,COM_STR-1011,25408,5,20251230,20260101,20260113,8970,1,8970
SO80808,COM_RAM-1004,25408,5,20251230,20260101,20260113,7746,2,3873
SO80808,COM_STR-1013,25408,5,20251230,20260101,20260113,9966,3,3322
SO80808,ACC_CAS-1010,25408,5,20251230,0,20260113,367,1,367
SO80809,COM_RAM-1012,20157,4,20251220,20251223,20260102,13935,3,4645
SO80810,GAM_CTR-1003,24253,4,20251229,20260108,20260118,3573,1,3573
SO80811,GAM_ACC-1006,24351,7,20251215,20251222,20251229,2942,1,2942
SO80812,COM_LAP-1004,25118,3,20251226,20251230,20260113,138312,2,69156
SO80813,COM_STR-1001,24536,1,20251214,20251217,20251224,7853,1,7853
SO80814,ACC_PWB-1015,23552,7,20251204,20251206,20251219,4938,2,2469
SO80815,ACC_CAB-1010,20078,1,20251226,20260102,20260106,484,1,484
SO80815,COM_LAP-1004,20078,1,20251226,20260102,20260106,70267,1,70267
SO80815,DIS_TVS-1013,20078,1,20251226,20260102,20260106,38219,1,38219
SO80815,COM_GPU-1001,20078,1,20251226,20260102,20260106,76244,2,38122
SO80816,DIS_TVS-1010,22264,2,20251203,20251206,20251222,114213,3,38071
SO80816,GAM_CON-1020,22264,2,0,20251206,20251222,80658,3,26886
SO80816,MOB_SMP-1001,22264,2,20251203,20251206,20251222,96516,2,48258
SO80817,COM_LAP-1008,26965,3,20251229,20260108,20260113,72072,2,36036
SO80818,COM_RAM-1013,25137,4,20251215,20251219,20251231,1614,1,1614
SO80819,DIS_MON-1002,26469,1,20251201,20251203,20251221,14258,1,14258
SO80820,COM_MTB-1007,25373,2,20251203,20251209,20251219,10656,3,3552
SO80820,MOB_TAB-1006,25373,2,20251203,20251209,20251219,8713,1,8713
SO80820,ACC_PWB-1018,25373,2,20251203,20251209,20251219,7179,3,2393
SO80820,MOB_SWA-1007,25373,2,20251203,20251209,20251219,7055,1,7055
SO80820,ACC_PWB-1015,25373,2,20251203,20251209,20251219,5198,2,2599
SO80821,GAM_ACC-1008,25921,6,20251204,20251214,20251217,3219,1,3219
SO80821,MOB_SWA-1010,25921,6,20251204,20251214,20251217,10788,1,10788
SO80821,COM_LAP-1011,25921,6,20251204,20251214,20251217,105180,2,52590
SO80822,ACC_CHG-1012,25181,5,20251215,20251224,20260104,705,1,705
SO80822,COM_MTB-1007,25181,5,0,20251224,20260104,11124,3,0
SO80823,ACC_PWB-1011,21263,2,20251220,20251230,20260102,5368,2,2684
SO80824,GAM_CON-1020,25071,3,20251221,20251228,20260102,26775,1,26775
SO80824,COM_STR-1004,,3,20251221,0,20260102,8362,2,4181
SO80824,DIS_TVS-1008,25071,3,20251221,20251228,20260102,141494,2,70747
SO80825,COM_GPU-1008,21043,6,20251208,20251217,20251228,78340,2,39170
SO80826,MOB_SWA-1019,23303,1,20251227,20251231,20260112,11512,1,11512
SO80826,ACC_CAS-1014,23303,1,20251227,20251231,20260112,634,1,634
SO80827,COM_RAM-1010,20498,1,20251201,20251207,20251213,1310,1,1310
SO80828,ACC_CAS-1012,20353,1,20251206,20251215,20251223,1175,1,1175
SO80829, DIS_TVS-1010,20297,2,20251208,20251212,20251219,75214,2,37607
SO80830,COM_DSK-1014,27288,4,20251231,20260108,20260118,64704,1,64704
SO80831,ACC_PWB-1009,22594,5,20251205,20251210,20251225,705,1,705
SO80832,GAM_CTR-1003,23295,6,20251228,20260103,20260107,6806,2,3403
SO80833,COM_MTB-1007,26802,2,20251225,20251228,20260108,3521,1,3521
SO80834,ACC_CAS-1014,24092,7,20251211,20251214,20251227,1953,3,651
SO80834,COM_STR-1005,24092,7,20251211,0,20251227,5580,1,0
SO80834,DIS_MON-1003,24092,7,20251211,20251214,20251227,12609,1,12609
SO80835,MOB_TAB-1013,26667,2,20251215,20251219,20260101,32366,2,0
SO80836,ACC_PWB-1014,23257,5,0,20251230,20260104,3486,3,1162
SO80836,COM_DSK-1017,23257,5,20251220,20251230,20260104,70688,1,0
SO80836,MOB_SWA-1013,23257,5,20251220,20251230,20260104,36639,3,12213
SO80836,ACC_CAS-1009,23257,5,20251220,20251230,20260104,614,1,614
SO80836,DIS_TVS-1005,23257,5,20251220,20251230,20260104,42343,1,42343
SO80837,MOB_SWA-1002,24479,2,20251219,20251225,20260104,32544,3,10848
SO80838,MOB_TAB-1002,21701,2,20251202,20251209,20251212,19954,1,19954
SO80838,ACC_CAB-1008,21701,2,20251202,20251209,20251212,578,2,289
SO80839,GAM_CON-1010,21242,2,20251209,20251213,20251226,89325,3,29775
SO80840,GAM_CON-1013,23790,4,20251223,20251227,20260104,29150,1,0
SO80840,ACC_CHG-1013,23790,4,20251223,20251227,20260104,683,1,683
SO80841,DIS_TVS-1013,23036,4,20251231,20260104,20260120,75057,2,37663
SO80842,MOB_SWA-1018,25784,3,20251219,20251229,20260102,10850,1,10850
SO80843,DIS_MON-1009,20113,2,20251205,20251212,20251219,13457,1,13457
SO80844,COM_LAP-1004,23427,4,20251212,20251221,20251225,64075,1,64075
SO80844,COM_STR-1015,23427,4,20251212,20251221,20251225,4782,3,1594
SO80845,COM_STR-1013,25820,2,20251224,20260102,20260106,3373,1,3373
SO80846,GAM_CTR-1005,27758,1,20251209,20251212,20251229,2344,1,0
SO80846,COM_MTB-1007,27758,1,20251209,20251212,20251229,3839,1,3642
SO80847,MOB_SWA-1009,22725,4,20251225,20260104,20260106,8175,1,8175
SO80847,COM_DSK-1018,22725,4,20251225,20260104,20260106,34386,1,34364
SO80847,ACC_CAS-1006,22725,4,20251225,20260104,20260106,,3,184
SO80847,COM_DSK-1020,22725,4,20251225,20260104,20260106,61279,3,20380
SO80847,ACC_CAB-1008,22725,4,20251225,20260104,20260106,560,2,280
SO80847,ACC_CAB-1004,22725,4,20251225,20260104,20260106,271,2,153
SO80847,COM_STR-1012,22725,4,20251225,20260104,20260106,9499,1,9499
SO80847,ACC_PWB-1013,22725,4,20251225,20260104,20260106,588,1,588
SO80847,GAM_ACC-1007,22725,4,20251225,20260104,20260106,6972,2,3451
SO80848,ACC_CAS-1010,24726,5,20251219,20251221,20260107,752,2,376
SO80848,COM_MTB-1004,24726,5,20251219,20251221,20260107,13342,1,13342
SO80848,ACC_PWB-1013,24726,5,20251219,20251221,20260107,626,1,626
SO80848,ACC_CAB-1008,24726,5,20251219,20251221,20260107,584,2,-292
SO80849,MOB_SMP-1013,27538,5,20251229,20260104,20260111,33779,1,33779
SO80850,COM_LAP-1004,27410,3,20251225,20260104,20260111,184866,3,61622
SO80850,ACC_PWB-1012,27410,3,20251225,20260104,20260111,2086,1,2086
SO80850,ACC_PWB-1014,27410,3,20251225,20260104,20260111,2220,2,1110
SO80850,ACC_CAB-1005,27410,3,20251225,20260104,20260111,675,3,225
SO80851,COM_LAP-1011,20820,6,20251211,20251213,20251229,104826,2,52413
SO80852,COM_DSK-1013,21910,2,20251225,20260104,20260109,1334,1,1334
SO80853,DIS_MON-1013,27806,3,20251224,20251229,20260111,18140,2,9070
SO80853,COM_MTB-1007,27806,3,20251224,20251229,20260111,9975,3,3325
SO80854,COM_GPU-1012,25262,4,20251215,20251217,20260104,28324,1,28324
SO80855,MOB_SMP-1010,20378,3,20251203,20251207,20251215,4436,1,4436
SO80856,ACC_PWB-1004,26615,3,20251222,20251226,20260106,5066,2,2533
SO80857,COM_DSK-1012,24795,6,20251225,20260101,20260114,57877,1,57877
SO80858,ACC_PWB-1005,23189,2,20251224,20251231,20260112,2844,3,948
SO80858,COM_RAM-1006,23189,2,20251224,20251231,20260112,3648,2,1824
SO80859,MOB_SWA-1022,23992,2,20251218,20251221,20260101,28324,2,14162
SO80859,COM_STR-1005,23992,2,20251218,20251221,20260101,16224,3,5408
SO80860,COM_GPU-1007,23680,3,20251207,20251216,20251217,2632,2,1317
SO80861,MOB_SMP-1003,25464,3,20251202,20251210,20251222,46786,2,0
SO80862,ACC_CHG-1004,26451,7,20251225,20260104,20260114,1766,2,883
SO80862,MOB_SMP-1012,26451,7,20251225,20260104,20260114,1247,1,1247
SO80863,MOB_TAB-1003,23130,5,20251224,20260102,20260112,,1,19916
SO80863,COM_MTB-1003,,5,20251224,20260102,20260112,6951,1,7278
SO80863,COM_RAM-1004,23130,5,20251224,20260102,20260112,8666,2,4333
SO80863,MOB_SMP-1013,23130,5,20251224,20260102,20260112,70458,2,35229
SO80864,COM_MTB-1002,26351,2,20251217,20251222,20260105,17818,2,8909
SO80865,MOB_SMP-1009,23459,7,20251221,20251231,20251231,153603,3,51201
SO80866,DIS_TVS-1011,20304,1,20251212,20251214,20251224,57646,1,57646
SO80866,ACC_CAS-1006,20304,1,20251212,20251214,20251224,618,3,206
SO80866,DIS_MON-1005,20304,1,20251212,20251214,20251224,18389,1,18389
SO80866,ACC_CAS-1009,20304,1,20251212,20251214,20251224,667,1,667
SO80867,MOB_TAB-1001,26487,2,20251221,20251228,20260107,12005,1,12005
SO80868,MOB_TAB-1010,26883,2,20251213,20251216,20260101,15267,1,15267
SO80868,MOB_SWA-1016,26883,2,20251213,20251216,20260101,3954,1,3954
SO80869,COM_GPU-1006,25192,2,20251209,20251217,20251229,149460,2,74730
SO80870,MOB_SWA-1010,20823,1,20251211,20251217,20251227,10077,1,10077
SO80871,GAM_ACC-1020,22378,7,20251210,20251215,20251229,2428,1,2428
SO80872,GAM_ACC-1013,20947,3,20251230,20260103,20260109,3766,2,1883
SO80872,COM_GPU-1012,20947,3,20251230,20260103,20260109,57766,2,28883
SO80872,COM_DSK-1017,20947,3,20251230,20260103,20260109,,1,71318
SO80873,COM_STR-1019,22895,7,20251208,20251211,20251221,13380,2,6690
SO80874,ACC_CAS-1003,24633,6,20251205,20251210,20251219,686,1,686
SO80875,GAM_CON-1008,21661,5,20251207,20251216,20251218,40044,2,20022
SO80875,MOB_SWA-1017,21661,5,20251207,20251216,20251218,15107,1,15107
SO80875,ACC_CAB-1007,21661,5,20251207,20251216,20251218,716,2,358
SO80875,ACC_CHG-1007,21661,5,0,20251216,20251218,2330,2,1165
SO80875,ACC_CAB-1012,21661,5,20251207,20251216,20251218,678,2,339
SO80876,COM_LAP-1014,25089,6,20251203,20251210,20251216,3750,3,1250
SO80877,COM_LAP-1010,27266,5,20251207,20251211,20251224,64248,1,64248
SO80878,COM_LAP-1004,22061,6,20251217,20251221,20260101,66318,1,66318
SO80879,ACC_CHG-1005,24895,2,20251203,20251209,20251221,986,1,986
SO80880,COM_RAM-1009,24470,5,20251219,20251228,20251231,10776,3,3592
SO80881,COM_DSK-1009,24965,1,20251212,20251216,20251223,1191,1,1191
SO80882,COM_GPU-1002,25897,5,20251228,20251230,20260114,51283,1,51283
SO80883,GAM_CTR-1012,23160,3,20251215,20251220,20251231,2049,1,2049
SO80884,COM_DSK-1006,24324,1,20251205,20251213,20251217,56589,1,56589
SO80885,COM_DSK-1002,22814,7,20251213,20251219,20251223,49509,1,49509
SO80886,COM_LAP-1005,23803,1,20251208,20251216,20251228,187768,2,93804
SO80887,ACC_CHG-1013,20041,5,20251203,20251209,20251214,1580,2,790
SO80888,ACC_CHG-1014,26727,5,20251214,20251224,20251224,435,1,435
SO80888,COM_STR-1010,26727,5,20251214,20251224,20251224,20198,2,10099
SO80889,MOB_SWA-1019,26347,1,20251228,20260101,20260113,32436,3,10812
SO80890,MOB_SWA-1018,21306,4,20251213,20251221,20251224,22810,2,11405
SO80891,COM_STR-1017,25142,6,20251206,20251214,20251219,16892,2,8446
SO80892,COM_LAP-1004,21373,1,0,20260103,20260110,61555,1,61555
SO80893,GAM_ACC-1015,20065,1,20251227,20260104,20260116,4514,1,4514
SO80893,MOB_SWA-1017,20065,1,20251227,20260104,20260116,15285,1,14877
SO80894,GAM_CTR-1004,27217,6,20251222,20251231,20260108,4846,1,4461
SO80894,COM_DSK-1007,27217,6,20251222,20251231,20260108,131931,3,43977
SO80894,ACC_PWB-1011,27217,6,20251222,20251231,20260108,6000,2,3000
SO80895,MOB_SWA-1013,24251,6,20251218,20251228,20260104,23824,2,11912
SO80895,DIS_MON-1012,24251,6,20251218,20251228,20260104,4535,1,4535
SO80895,COM_STR-1012,24251,6,20251218,20251228,20260104,26610,3,8870
SO80896,COM_MTB-1003,26174,3,20251211,20251218,20251226,15900,2,7950
SO80897,GAM_CTR-1002,27747,7,20251207,20251209,20251221,4941,3,1647
SO80897,COM_LAP-1015,27747,7,20251207,20251209,20251221,66354,1,66354
SO80898,GAM_CTR-1009,24567,2,20251228,20260105,20260116,2587,1,2587
SO80898,ACC_CHG-1017,24567,2,20251228,20260105,20260116,1383,1,1383
SO80898,ACC_CHG-1012,24567,2,20251228,20260105,20260116,687,1,687
SO80898,ACC_CHG-1016,24567,2,0,20260105,20260116,749,1,749
SO80899,ACC_CAB-1019,25594,3,20251214,20251220,20251224,142,1,142
SO80899,MOB_SWA-1022,25594,3,20251214,20251220,20251224,39168,3,13056
SO80900,MOB_TAB-1012,22070,7,20251204,20251206,20251220,77044,2,38522
SO80900,COM_RAM-1001,22070,7,20251204,20251206,20251220,8060,2,4030
SO80900,GAM_ACC-1003,22070,7,20251204,20251206,20251220,8715,3,2905
SO80901,COM_STR-1011,22900,6,20251215,20251218,20251231,8701,1,8701
SO80902,ACC_CHG-1016,23595,7,20251222,20251229,20260105,2382,3,794
SO80903,DIS_TVS-1013,23633,2,20251205,20251211,20251223,108105,3,36035
SO80904,DIS_MON-1004,20861,4,20251210,20251215,20251221,6119,1,6119
SO80905,COM_MTB-1002,25310,5,20251204,20251206,20251221,9558,1,9558
SO80906,GAM_CON-1008,25588,7,20251210,20251220,20251228,35704,2,17852
SO80907, ACC_PWB-1007,27144,3,20251206,20251211,20251226,2701,1,2701
SO80908,COM_LAP-1013,25740,3,20251218,20251226,20260106,44706,1,44706
SO80909,COM_LAP-1003,23796,3,20251212,20251216,20251226,71314,2,35657
SO80910,GAM_CON-1018,21848,4,20251227,20251230,20260110,12179,1,12179
SO80911,ACC_CAS-1004,25998,5,20251205,20251210,20251220,2326,2,1163
SO80912,GAM_CTR-1009,20141,7,20251211,20251220,20251229,2476,1,2476
SO80913,ACC_CAB-1020,27664,7,20251216,20251222,20251228,456,1,456
SO80914,GAM_CON-1015,22802,2,20251229,20260102,20260111,29080,1,29080
SO80914,COM_GPU-1006,22802,2,20251229,20260102,20260111,70944,1,70944
SO80914,ACC_CAS-1003,22802,2,20251229,20260102,20260111,688,1,688
SO80915,COM_LAP-1009,24262,7,20251228,20251231,20260109,28788,1,28788
SO80915,COM_RAM-1003,24262,7,20251228,20251231,20260109,2918,2,1459
SO80915,COM_LAP-1014,24262,7,20251228,20251231,20260109,3651,3,1217
SO80916,ACC_CAS-1002,24239,4,20251230,20260109,20260117,553,1,553
SO80917,COM_LAP-1013,21348,1,20251219,20251224,20251231,87652,2,43826
SO80917,ACC_CHG-1013,21348,1,20251219,20251224,20251231,693,1,693
SO80918,ACC_CAB-1018,26131,4,20251228,20260105,20260108,1286,1,1286
SO80918,COM_STR-1016,26131,4,20251228,20260105,20260108,5530,1,-5530
SO80919,MOB_SMP-1007,25983,6,20251224,20251227,20260111,19866,2,9933
SO80920,DIS_TVS-1004,25930,4,20251204,20251210,20251220,173778,3,57926
SO80921,COM_LAP-1007,22753,3,20251227,20251231,20260107,105046,1,105046
SO80922,GAM_CON-1020,20443,1,20251219,20251228,20260107,30472,1,30472
SO80922,GAM_CTR-1009,20443,1,20251219,20251228,20260107,5172,2,2586
SO80922,MOB_SMP-1003,20443,1,20251219,20251228,20260107,23128,1,23128
SO80922,GAM_CON-1013,20443,1,20251219,20251228,20260107,27988,1,27602
SO80922,ACC_CHG-1006,20443,1,20251219,20251228,20260107,903,1,903
SO80923,GAM_ACC-1004,24087,7,20251217,20251223,20251229,620,1,620
SO80924,COM_LAP-1005,22495,3,20251208,20251211,20251219,210130,2,105065
SO80924,COM_DSK-1009,22495,3,20251208,20251211,20251219,3717,3,1239
SO80925,ACC_CHG-1003,26531,1,20251213,20251216,20251223,630,2,315
SO80925,GAM_ACC-1014,26531,1,20251213,20251216,20251223,661,1,661
SO80925,COM_GPU-1010,26531,1,20251213,20251216,20251223,137774,2,68887
SO80925,GAM_CON-1011,26531,1,20251213,20251216,20251223,19617,1,19617
SO80926,COM_STR-1014,24452,6,20251213,20251223,20251224,9033,1,9033
SO80927,COM_DSK-1017,20362,3,20251215,20251220,20251231,72411,1,72411
SO80928,DIS_MON-1015,26771,1,20251210,0,20251228,2372,2,1186
SO80929,ACC_CAB-1004,22459,7,20251208,20251213,20251221,157,1,157
SO80930,DIS_TVS-1001,24793,5,20251230,20260104,20260116,10883,1,10883
SO80930,GAM_ACC-1002,24793,5,0,20260104,20260116,2508,2,1254
SO80931,ACC_PWB-1016,25711,5,20251212,20251221,20251222,1910,1,1910
SO80931,ACC_CAB-1003,25711,5,20251212,20251221,20251222,982,2,491
SO80931,MOB_SMP-1012,25711,5,20251212,20251221,20251222,1150,1,1150
SO80932,DIS_TVS-1007,22737,7,20251210,20251215,20251223,39964,2,19982
SO80932,DIS_MON-1014,22737,7,20251210,20251215,20251223,6237,1,6237
SO80933,GAM_CON-1003,23349,2,20251206,20251214,20251224,1342,1,1342
SO80934,COM_GPU-1006,22398,6,20251228,20251230,20260115,64991,1,64991
SO80935,COM_MTB-1003,22810,1,20251223,20251226,20260106,7755,1,0
SO80936,ACC_CHG-1003,26341,5,20251225,20260103,20260106,295,1,295
SO80936,GAM_CTR-1004,26341,5,20251225,20260103,20260106,9108,2,4554
SO80937,MOB_SWA-1005,23634,1,20251202,0,20251212,24608,2,12304
SO80937,MOB_TAB-1011,23634,1,20251202,20251205,20251212,21423,1,21423
SO80938,COM_GPU-1004,24075,7,20251201,20251208,20251217,,2,30824
SO80939,GAM_CTR-1009,22003,6,20251203,20251205,20251217,7755,3,2585
SO80939,DIS_MON-1002,22003,6,20251203,20251205,20251217,31840,2,15920
SO80939,GAM_CON-1018,22003,6,20251203,20251205,20251217,24710,2,12595
SO80940,COM_DSK-1004,20599,4,20251221,20251231,20260101,56962,2,28481
SO80941,ACC_CAB-1003,26040,1,20251210,20251215,20251224,1347,3,449
SO80941,ACC_PWB-1018,26040,1,20251210,20251215,20251224,6888,3,2296
SO80941,ACC_CAB-1003,26040,1,20251210,20251215,20251224,457,1,457
SO80942,DIS_TVS-1013,22205,6,20251228,20260103,20260117,36921,1,36921
SO80942,COM_LAP-1014,22205,6,20251228,20260103,20260117,2696,2,0
SO80942,MOB_TAB-1010,22205,6,20251228,20260103,20260117,14298,1,0
SO80942,COM_RAM-1002,22205,6,20251228,20260103,20260117,3743,1,3743
SO80943,COM_DSK-1017,23309,7,20251208,20251215,20251223,149016,2,74508
SO80943,ACC_CAS-1005,23309,7,20251208,20251215,20251223,427,1,427
SO80944,DIS_MON-1007,27904,2,20251219,20251228,20251229,10509,1,10509
SO80944,COM_MTB-1008,27904,2,20251219,20251228,20251229,11723,1,11723
SO80945,DIS_MON-1005,23260,4,20251219,20251223,20260107,37374,2,18687
SO80946,COM_RAM-1002,20446,3,0,20260101,20260111,4008,1,4008
SO80946,DIS_TVS-1003,20446,3,20251230,20260101,20260111,31354,2,15677
SO80946,ACC_PWB-1009,20446,3,20251230,20260101,20260111,743,1,743
SO80946,COM_GPU-1011,20446,3,20251230,20260101,20260111,39738,1,39738
SO80947,MOB_SWA-1021,26231,4,20251214,20251216,20251229,10897,1,10897
SO80948,GAM_CTR-1007,20853,5,20251210,20251213,20251226,7482,2,3741
SO80949,GAM_CON-1003,24108,6,20251213,20251222,20260102,3531,3,1177
SO80950,GAM_CTR-1004,26808,6,20251206,20251208,20251226,9410,2,4705
SO80950,ACC_CAB-1018,26808,6,20251206,0,20251226,1322,1,1322
SO80950,COM_STR-1017,26808,6,20251206,20251208,20251226,8597,1,8597
SO80951,MOB_SMP-1009,27524,4,20251222,20251228,20260107,101990,2,50995
SO80951,COM_DSK-1004,27524,4,20251222,20251228,20260107,57820,2,28910
SO80952,MOB_SWA-1022,27996,4,20251214,20251218,20251226,14202,1,0
SO80953,GAM_ACC-1016,27473,6,20251215,20251217,20260102,5610,3,1870
SO80953,COM_DSK-1009,27473,6,20251215,20251217,20260102,1325,1,1325
SO80954,ACC_CAS-1011,25958,7,20251228,20251230,20260110,2145,3,715
SO80955,COM_DSK-1018,20639,6,20251207,20251216,20251221,32112,1,32112
SO80956,GAM_ACC-1003,26312,2,20251210,20251213,20251222,3031,1,3031
SO80957,MOB_TAB-1015,22272,1,20251230,20260104,20260119,58454,2,29227
SO80958,COM_LAP-1015,22546,3,20251223,20251230,20260106,130126,2,65063
SO80959,DIS_MON-1010,27457,6,20251211,20251221,20251225,14742,1,14742
SO80960,MOB_SMP-1010,20774,7,20251208,20251212,20251220,8892,2,4446
SO80961,GAM_ACC-1004,22454,5,20251224,20260102,20260105,1312,2,656
SO80962, COM_RAM-1001,24125,2,20251228,20260101,20260116,8536,2,4268
SO80963,MOB_SWA-1010,20956,7,20251219,20251225,20260107,10128,1,10128
SO80964,MOB_SWA-1014,25531,3,20251203,20251207,20251216,6638,1,6638
SO80965,ACC_CAB-1007,24017,1,20251221,20251224,20260110,374,1,374
SO80966,DIS_TVS-1006,24897,6,20251202,20251206,20251217,127162,2,63581
SO80967,COM_RAM-1008,27425,6,20251229,20260107,20260118,3770,1,3770
SO80968,GAM_CTR-1007,21065,3,20251211,20251220,20251227,3989,1,3989
SO80968,GAM_CON-1004,21065,3,20251211,20251220,20251227,28244,1,28244
SO80969,GAM_CTR-1010,25230,2,20251209,20251212,20251225,1749,1,0
SO80970,ACC_CAB-1016,22899,5,20251201,20251209,20251214,120,1,120
SO80971,MOB_SWA-1023,20373,7,20251213,20251218,20251231,33687,3,11229
SO80971,GAM_CTR-1017,20373,7,20251213,20251218,20251231,1557,1,1557
SO80972,DIS_MON-1007,20989,6,20251204,20251210,20251220,12112,1,12112
SO80972,GAM_CTR-1007,20989,6,20251204,20251210,20251220,7734,2,3867
SO80973,COM_DSK-1002,22998,3,20251212,20251215,20260101,45311,1,45311
SO80974,GAM_ACC-1011,23783,3,20251215,20251219,20251225,1644,1,1644
SO80974,ACC_CAS-1012,23783,3,20251215,20251219,20251225,3618,3,1206
SO80975,COM_DSK-1007,22457,5,20251215,20251222,20260102,93068,2,0
SO80975,COM_STR-1001,22457,5,20251215,20251222,20260102,7382,1,7382
SO80975,GAM_CON-1006,22457,5,20251215,20251222,20260102,25460,1,25460
SO80976,COM_MTB-1003,26064,7,20251201,20251209,20251212,16261,2,7993
SO80977,DIS_TVS-1001,26786,6,20251203,20251210,20251217,30876,3,10292
SO80978,GAM_CON-1010,24424,5,20251201,20251211,20251212,55932,2,0
SO80979,MOB_SWA-1022,27166,6,20251209,20251214,20251225,14106,1,14106
SO80980,ACC_PWB-1007,22477,2,20251227,0,20260112,5116,2,2558
SO80981,MOB_SMP-1005,26463,1,20251230,20260106,20260109,104224,2,52112
SO80982,COM_RAM-1001,26032,1,20251216,20251226,20251229,12030,3,4010
SO80982,COM_MTB-1008,26032,1,20251216,20251226,20251229,11215,1,11215
SO80983,MOB_SWA-1018,24261,1,20251203,20251212,20251220,10834,1,10834
SO80984,ACC_PWB-1007,22919,4,20251210,20251213,20251220,5774,2,2887
SO80985,DIS_TVS-1009,20522,5,20251214,20251221,20251226,15842,1,15842
SO80986,GAM_CTR-1012,22770,1,20251227,20251229,20260106,5952,3,1984
SO80986,GAM_CTR-1011,22770,1,20251227,20251229,20260106,1438,1,-1438
SO80986,ACC_CAB-1012,22770,1,20251227,20251229,20260106,692,2,346
SO80987,MOB_TAB-1001,20277,1,20251220,20251225,20251230,34824,3,11608
SO80988,MOB_TAB-1001,24811,5,20251219,20251225,20260104,12563,1,12563
SO80989,COM_RAM-1010,21021,3,20251206,20251211,20251217,1371,1,1371
SO80990,DIS_TVS-1005,24424,2,20251216,20251226,20260103,44284,1,44284
SO80991,GAM_CON-1005,22843,2,20251213,20251221,20251229,55088,2,27544
SO80992,GAM_CTR-1013,21841,7,20251222,20251226,20260107,3681,3,1227
SO80993,COM_STR-1007,22515,1,20251212,20251218,20251231,7562,1,7562
SO80994,GAM_CON-1009,25435,1,20251213,20251216,20251227,20537,1,0
SO80995,ACC_CAS-1010,23173,1,20251208,20251217,20251223,375,1,375
SO80996,COM_STR-1005,22042,7,20251212,20251220,20251231,5103,1,5103
SO80997,GAM_CTR-1010,22683,5,0,20251225,20260107,1660,1,1660
SO80998,DIS_TVS-1001,27466,6,20251212,20251217,20251227,9956,1,9956
SO80999,DIS_MON-1010,20019,2,20251202,20251206,20251217,44415,3,14805
SO81000,COM_STR-1008,21827,7,20251203,20251212,20251221,11844,3,3948
SO81001,ACC_PWB-1002,26255,6,20251207,20251214,20251226,1196,2,598
SO81001,ACC_CAB-1010,26255,6,20251207,20251214,20251226,491,1,491
SO81002, GAM_ACC-1015,27843,7,20251217,20251227,20251230,4571,1,4571
SO81003,DIS_TVS-1011,26421,2,20251209,20251214,20251220,53056,1,53056
SO81004,GAM_CTR-1017,20874,7,20251231,0,20260113,3162,2,1581
SO81004, COM_MTB-1007,20874,7,20251231,20260108,20260113,6508,2,3254
SO81005,MOB_SWA-1001,23259,3,20251207,20251211,20251225,13074,1,13074
SO81005,COM_STR-1016,23259,3,20251207,20251211,20251225,18048,3,6016
SO81006,COM_GPU-1008,26176,3,20251204,20251210,20251215,44096,1,44096
SO81007,ACC_CHG-1003,24237,2,20251225,20251230,20260114,324,1,324
SO81008,COM_DSK-1013,25977,1,20251223,20251227,20260107,1159,1,1159
SO81009,MOB_TAB-1013,21953,5,20251222,20251228,20260110,17321,1,17321
SO81010, MOB_SWA-1010,24883,7,20251206,20251212,20251219,21414,2,10707
SO81011,GAM_ACC-1014,23807,6,20251217,20251226,20260103,716,1,716
SO81012,MOB_SWA-1013,20006,5,20251230,20260108,20260117,39975,3,13325
SO81012,DIS_TVS-1002,20006,5,20251230,20260108,20260117,17748,1,17748
SO81013,COM_MTB-1006,25090,7,20251224,20260101,20260103,8688,3,0
SO81014,COM_MTB-1002,20275,4,20251217,20251226,20260106,9800,1,9800
SO81015,MOB_SMP-1013,26218,7,20251204,20251212,20251222,105009,3,35003
SO81016,COM_DSK-1002,22201,7,20251213,20251217,20251231,97158,2,48827
SO81017,GAM_CON-1007,25124,7,20251217,20251219,20260103,71919,3,23973
SO81018,ACC_CAB-1003,20219,3,20251201,20251205,20251220,505,1,505
SO81018,ACC_CAS-1011,20219,3,20251201,20251205,20251220,732,1,732
SO81019,DIS_MON-1004,24221,1,20251210,20251220,20251222,5805,1,5805
SO81019,ACC_CAB-1006,24221,1,20251210,20251220,20251222,564,2,282
SO81019,GAM_CON-1008,24221,1,20251210,20251220,20251222,17628,1,17628
SO81020,ACC_CAS-1004,23198,2,20251204,20251207,20251221,1247,1,1247
SO81021,COM_RAM-1002,22306,7,20251208,20251216,20251220,12510,3,4170
SO81022,COM_LAP-1003,24244,4,20251212,20251218,20251226,76206,2,38103
SO81023,COM_RAM-1006,26190,6,20251211,20251216,20251230,5940,3,1980
SO81024,ACC_CAS-1014,22064,6,20251228,20251230,20260115,1248,2,624
SO81025,COM_STR-1017,24449,5,20251230,20260104,20260111,9134,1,9134
SO81026,ACC_PWB-1003,20989,7,20251227,20251230,20260107,5200,2,2600
SO81027,COM_DSK-1014,25191,5,20251208,20251210,20251221,68291,1,68291
SO81027,COM_RAM-1007,25191,5,20251208,20251210,20251221,6120,2,3060
SO81027,MOB_SWA-1019,25191,5,20251208,20251210,20251221,35829,3,11943
SO81028,COM_RAM-1015,24643,1,20251213,20251215,20251223,2962,1,2962
SO81028,ACC_CHG-1014,24643,1,20251213,20251215,20251223,790,2,395
SO81029,GAM_CON-1001,21001,5,20251230,20260102,20260116,82608,3,27536
SO81030,GAM_ACC-1006,24413,3,20251202,20251209,20251215,,1,3132
SO81030,GAM_ACC-1009,24413,3,20251202,20251209,20251215,7632,3,2544
SO81031,GAM_CTR-1015,22898,5,20251215,20251219,20251229,4410,1,4410
SO81032,COM_LAP-1005,21088,2,20251211,20251221,20251224,104775,1,104775
SO81032,ACC_CAB-1020,21088,2,20251211,20251221,20251224,488,1,488
SO81033,COM_GPU-1003,27609,1,20251223,20251229,20260112,3921,3,1307
SO81034,ACC_CHG-1016,20034,7,20251209,20251215,20251222,1618,2,809
SO81035,MOB_SWA-1008,22381,4,20251230,20260105,20260112,43788,3,14596
SO81035,GAM_ACC-1006,22381,4,20251230,20260105,20260112,3125,1,3125
SO81036,GAM_CTR-1005,24464,5,20251215,20251225,20251227,2096,1,2096
SO81037,ACC_CAB-1018,23604,1,20251214,20251222,20251230,2372,2,1186
SO81037,MOB_SWA-1003,23604,1,20251214,20251222,20251230,2318,1,2318
SO81038,ACC_PWB-1014,25889,3,20251230,20260109,20260109,2300,2,1150
SO81038,ACC_CHG-1003,25889,3,20251230,20260109,20260109,674,2,337
SO81038,GAM_ACC-1004,25889,3,20251230,20260109,20260109,620,1,620
SO81038,MOB_SMP-1003,25889,3,20251230,20260109,20260109,67863,3,22621
SO81039,MOB_SMP-1008,23736,1,20251217,20251224,20260104,16031,1,16031
SO81040,DIS_MON-1001,20452,7,20251224,20251231,20260105,13207,1,13207
SO81040,COM_RAM-1005,20452,7,20251224,20251231,20260105,8976,2,4520
SO81041,COM_STR-1002,20317,2,20251214,20251223,20260103,21048,3,7016
SO81042,COM_LAP-1015,23718,6,20251222,20251227,20260109,181716,3,60572
SO81042,GAM_CTR-1008,23718,6,20251222,20251227,20260109,2652,1,2652
SO81042,GAM_CON-1019,23718,6,20251222,20251227,20260109,1304,1,1304
SO81042,MOB_SWA-1004,23718,6,20251222,20251227,20260109,15199,1,15199
SO81043,GAM_CON-1015,20117,2,20251217,20251223,20251230,26040,1,-26040
SO81044,MOB_SWA-1010,26695,5,20251226,20260104,20260113,19250,2,9625
SO81045,COM_RAM-1006,21304,3,20251225,20251230,20260114,5532,3,1844
SO81046,GAM_CON-1016,21462,4,20251219,20251226,20260107,11089,1,11089
SO81047,GAM_CON-1005,24318,7,20251229,20260106,20260117,27763,1,27763
SO81048,COM_DSK-1001,22745,5,20251223,20260101,20260103,16418,1,16418
SO81049,MOB_SMP-1001,20794,2,20251212,20251221,20251230,46808,1,0
SO81049,GAM_ACC-1003,20794,2,20251212,20251221,20251230,3020,1,3020
SO81050,COM_LAP-1014,25803,3,20251205,20251211,20251218,3840,3,1280
SO81050,COM_RAM-1002,25803,3,20251205,0,20251218,3748,1,3748
SO81051,ACC_PWB-1010,24615,5,20251224,20251231,20260104,2693,1,2693
SO81052,GAM_CTR-1005,27573,1,20251226,20251229,20260106,4648,2,2324
SO81052,ACC_CHG-1014,27573,1,20251226,20251229,20260106,1266,3,422
SO81053,GAM_CTR-1011,21220,3,20251231,20260107,20260111,1567,1,1567
SO81053,ACC_CHG-1011,21220,3,20251231,20260107,20260111,1134,1,1134
SO81054,MOB_SMP-1003,26522,4,20251201,20251204,20251212,23303,1,23303
