CID,REGION
EG-25680,Sharqia
EG-20250,Gharbia
EG-22069,El-Sharqia
EG-25794,El-Sharqia
EG-20363,Cairo
EG-26436,Giza
EG-20102,El-Sharqia
EG-24854,Dakahlia
EG-22705,Qalyubia
EG-23272,CAI
EG-26395,Monufia
EG-21681,Gharbia
EG-25511,Mansoura Gov
EG-26539,Sharqia
EG-25136,Qalyubia
EG-24612,El-Sharqia
EG-22439,Gharbia
EG-26605,Gharbia
EG-22144,Qalyoubia
EG-25825,Gharbia
EG-22716,Cairo
EG-21816,El-Sharqia
EG-21231,Dakahlia
EG-25348,Alex
EG-21288,ALX
EG-26646,Sharqia
EG-20709,Giza
EG-24042,Mansoura Gov
EG-26858,Qalyubia
EG-25420,Qalyubia
EG-24286,Qalyoubia
EG-22119,ALX
EG-20729,El-Sharqia
EG-22791,ALX
EG-20705,Qalyubia
EG-25335,CAI
EG-23299,Monufia
EG-23371,Alex
EG-26922,Alex
EG-20775,Sharqia
EG-26180,Qalyubia
EG-26543,
EG-24000,Giza
EG-26854,Alex
EG-22975,Monufia
EG-24665,Sharqia
EG-23521,GZ
EG-21539,Gharbia
EG-20696,Monufia
EG-25408,El-Sharqia
EG-21685,Alexandria
EG-23352,CAI
EG-26041,
EG-22250,Mansoura Gov
EG-21644,Sharqia
EG-25693,Monufia
EG-25381,CAI
EG-24750,GZ
EG-23246,Qalyubia
EG-25897,
EG-21516,Qalyubia
EG-20871,GZ
EG-25230,Mansoura Gov
EG-24966,Alex
EG-24034,
EG-23109,
EG-22152,Gharbia
EG-20431,Dakahlia
EG-21592,ALX
EG-24954,
EG-26548,ALX
EG-21888,Alex
EG-21198,Gharbia
EG-23830,Mansoura Gov
EG-25671,Qalyubia
EG-21028,Giza
EG-23615,Mansoura Gov
EG-25705,Gharbia
EG-25204,
EG-23065,Cairo
EG-26424,Monufia
EG-20542,Alex
EG-22325,Dakahlia
EG-25900,Mansoura Gov
EG-25906,
EG-21201,Gharbia
EG-20779,Monufia
EG-22084,Gharbia
EG-22694,Monufia
EG-22349,Qalyubia
EG-23604,Sharqia
EG-24270,Sharqia
EG-20524,Dakahlia
EG-23487,Mansoura Gov
EG-24327,Giza
EG-24852,Monufia
EG-26018,Alex
EG-23289,Alexandria
EG-25585,CAI
EG-22915,Alexandria
EG-22864,Qalyoubia
EG-21206,
EG-20321,Sharqia
EG-24402,GZ
EG-23226,Gharbia
EG-21461,CAI
EG-20302,
EG-23676,Sharqia
EG-23115,Dakahlia
EG-23551,El-Sharqia
EG-24709,Mansoura Gov
EG-26474,Alexandria
EG-22206,
EG-21100,Monufia
EG-20594,Sharqia
EG-23652,Mansoura Gov
EG-20245,Cairo
EG-20093,Mansoura Gov
EG-25493,Dakahlia
EG-20426,GZ
EG-20769,Gharbia
EG-26476,
EG-24457,Sharqia
EG-26454,Qalyubia
EG-24342,CAI
EG-24634,Dakahlia
EG-22244,Alex
EG-23782,cairo
EG-25760,Dakahlia
EG-26301,Sharqia
EG-26644,Gharbia
EG-22831,Alex
EG-23688,Gharbia
EG-24595,ALX
EG-23249,El-Sharqia
EG-21330,
EG-20516,Gharbia
EG-24145,Mansoura Gov
EG-25373,Gharbia
EG-20196,El-Sharqia
EG-24335,Mansoura Gov
EG-20893,Cairo
EG-26762,Dakahlia
EG-25246,Gharbia
EG-23349,Giza
EG-21954,CAI
EG-26199,CAI
EG-23218,El-Sharqia
EG-20306,Qalyoubia
EG-21402,Giza
EG-20054,Cairo
EG-24698,GZ
EG-25892,Qalyubia
EG-26948,Alexandria
EG-21025,Sharqia
EG-24496,CAI
EG-23461,Qalyoubia
EG-24537,Gharbia
EG-25488,GZ
EG-25797,Gharbia
EG-23507,El-Sharqia
EG-20409,Giza
EG-22100,ALX
EG-26750,Qalyubia
EG-22243,Giza
EG-20030,Monufia
EG-25910,Qalyoubia
EG-26358,Qalyubia
EG-24931,Gharbia
EG-25450,Monufia
EG-24912,Giza
EG-24812,Gharbia
EG-24069,Monufia
EG-22866,
EG-26257,GZ
EG-23693,ALX
EG-26779,Alex
EG-20510,Qalyubia
EG-26890,El-Sharqia
EG-20956,Gharbia
EG-24588,CAI
EG-23071,Cairo
EG-20791,cairo
EG-23100,
EG-24181,cairo
EG-24108,cairo
EG-25133,Gharbia
EG-26661,Dakahlia
EG-23425,El-Sharqia
EG-21437,Mansoura Gov
EG-20386,Gharbia
EG-22523,Giza
EG-21740,Gharbia
EG-25232,Giza
EG-23704,Giza
EG-24211,Alexandria
EG-24223,CAI
EG-26888,cairo
EG-20738,Qalyubia
EG-26546,El-Sharqia
EG-25405,Alex
EG-26564,Giza
EG-22593,Alex
EG-24344,Gharbia
EG-20771,El-Sharqia
EG-22418,
EG-20531,El-Sharqia
EG-20157,Qalyoubia
EG-24414,Cairo
EG-25694,Dakahlia
EG-24492,GZ
EG-21527,Gharbia
EG-23182,Monufia
EG-26164,Dakahlia
EG-22630,Gharbia
EG-21163,Gharbia
EG-26023,Gharbia
EG-22965,Monufia
EG-23651,Alex
EG-22936,
EG-25385,Giza
EG-25902,CAI
EG-23467,Alex
EG-24889,Qalyoubia
EG-20293,
EG-23636,Gharbia
EG-24506,Cairo
EG-25514,Cairo
EG-21398,
EG-21624,Mansoura Gov
EG-24670,Mansoura Gov
EG-26119,Mansoura Gov
EG-22169,Gharbia
EG-22456,Qalyoubia
EG-25885,ALX
EG-24343,Alexandria
EG-25627,
EG-20388,Gharbia
EG-25196,Dakahlia
EG-25875,Monufia
EG-22098,CAI
EG-24347,El-Sharqia
EG-23924,Monufia
EG-21734,Cairo
EG-22233,El-Sharqia
EG-20095,ALX
EG-22580,Mansoura Gov
EG-23732,Gharbia
EG-20550,Dakahlia
EG-23811,
EG-25046,El-Sharqia
EG-25805,Alex
EG-24289,El-Sharqia
EG-26738,
EG-22795,Giza
EG-23726,Gharbia
EG-22800,Qalyubia
EG-25997,Sharqia
EG-21671,Cairo
EG-24827,Alexandria
EG-22135,
EG-23296,Monufia
EG-21637,Gharbia
EG-22350,Dakahlia
EG-21603,Monufia
EG-20520,Qalyoubia
EG-23022,El-Sharqia
EG-21469,Dakahlia
EG-20084,Qalyoubia
EG-24494,El-Sharqia
EG-25273,Dakahlia
EG-26788,Alex
EG-22982,Gharbia
EG-24172,ALX
EG-20408,Mansoura Gov
EG-25259,Mansoura Gov
EG-21077,Alexandria
EG-24834,
EG-24541,Qalyubia
EG-21151,Sharqia
EG-22712,Mansoura Gov
EG-20718,Cairo
EG-26345,Dakahlia
EG-23434,Qalyoubia
EG-26115,Qalyubia
EG-21374,
EG-24383,El-Sharqia
EG-20678,CAI
EG-23231,
EG-23729,Dakahlia
EG-25989,El-Sharqia
EG-25333,El-Sharqia
EG-21523,Sharqia
EG-26072,Cairo
EG-25492,ALX
EG-23644,cairo
EG-25075,GZ
EG-23080,cairo
EG-26446,Gharbia
EG-23267,Gharbia
EG-26381,Sharqia
EG-22255,El-Sharqia
EG-20577,
EG-20044,Alex
EG-20407,Mansoura Gov
EG-20591,Qalyubia
EG-21097,Monufia
EG-24151,Sharqia
EG-21910,
EG-25799,Monufia
EG-22168,Mansoura Gov
EG-22224,El-Sharqia
EG-25065,El-Sharqia
EG-21354,Alexandria
EG-20507,Gharbia
EG-25412,
EG-23985,GZ
EG-25151,Gharbia
EG-21912,El-Sharqia
EG-20545,Cairo
EG-20190,
EG-24170,CAI
EG-21780,Gharbia
EG-25687,Giza
EG-23973,Monufia
EG-20164,El-Sharqia
EG-26040,GZ
EG-24367,Gharbia
EG-25022,Qalyoubia
EG-26849,Gharbia
EG-22774,Alex
EG-21700,Cairo
EG-24059,
EG-24041,Alexandria
EG-25107,ALX
EG-24721,Mansoura Gov
EG-25762,Sharqia
EG-24370,Monufia
EG-22620,Gharbia
EG-26793,Qalyubia
EG-24999,ALX
EG-23236,Qalyoubia
EG-22939,CAI
EG-21248,Monufia
EG-24423,Giza
EG-22412,
EG-22540,Mansoura Gov
EG-22713,Cairo
EG-22362,Gharbia
EG-20499,GZ
EG-23132,CAI
EG-22245,Alexandria
EG-25719,Gharbia
EG-25013,GZ
EG-24002,Gharbia
EG-23836,Monufia
EG-23571,Sharqia
EG-24432,Gharbia
EG-24986,cairo
EG-23850,cairo
EG-24828,Gharbia
EG-24673,cairo
EG-20478,Cairo
EG-26807,Giza
EG-21208,Qalyubia
EG-25952,Qalyoubia
EG-21800,Cairo
EG-25751,Mansoura Gov
EG-24307,Dakahlia
EG-22447,cairo
EG-24580,
EG-20942,Qalyubia
EG-24737,
EG-22662,Mansoura Gov
EG-20120,CAI
EG-20155,Gharbia
EG-20078,Gharbia
EG-20810,Dakahlia
EG-26312,
EG-23004,Qalyoubia
EG-25716,El-Sharqia
EG-25282,Gharbia
EG-24658,Sharqia
EG-26002,Mansoura Gov
EG-25688,Qalyubia
EG-23176,Dakahlia
EG-24887,Qalyoubia
EG-26608,Monufia
EG-21696,Gharbia
EG-25544,Alex
EG-22894,Giza
EG-22193,ALX
EG-20680,Sharqia
EG-24806,Monufia
EG-24149,
EG-24680,Dakahlia
EG-21719,
EG-21433,Sharqia
EG-20343,Alexandria
EG-26829,cairo
EG-24567,Monufia
EG-24729,
EG-24872,CAI
EG-22024,Dakahlia
EG-23492,Gharbia
EG-26231,
EG-22649,
EG-24843,Qalyubia
EG-22682,Monufia
EG-22587,CAI
EG-21378,Qalyoubia
EG-21917,Giza
EG-23078,Gharbia
EG-23448,Gharbia
EG-21408,Monufia
EG-23333,Qalyubia
EG-25839,
EG-22125,
EG-21632,GZ
EG-23673,Monufia
EG-25731,El-Sharqia
EG-23711,GZ
EG-20604,Gharbia
EG-22595,Alex
EG-23734,Sharqia
EG-25695,Gharbia
EG-26184,Dakahlia
EG-24387,Dakahlia
EG-24822,GZ
EG-26769,Giza
EG-26928,GZ
EG-24068,Monufia
EG-25704,Mansoura Gov
EG-20376,GZ
EG-21597,Gharbia
EG-24332,Qalyubia
EG-23909,
EG-21149,Qalyoubia
EG-23202,
EG-21096,Qalyubia
EG-26096,
EG-21014,Gharbia
EG-23817,ALX
EG-24130,Gharbia
EG-24262,Qalyubia
EG-21371,
EG-24953,Sharqia
EG-21692,
EG-25515,Sharqia
EG-26082,Gharbia
EG-20612,El-Sharqia
EG-26887,Gharbia
EG-22527,Alex
EG-24583,Gharbia
EG-23683,Gharbia
EG-25891,Dakahlia
EG-26944,ALX
EG-26089,Monufia
EG-24962,Qalyubia
EG-22553,
EG-23832,El-Sharqia
EG-23198,Alexandria
EG-24915,Dakahlia
EG-25398,Sharqia
EG-21964,Monufia
EG-21152,Gharbia
EG-22703,GZ
EG-26054,ALX
EG-23848,
EG-21492,Dakahlia
EG-23101,Gharbia
EG-20401,Alexandria
EG-22318,Alex
EG-22329,Qalyubia
EG-26369,GZ
EG-24998,Monufia
EG-26998,Alex
EG-25116,Qalyubia
EG-21109,GZ
EG-22880,Sharqia
EG-25521,Gharbia
EG-21225,Mansoura Gov
EG-26396,ALX
EG-25319,Monufia
EG-21037,Gharbia
EG-24324,Monufia
EG-20333,Monufia
EG-21877,
EG-24796,ALX
EG-26076,Dakahlia
EG-26502,Qalyubia
EG-20285,cairo
EG-24650,Monufia
EG-24596,Qalyoubia
EG-24536,Qalyoubia
EG-26399,Dakahlia
EG-20010,Sharqia
EG-21273,Mansoura Gov
EG-22802,Monufia
EG-25287,
EG-21926,Giza
EG-23008,El-Sharqia
EG-21178,cairo
EG-22041,Sharqia
EG-22524,Alex
EG-24529,GZ
EG-22335,
EG-23625,El-Sharqia
EG-26159,Gharbia
EG-25489,El-Sharqia
EG-20806,Mansoura Gov
EG-21200,Gharbia
EG-26739,Gharbia
EG-22472,Sharqia
EG-24760,Dakahlia
EG-23959,cairo
EG-23956,Monufia
EG-24419,El-Sharqia
EG-24072,Qalyubia
EG-25144,Alex
EG-21446,Qalyoubia
EG-23544,El-Sharqia
EG-24202,GZ
EG-22933,Mansoura Gov
EG-23365,Qalyoubia
EG-22590,Cairo
EG-22989,cairo
EG-26673,Gharbia
EG-20117,El-Sharqia
EG-22940,CAI
EG-25640,Qalyoubia
EG-21094,cairo
EG-24248,
EG-22291,Qalyoubia
EG-21941,
EG-20079,Cairo
EG-22454,ALX
EG-22417,cairo
EG-21998,Gharbia
EG-25345,Dakahlia
EG-22473,Sharqia
EG-21229,
EG-26698,Gharbia
EG-23429,GZ
EG-22172,Qalyoubia
EG-26162,
EG-22947,Alexandria
EG-21301,Monufia
EG-21292,Qalyoubia
EG-20323,GZ
EG-21866,El-Sharqia
EG-25016,Gharbia
EG-22361,Alexandria
EG-24593,Gharbia
EG-26601,
EG-22892,Dakahlia
EG-22038,Sharqia
EG-26417,Monufia
EG-25995,cairo
EG-22021,Qalyubia
EG-20839,Cairo
EG-25334,
EG-24385,Qalyoubia
EG-23066,GZ
EG-22411,Alexandria
EG-21988,
EG-24018,cairo
EG-24390,Qalyoubia
EG-21517,Alex
EG-25228,El-Sharqia
EG-23480,Qalyubia
EG-25239,Alex
EG-26850,Mansoura Gov
EG-22624,
EG-25317,Alex
EG-24624,Alex
EG-22460,
EG-22806,Qalyubia
EG-24360,Alexandria
EG-25468,Gharbia
EG-21552,Qalyubia
EG-24410,Gharbia
EG-26367,cairo
EG-25132,
EG-25288,Dakahlia
EG-22730,Monufia
EG-21521,ALX
EG-20727,CAI
EG-22423,
EG-24946,
EG-22865,
EG-23741,
EG-25702,El-Sharqia
EG-25508,Alexandria
EG-26176,
EG-25104,Giza
EG-22735,Sharqia
EG-23907,Monufia
EG-23220,
EG-26666,
EG-23269,
EG-20199,Gharbia
EG-21416,Alex
EG-26305,Monufia
EG-26353,El-Sharqia
EG-22321,Gharbia
EG-22306,Gharbia
EG-20412,El-Sharqia
EG-20625,Mansoura Gov
EG-20878,Monufia
EG-26235,Alexandria
EG-22364,Cairo
EG-21589,cairo
EG-21467,Dakahlia
EG-26217,Monufia
EG-20395,Mansoura Gov
EG-22601,
EG-26008,Cairo
EG-22221,Cairo
EG-24308,El-Sharqia
EG-24208,Alexandria
EG-20038,Qalyubia
EG-21832,Alexandria
EG-23908,Monufia
EG-21344,Giza
EG-20861,Monufia
EG-24031,Qalyoubia
EG-24544,El-Sharqia
EG-24269,cairo
EG-23591,
EG-24576,Qalyubia
EG-22548,El-Sharqia
EG-22434,Qalyoubia
EG-20631,Dakahlia
EG-26122,Mansoura Gov
EG-22874,Mansoura Gov
EG-26915,Qalyubia
EG-20391,Dakahlia
EG-22999,Dakahlia
EG-26902,Gharbia
EG-24569,Gharbia
EG-26048,Gharbia
EG-26219,Gharbia
EG-21131,CAI
EG-24560,Cairo
EG-23203,Qalyubia
EG-25955,Qalyoubia
EG-20424,Sharqia
EG-23895,cairo
EG-22059,Gharbia
EG-24374,Alex
EG-22719,El-Sharqia
EG-21534,Cairo
EG-24643,Giza
EG-24176,Qalyubia
EG-23077,
EG-23772,Sharqia
EG-26300,Sharqia
EG-23007,Dakahlia
EG-22733,
EG-22338,Mansoura Gov
EG-21155,Mansoura Gov
EG-21302,Mansoura Gov
EG-25650,Gharbia
EG-24436,GZ
EG-21970,Mansoura Gov
EG-24642,Gharbia
EG-21397,Gharbia
EG-22534,Dakahlia
EG-23998,El-Sharqia
EG-26134,
EG-21512,GZ
EG-25224,CAI
EG-25177,El-Sharqia
EG-25625,ALX
EG-20171,
EG-25647,GZ
EG-24361,Mansoura Gov
EG-20747,Qalyubia
EG-23829,ALX
EG-21297,Gharbia
EG-24062,Sharqia
EG-26620,Gharbia
EG-25471,
EG-22862,
EG-26825,Alexandria
EG-21110,Alex
EG-26818,Gharbia
EG-24146,Dakahlia
EG-26984,Mansoura Gov
EG-21824,CAI
EG-24841,
EG-22542,
EG-21413,Gharbia
EG-22814,Qalyoubia
EG-24675,ALX
EG-23162,Qalyubia
EG-21497,Alexandria
EG-26870,Qalyoubia
EG-21878,Gharbia
EG-23661,Monufia
EG-22401,Monufia
EG-20842,
EG-25636,
EG-20694,Alexandria
EG-25524,Gharbia
EG-20857,El-Sharqia
EG-21480,Sharqia
EG-20890,Gharbia
EG-22026,Qalyubia
EG-26333,Giza
EG-22607,Qalyoubia
EG-20958,Alex
EG-20892,Mansoura Gov
EG-23280,Giza
EG-23882,Monufia
EG-21651,Sharqia
EG-23620,Mansoura Gov
EG-22142,GZ
EG-25458,Gharbia
EG-24949,Monufia
EG-26318,Cairo
EG-23530,Mansoura Gov
EG-21444,ALX
EG-25152,Monufia
EG-25313,Gharbia
EG-21401,Cairo
EG-20366,
EG-21434,Alex
EG-20777,Qalyubia
EG-22720,Qalyubia
EG-22201,
EG-22503,Giza
EG-21057,Qalyubia
EG-21984,Qalyubia
EG-24352,Gharbia
EG-25008,Sharqia
EG-24978,Monufia
EG-21919,GZ
EG-26724,El-Sharqia
EG-22187,Qalyoubia
EG-25593,Gharbia
EG-23639,GZ
EG-26979,
EG-24418,Cairo
EG-22220,Qalyoubia
EG-21687,Sharqia
EG-23814,Mansoura Gov
EG-22289,Giza
EG-20027,Gharbia
EG-21027,GZ
EG-25252,Alexandria
EG-23995,
EG-25361,Sharqia
EG-24459,cairo
EG-20134,Mansoura Gov
EG-23110,Mansoura Gov
EG-25212,Mansoura Gov
EG-26515,Alexandria
EG-26542,Gharbia
EG-26989,Monufia
EG-20174,Alex
EG-24919,El-Sharqia
EG-21156,Qalyoubia
EG-21345,Mansoura Gov
EG-23609,Alexandria
EG-22758,Gharbia
EG-20825,
EG-22966,Qalyubia
EG-24558,ALX
EG-25105,Sharqia
EG-22767,Giza
EG-25973,ALX
EG-25305,Qalyoubia
EG-22941,ALX
EG-26518,Qalyubia
EG-21789,
EG-20439,
EG-26968,Qalyubia
EG-26444,Qalyoubia
EG-25534,Cairo
EG-25368,Mansoura Gov
EG-20894,Sharqia
EG-25697,Qalyoubia
EG-22061,cairo
EG-21321,Qalyoubia
EG-22455,Gharbia
EG-23317,CAI
EG-24686,CAI
EG-23569,Sharqia
EG-21711,Gharbia
EG-23929,Qalyubia
EG-20787,Qalyoubia
EG-20304,
EG-24749,Gharbia
EG-24793,Qalyubia
EG-24995,Qalyoubia
EG-23281,El-Sharqia
EG-22230,Monufia
EG-20736,ALX
EG-21373,
EG-22102,cairo
EG-24805,Gharbia
EG-22991,CAI
EG-23183,Cairo
EG-26791,Qalyoubia
EG-24396,Qalyubia
EG-25618,Gharbia
EG-20605,Qalyoubia
EG-24881,Mansoura Gov
EG-26734,Sharqia
EG-21007,Gharbia
EG-20874,Alexandria
EG-21150,CAI
EG-24752,Giza
EG-20633,Alexandria
EG-26308,Cairo
EG-23684,Alex
EG-22182,Qalyubia
EG-21189,Cairo
EG-23508,Qalyubia
EG-25049,Gharbia
EG-22215,Gharbia
EG-20943,ALX
EG-20579,Alexandria
EG-20726,
EG-23703,
EG-25631,Alexandria
EG-21116,Gharbia
EG-21702,
EG-22079,Mansoura Gov
EG-25366,Qalyubia
EG-23468,Monufia
EG-26354,Mansoura Gov
EG-20132,Monufia
EG-26691,El-Sharqia
EG-24266,Qalyubia
EG-20049,Dakahlia
EG-24653,
EG-20235,El-Sharqia
EG-21002,Dakahlia
EG-21922,Gharbia
EG-20821,Qalyubia
EG-24053,Qalyoubia
EG-20866,El-Sharqia
EG-24278,ALX
EG-23919,Mansoura Gov
EG-26200,Alexandria
EG-26758,GZ
EG-20456,Mansoura Gov
EG-21892,Gharbia
EG-23407,Monufia
EG-21709,Sharqia
EG-20608,Cairo
EG-21840,Cairo
EG-25823,
EG-26689,GZ
EG-23679,CAI
EG-24969,ALX
EG-21252,Sharqia
EG-20870,
EG-24687,Giza
EG-20352,CAI
EG-21809,CAI
EG-25778,Monufia
EG-26959,
EG-26121,Qalyubia
EG-24232,Monufia
EG-25563,Sharqia
EG-24037,Gharbia
EG-25178,Sharqia
EG-20926,Alexandria
EG-23941,Cairo
EG-20657,Alex
EG-24194,El-Sharqia
EG-22561,cairo
EG-23187,Giza
EG-20272,Monufia
EG-23112,
EG-25864,Gharbia
EG-23859,Giza
EG-26628,Dakahlia
EG-22248,Qalyoubia
EG-26322,Gharbia
EG-25220,
EG-25108,Qalyubia
EG-25922,Gharbia
EG-24294,Giza
EG-20547,Qalyoubia
EG-22988,Qalyoubia
EG-25766,Gharbia
EG-21906,
EG-21504,El-Sharqia
EG-20260,Gharbia
EG-25739,Alex
EG-20835,CAI
EG-20241,ALX
EG-25732,Qalyoubia
EG-23840,Mansoura Gov
EG-26131,CAI
EG-26342,
EG-25522,Monufia
EG-22970,Alexandria
EG-22920,ALX
EG-24212,Sharqia
EG-21600,El-Sharqia
EG-26366,Mansoura Gov
EG-20198,Monufia
EG-23575,Qalyoubia
EG-21230,Gharbia
EG-26951,Qalyoubia
EG-21318,Giza
EG-24201,
EG-26814,GZ
EG-24879,Qalyubia
EG-25449,CAI
EG-20921,ALX
EG-23381,GZ
EG-24842,Gharbia
EG-22451,Monufia
EG-20296,Giza
EG-22062,Qalyoubia
EG-26304,ALX
EG-26587,Alex
EG-21968,El-Sharqia
EG-23387,Gharbia
EG-22725,Dakahlia
EG-25918,Qalyubia
EG-20189,
EG-24426,Dakahlia
EG-25758,
EG-24103,Qalyubia
EG-21289,Mansoura Gov
EG-25083,
EG-20053,GZ
EG-21694,Qalyoubia
EG-20803,GZ
EG-20945,GZ
EG-24513,Giza
EG-23454,CAI
EG-20074,Gharbia
EG-26410,El-Sharqia
EG-26685,Gharbia
EG-24758,
EG-25337,Giza
EG-20920,
EG-23311,Gharbia
EG-23194,Qalyoubia
EG-26303,Gharbia
EG-26821,CAI
EG-22798,
EG-25940,Alexandria
EG-25253,Monufia
EG-20453,El-Sharqia
EG-24568,Qalyubia
EG-26361,Giza
EG-23313,Sharqia
EG-21166,Qalyubia
EG-22064,Qalyubia
EG-26591,cairo
EG-22753,GZ
EG-22757,CAI
EG-21610,Gharbia
EG-24239,Gharbia
EG-20716,CAI
EG-25586,Sharqia
EG-20420,Qalyoubia
EG-26749,Sharqia
EG-26079,Gharbia
EG-22188,Alexandria
EG-21256,Mansoura Gov
EG-24657,Alexandria
EG-24154,Giza
EG-26097,Giza
EG-23254,Monufia
EG-22584,Gharbia
EG-24497,Alex
EG-22951,Alex
EG-20773,GZ
EG-22000,cairo
EG-23877,Gharbia
EG-25044,
EG-23969,GZ
EG-21316,Dakahlia
EG-24011,Mansoura Gov
EG-22655,Qalyoubia
EG-22073,Gharbia
EG-22906,CAI
EG-24296,Monufia
EG-20658,
EG-22314,Monufia
EG-21882,
EG-20051,cairo
EG-21194,
EG-21578,Qalyubia
EG-22348,Alexandria
EG-22859,Monufia
EG-24985,Alexandria
EG-24855,Dakahlia
EG-24659,Sharqia
EG-21275,Qalyoubia
EG-23974,El-Sharqia
EG-22232,Qalyubia
EG-26360,Sharqia
EG-26084,Gharbia
EG-23462,ALX
EG-21405,Qalyubia
EG-26316,Gharbia
EG-20853,Gharbia
EG-23353,Monufia
EG-25696,Gharbia
EG-23897,cairo
EG-24372,Alexandria
EG-22597,Qalyoubia
EG-22903,cairo
EG-22699,CAI
EG-23656,cairo
EG-23421,Qalyubia
EG-20047,
EG-26533,Alex
EG-24132,El-Sharqia
EG-26019,GZ
EG-24530,Qalyoubia
EG-25036,Sharqia
EG-20944,Gharbia
EG-23710,Dakahlia
EG-23178,Sharqia
EG-21747,
EG-24964,Mansoura Gov
EG-20068,Gharbia
EG-21251,
EG-24948,Giza
EG-23199,ALX
EG-22254,Qalyoubia
EG-20275,Gharbia
EG-24221,CAI
EG-21035,Mansoura Gov
EG-26960,El-Sharqia
EG-24174,Gharbia
EG-26466,Qalyoubia
EG-24692,Alex
EG-23027,Alex
EG-25351,GZ
EG-24379,Alex
EG-25369,
EG-26206,CAI
EG-23305,Gharbia
EG-22210,Dakahlia
EG-22738,Gharbia
EG-24890,Cairo
EG-24790,Gharbia
EG-23504,Alex
EG-21898,Dakahlia
EG-20761,Gharbia
EG-25987,Dakahlia
EG-24297,Monufia
EG-24008,Alexandria
EG-25233,Sharqia
EG-20938,Cairo
EG-25128,cairo
EG-24348,El-Sharqia
EG-23874,Gharbia
EG-24882,El-Sharqia
EG-24334,Alex
EG-24189,cairo
EG-25298,Monufia
EG-21459,cairo
EG-21562,cairo
EG-22847,Dakahlia
EG-20925,Qalyubia
EG-24821,Gharbia
EG-23579,GZ
EG-25901,Mansoura Gov
EG-20161,Gharbia
EG-24663,Dakahlia
EG-23039,ALX
EG-26862,Mansoura Gov
EG-23181,Dakahlia
EG-20497,Gharbia
EG-22726,Mansoura Gov
EG-25525,
EG-20136,GZ
EG-22734,Sharqia
EG-25985,Sharqia
EG-25979,Giza
EG-26270,cairo
EG-26080,CAI
EG-25425,Alexandria
EG-26408,Alexandria
EG-24736,Mansoura Gov
EG-25308,Qalyoubia
EG-25574,Qalyoubia
EG-20852,Qalyubia
EG-26509,Sharqia
EG-21506,El-Sharqia
EG-23026,Dakahlia
EG-20940,Gharbia
EG-22740,Gharbia
EG-26376,Mansoura Gov
EG-22790,cairo
EG-21781,ALX
EG-24192,Gharbia
EG-20339,Sharqia
EG-24791,Sharqia
EG-20947,Mansoura Gov
EG-22949,Giza
EG-24420,Monufia
EG-25661,Qalyoubia
EG-24214,Dakahlia
EG-22208,Mansoura Gov
EG-26617,Qalyoubia
EG-26057,Qalyoubia
EG-21084,
EG-24321,Alexandria
EG-24833,Gharbia
EG-20783,ALX
EG-20498,ALX
EG-22104,Gharbia
EG-20816,Monufia
EG-26385,Qalyoubia
EG-20379,
EG-24907,Gharbia
EG-23808,Qalyoubia
EG-24989,Gharbia
EG-25472,Giza
EG-26280,El-Sharqia
EG-21395,Mansoura Gov
EG-24813,Qalyoubia
EG-21618,Gharbia
EG-25559,
EG-23222,Qalyoubia
EG-21303,
EG-22619,Dakahlia
EG-24585,Monufia
EG-22452,Qalyubia
EG-20262,CAI
EG-25860,Alex
EG-22393,Monufia
EG-20143,Monufia
EG-24753,
EG-21660,Qalyoubia
EG-22035,Gharbia
EG-23603,Monufia
EG-26988,Alex
EG-21429,Monufia
EG-23138,Gharbia
EG-20274,CAI
EG-24552,Qalyubia
EG-26731,
EG-24162,Sharqia
EG-26479,
EG-26572,Cairo
EG-23619,Gharbia
EG-21481,Alex
EG-21654,Alexandria
EG-24391,ALX
EG-26230,
EG-23020,Alexandria
EG-26746,cairo
EG-25579,cairo
EG-25645,Gharbia
EG-25980,Alexandria
EG-23307,Dakahlia
EG-23436,CAI
EG-23014,Mansoura Gov
EG-22429,Qalyubia
EG-26357,Dakahlia
EG-24345,Gharbia
EG-23474,Qalyubia
EG-26356,ALX
EG-20487,Sharqia
EG-21059,Gharbia
EG-25681,Monufia
EG-25376,Qalyoubia
EG-26243,Sharqia
EG-26677,Qalyubia
EG-23111,Gharbia
EG-26936,Dakahlia
EG-26039,
EG-24247,
EG-26897,Mansoura Gov
EG-20098,Sharqia
EG-25818,El-Sharqia
EG-25258,Gharbia
EG-22070,Qalyubia
EG-24509,Mansoura Gov
EG-25416,Dakahlia
EG-24904,Dakahlia
EG-20750,Gharbia
EG-23331,Dakahlia
EG-24570,Sharqia
EG-22917,Sharqia
EG-24518,CAI
EG-26705,Mansoura Gov
EG-25736,
EG-22533,Gharbia
EG-20512,Qalyubia
EG-23405,Qalyubia
EG-22843,Gharbia
EG-26055,
EG-20948,Mansoura Gov
EG-20674,
EG-26050,Qalyubia
EG-25423,Sharqia
EG-21606,Alex
EG-25088,Monufia
EG-25084,CAI
EG-21650,ALX
EG-20832,cairo
EG-24617,Mansoura Gov
EG-23800,Sharqia
EG-22010,Giza
EG-21854,Dakahlia
EG-20394,Sharqia
EG-25394,Cairo
EG-25428,Alex
EG-26692,
EG-23293,Alex
EG-24173,Cairo
EG-25059,Mansoura Gov
EG-21978,Alex
EG-26114,Mansoura Gov
EG-23955,Cairo
EG-24039,Qalyubia
EG-23621,Gharbia
EG-25673,El-Sharqia
EG-20418,Qalyoubia
EG-26766,Monufia
EG-21530,
EG-26826,Gharbia
EG-25356,Qalyubia
EG-20997,ALX
EG-24654,Mansoura Gov
EG-24817,Alex
EG-22803,Qalyoubia
EG-21428,Gharbia
EG-24785,Mansoura Gov
EG-20433,Cairo
EG-21948,Cairo
EG-20222,GZ
EG-23417,El-Sharqia
EG-24973,CAI
EG-26110,
EG-23449,
EG-26448,Gharbia
EG-22431,CAI
EG-26619,
EG-25842,CAI
EG-26537,Mansoura Gov
EG-26400,Qalyubia
EG-22499,GZ
EG-25254,Qalyoubia
EG-20928,Monufia
EG-22559,Qalyoubia
EG-22651,Giza
EG-20867,Mansoura Gov
EG-24336,Alex
EG-24026,GZ
EG-21788,
EG-23237,ALX
EG-26727,Mansoura Gov
EG-26390,Qalyubia
EG-23059,Alexandria
EG-26477,Gharbia
EG-22844,Dakahlia
EG-26917,Qalyubia
EG-21953,El-Sharqia
EG-22390,Qalyubia
EG-26233,Mansoura Gov
EG-24783,Monufia
EG-21455,CAI
EG-20109,Qalyubia
EG-21261,
EG-20868,Giza
EG-22012,Alexandria
EG-22400,Dakahlia
EG-24562,Mansoura Gov
EG-21245,El-Sharqia
EG-20451,Cairo
EG-26397,Mansoura Gov
EG-22296,GZ
EG-26586,Giza
EG-21786,El-Sharqia
EG-25871,Gharbia
EG-24100,Monufia
EG-25761,El-Sharqia
EG-26292,El-Sharqia
EG-24207,ALX
EG-20476,Gharbia
EG-21502,cairo
EG-24525,Giza
EG-25156,
EG-23828,Gharbia
EG-26034,Qalyoubia
EG-21739,Giza
EG-26593,Gharbia
EG-21901,
EG-25375,Alex
EG-24922,Qalyubia
EG-22097,GZ
EG-26188,cairo
EG-20865,Dakahlia
EG-23623,Monufia
EG-21927,Dakahlia
EG-23606,
EG-20603,
EG-23778,
EG-26877,Gharbia
EG-22500,Cairo
EG-22958,
EG-26371,Dakahlia
EG-24015,Qalyoubia
EG-22812,
EG-24508,Qalyubia
EG-23140,CAI
EG-25323,ALX
EG-21449,Qalyoubia
EG-24555,
EG-22684,Giza
EG-23886,cairo
EG-26699,
EG-21596,Monufia
EG-21727,Qalyubia
EG-20780,GZ
EG-20904,
EG-23398,
EG-25960,Sharqia
EG-26580,Monufia
EG-24386,GZ
EG-26992,Sharqia
EG-23271,Qalyoubia
EG-20553,ALX
EG-20464,Alexandria
EG-22739,Sharqia
EG-21538,GZ
EG-23490,Sharqia
EG-20173,Cairo
EG-24005,Monufia
EG-22326,Alexandria
EG-21556,Gharbia
EG-21946,Monufia
EG-24731,El-Sharqia
EG-24442,Mansoura Gov
EG-25763,Sharqia
EG-24631,Alex
EG-26349,CAI
EG-20307,Alexandria
EG-25061,Monufia
EG-26696,Mansoura Gov
EG-23826,Cairo
EG-22827,El-Sharqia
EG-20397,Giza
EG-25913,Monufia
EG-25659,Qalyubia
EG-21825,Dakahlia
EG-20793,Gharbia
EG-22998,Gharbia
EG-26507,
EG-24699,
EG-25106,Qalyoubia
EG-24511,Qalyubia
EG-26708,Gharbia
EG-24099,El-Sharqia
EG-23892,Gharbia
EG-26876,Alex
EG-22179,CAI
EG-23327,cairo
EG-21045,Monufia
EG-25654,Gharbia
EG-20546,Gharbia
EG-22701,
EG-24943,
EG-22047,cairo
EG-21745,
EG-23095,Giza
EG-25915,Mansoura Gov
EG-24125,Qalyubia
EG-21794,GZ
EG-20372,Monufia
EG-25941,Gharbia
EG-25491,Qalyoubia
EG-20887,cairo
EG-23361,Monufia
EG-20061,
EG-23384,ALX
EG-25774,Dakahlia
EG-20683,Dakahlia
EG-23148,Gharbia
EG-23168,Giza
EG-24179,
EG-20666,Gharbia
EG-25433,CAI
EG-22016,Qalyubia
EG-26517,Dakahlia
EG-24003,El-Sharqia
EG-26519,Alexandria
EG-26839,Dakahlia
EG-21956,Alexandria
EG-20586,Qalyoubia
EG-20931,Alex
EG-24652,Dakahlia
EG-23607,Qalyoubia
EG-24825,Mansoura Gov
EG-21393,Sharqia
EG-20981,Gharbia
EG-24124,Alexandria
EG-22025,
EG-20704,Sharqia
EG-23335,Mansoura Gov
EG-25653,Alexandria
EG-24161,Sharqia
EG-26193,Alex
EG-26557,GZ
EG-26423,Gharbia
EG-22945,Monufia
EG-21977,Mansoura Gov
EG-26868,Cairo
EG-20681,Monufia
EG-24283,Dakahlia
EG-23689,
EG-26494,cairo
EG-23489,Dakahlia
EG-21755,CAI
EG-24252,
EG-22773,
EG-26925,Qalyubia
EG-22341,El-Sharqia
EG-23730,CAI
EG-26872,Giza
EG-21137,Dakahlia
EG-25562,ALX
EG-23294,Alex
EG-23705,Mansoura Gov
EG-24757,Monufia
EG-22824,ALX
EG-20360,CAI
EG-21778,
EG-22626,Mansoura Gov
EG-22826,CAI
EG-26087,ALX
EG-24591,Mansoura Gov
EG-25085,Alex
EG-26445,Dakahlia
EG-25271,Qalyoubia
EG-26228,Gharbia
EG-26223,
EG-26565,Cairo
EG-26864,Monufia
EG-22611,El-Sharqia
EG-26340,Mansoura Gov
EG-24060,Alexandria
EG-22846,Alexandria
EG-24990,GZ
EG-23931,Mansoura Gov
EG-25442,Qalyubia
EG-26540,El-Sharqia
EG-24475,CAI
EG-25466,Mansoura Gov
EG-24458,El-Sharqia
EG-23977,
EG-23215,Gharbia
EG-25701,Gharbia
EG-23634,Sharqia
EG-20353,ALX
EG-22506,Alex
EG-21503,Giza
EG-21465,Gharbia
EG-20327,Gharbia
EG-21313,Mansoura Gov
EG-22484,Qalyubia
EG-22298,Giza
EG-26778,Giza
EG-25431,Qalyoubia
EG-24280,Qalyubia
EG-25755,Qalyoubia
EG-20444,El-Sharqia
EG-21403,
EG-21807,
EG-24023,Gharbia
EG-20277,GZ
EG-21066,Gharbia
EG-22204,CAI
EG-20248,El-Sharqia
EG-21188,Gharbia
EG-22127,Qalyubia
EG-25909,Qalyubia
EG-26532,Qalyoubia
EG-25589,Gharbia
EG-26483,Alexandria
EG-24696,Qalyoubia
EG-24411,CAI
EG-23963,El-Sharqia
EG-24137,ALX
EG-22663,cairo
EG-24826,Mansoura Gov
EG-21247,Gharbia
EG-24295,
EG-23196,ALX
EG-24571,Giza
EG-23559,Qalyubia
EG-26972,Mansoura Gov
EG-20941,GZ
EG-22083,
EG-24706,Dakahlia
EG-20640,Qalyoubia
EG-23534,Alex
EG-24797,Giza
EG-26711,Qalyoubia
EG-25723,Qalyoubia
EG-20125,Mansoura Gov
EG-26174,Gharbia
EG-22983,Qalyoubia
EG-26168,Monufia
EG-26226,Giza
EG-24705,Mansoura Gov
EG-25843,Qalyubia
EG-24575,Sharqia
EG-22672,Dakahlia
EG-20823,Qalyubia
EG-20025,Alex
EG-26697,Dakahlia
EG-25203,Gharbia
EG-26104,Dakahlia
EG-24375,Qalyoubia
EG-22222,Qalyubia
EG-21220,Cairo
EG-22950,Gharbia
EG-25153,GZ
EG-26328,Monufia
EG-23473,Alexandria
EG-22279,Giza
EG-20159,Qalyubia
EG-22578,Qalyubia
EG-20597,Giza
EG-23975,Cairo
EG-25035,
EG-26073,Monufia
EG-24244,Mansoura Gov
EG-24615,El-Sharqia
EG-21108,El-Sharqia
EG-20568,Giza
EG-26659,CAI
EG-20829,Alexandria
EG-25170,Gharbia
EG-23887,Cairo
EG-23001,Qalyoubia
EG-24741,Gharbia
EG-22934,Gharbia
EG-21215,Gharbia
EG-20883,Qalyubia
EG-26393,Alexandria
EG-23208,CAI
EG-21237,Giza
EG-20421,Mansoura Gov
EG-24979,
EG-24078,
EG-22810,Cairo
EG-25175,Dakahlia
EG-26279,Monufia
EG-20836,Gharbia
EG-23640,Alexandria
EG-23903,Gharbia
EG-23346,Gharbia
EG-23441,Sharqia
EG-22546,El-Sharqia
EG-20308,Gharbia
EG-20425,GZ
EG-26314,Dakahlia
EG-25519,Qalyubia
EG-20252,Qalyoubia
EG-21713,ALX
EG-21369,Monufia
EG-21250,Qalyubia
EG-22804,CAI
EG-26194,Monufia
EG-23033,
EG-25983,Qalyoubia
EG-21263,
EG-24357,
EG-21284,Gharbia
EG-26095,Cairo
EG-22621,Qalyubia
EG-25354,Mansoura Gov
EG-26032,Sharqia
EG-23980,Alexandria
EG-26297,Alex
EG-21154,ALX
EG-26405,Qalyoubia
EG-22763,El-Sharqia
EG-23843,Giza
EG-24350,Gharbia
EG-22888,GZ
EG-23044,Cairo
EG-20416,Qalyoubia
EG-26430,
EG-25749,Giza
EG-24322,Qalyoubia
EG-23228,Monufia
EG-26844,Cairo
EG-26932,Qalyubia
EG-22380,GZ
EG-25048,
EG-24467,CAI
EG-23721,Alexandria
EG-22788,Monufia
EG-20197,Gharbia
EG-24981,Dakahlia
EG-22381,Sharqia
EG-21076,GZ
EG-26192,Mansoura Gov
EG-23157,Mansoura Gov
EG-24743,
EG-21419,El-Sharqia
EG-20585,
EG-23735,Gharbia
EG-23865,Monufia
EG-23158,Monufia
EG-26805,GZ
EG-24936,Gharbia
EG-23605,Qalyoubia
EG-24019,Alex
EG-25613,Mansoura Gov
EG-23961,Qalyubia
EG-26911,Sharqia
EG-24935,Gharbia
EG-21939,Monufia
EG-20267,Cairo
EG-20227,Monufia
EG-23130,Sharqia
EG-20984,Gharbia
EG-25210,Giza
EG-23733,
EG-24076,El-Sharqia
EG-24394,Sharqia
EG-25293,Giza
EG-24994,Gharbia
EG-22300,Gharbia
EG-22504,
EG-22090,Giza
EG-23021,Cairo
EG-20714,Cairo
EG-26729,ALX
EG-23945,Qalyoubia
EG-20298,Cairo
EG-21798,Mansoura Gov
EG-20500,Alexandria
EG-21659,ALX
EG-25967,Qalyoubia
EG-25610,Gharbia
EG-23979,CAI
EG-21826,Qalyoubia
EG-22005,Cairo
EG-26613,Mansoura Gov
EG-20622,Giza
EG-20875,GZ
EG-22723,Mansoura Gov
EG-24546,Giza
EG-22068,CAI
EG-21665,Cairo
EG-20357,Alexandria
EG-20934,Qalyubia
EG-21890,Monufia
EG-20515,Qalyubia
EG-26461,cairo
EG-25614,CAI
EG-25840,Gharbia
EG-23910,Giza
EG-22337,Gharbia
EG-21478,Giza
EG-21070,Mansoura Gov
EG-25776,Monufia
EG-22231,Monufia
EG-24782,Gharbia
EG-25393,Gharbia
EG-21765,Alexandria
EG-22680,El-Sharqia
EG-25516,Gharbia
EG-22464,El-Sharqia
EG-20959,Dakahlia
EG-22377,Alex
EG-21865,
EG-26740,Mansoura Gov
EG-24288,
EG-22216,Gharbia
EG-20156,Qalyoubia
EG-20953,Monufia
EG-20200,
EG-22498,
EG-26800,Qalyoubia
EG-24264,Gharbia
EG-20082,El-Sharqia
EG-25382,Mansoura Gov
EG-22501,Qalyoubia
EG-26268,Gharbia
EG-26875,Gharbia
EG-24098,Giza
EG-25721,
EG-20916,Qalyubia
EG-25009,GZ
EG-26732,ALX
EG-23770,Qalyubia
EG-23463,Sharqia
EG-21903,ALX
EG-23682,Mansoura Gov
EG-25159,Alex
EG-24119,Qalyubia
EG-23200,Gharbia
EG-21415,Monufia
EG-24528,Alexandria
EG-21280,cairo
EG-22598,Monufia
EG-20238,
EG-26921,Sharqia
EG-25004,El-Sharqia
EG-25140,Qalyoubia
EG-25024,Gharbia
EG-22442,CAI
EG-21122,Sharqia
EG-25475,Gharbia
EG-25459,Monufia
EG-25362,CAI
EG-22910,
EG-21489,Sharqia
EG-24776,Monufia
EG-24668,Qalyoubia
EG-26109,Gharbia
EG-25138,Alex
EG-24780,Gharbia
EG-20684,Sharqia
EG-22086,Monufia
EG-25665,Alexandria
EG-20062,
EG-20495,Qalyubia
EG-22207,Sharqia
EG-20253,cairo
EG-23339,Dakahlia
EG-25269,ALX
EG-24276,El-Sharqia
EG-24473,Qalyoubia
EG-23411,CAI
EG-24839,Dakahlia
EG-24140,Gharbia
EG-22525,Cairo
EG-26923,Dakahlia
EG-25569,Monufia
EG-24712,Qalyubia
EG-22801,Cairo
EG-25359,Gharbia
EG-24195,Qalyoubia
EG-26895,Alex
EG-22779,Qalyubia
EG-23099,Sharqia
EG-20899,Sharqia
EG-22067,Alexandria
EG-20177,cairo
EG-21547,Mansoura Gov
EG-25482,Giza
EG-22229,Dakahlia
EG-22155,Gharbia
EG-20204,ALX
EG-23315,Giza
EG-20224,Dakahlia
EG-20168,Cairo
EG-22759,
EG-21741,
EG-26107,Mansoura Gov
EG-26559,Sharqia
EG-26599,CAI
EG-24845,Cairo
EG-26531,
EG-25834,Monufia
EG-25487,Giza
EG-23274,Monufia
EG-26135,Monufia
EG-24047,Alexandria
EG-20561,Mansoura Gov
EG-21327,El-Sharqia
EG-25542,Gharbia
EG-20060,
EG-23422,
EG-26665,cairo
EG-26798,Gharbia
EG-21724,El-Sharqia
EG-25752,Monufia
EG-23810,El-Sharqia
EG-23709,Sharqia
EG-22004,
EG-24816,CAI
EG-23590,Gharbia
EG-24545,El-Sharqia
EG-25217,Sharqia
EG-25148,CAI
EG-22124,
EG-26295,Alexandria
EG-21520,Sharqia
EG-25169,Alexandria
EG-23642,Alexandria
EG-20427,Qalyoubia
EG-24261,Gharbia
EG-25158,Qalyoubia
EG-21986,ALX
EG-22396,
EG-22898,El-Sharqia
EG-26402,Giza
EG-21736,Alexandria
EG-20058,
EG-23668,Alex
EG-20847,Dakahlia
EG-20855,Sharqia
EG-25711,Gharbia
EG-21285,Qalyoubia
EG-25827,Cairo
EG-21187,Alex
EG-24902,Gharbia
EG-26538,Qalyubia
EG-25443,Gharbia
EG-26182,Dakahlia
EG-21792,Sharqia
EG-24599,
EG-23667,Sharqia
EG-21911,
EG-26094,
EG-26442,Sharqia
EG-20592,Qalyoubia
EG-23678,ALX
EG-21274,Cairo
EG-26059,Monufia
EG-22895,Dakahlia
EG-25532,El-Sharqia
EG-25270,Qalyubia
EG-23113,GZ
EG-22984,Monufia
EG-23626,Monufia
EG-25543,Sharqia
EG-22238,Qalyubia
EG-23164,
EG-23214,cairo
EG-26816,Gharbia
EG-21179,El-Sharqia
EG-26234,GZ
EG-20843,Qalyoubia
EG-21676,cairo
EG-20521,
EG-26313,GZ
EG-26441,Gharbia
EG-26857,El-Sharqia
EG-20886,Qalyubia
EG-26099,Monufia
EG-26302,Mansoura Gov
EG-26865,Sharqia
EG-22820,Qalyubia
EG-22009,Sharqia
EG-23650,Sharqia
EG-21930,
EG-21852,ALX
EG-24630,Dakahlia
EG-23680,El-Sharqia
EG-24376,Sharqia
EG-26498,Alexandria
EG-25406,Sharqia
EG-22032,cairo
EG-23597,ALX
EG-22967,Alexandria
EG-21479,El-Sharqia
EG-25584,ALX
EG-21999,
EG-22863,Qalyoubia
EG-23043,Qalyoubia
EG-22146,Gharbia
EG-25119,Giza
EG-24997,
EG-21511,Sharqia
EG-20340,cairo
EG-24204,Monufia
EG-26500,Monufia
EG-23798,Gharbia
EG-22685,Mansoura Gov
EG-26508,GZ
EG-20961,Qalyubia
EG-24970,Qalyoubia
EG-26956,Alex
EG-26735,Giza
EG-22487,Gharbia
EG-22490,
EG-21764,Mansoura Gov
EG-23524,Dakahlia
EG-25424,Monufia
EG-24608,Sharqia
EG-20912,Gharbia
EG-25506,cairo
EG-21805,Gharbia
EG-21282,Sharqia
EG-24071,El-Sharqia
EG-23451,Alexandria
EG-21667,Mansoura Gov
EG-25042,Monufia
EG-22627,Mansoura Gov
EG-23583,
EG-24227,Alex
EG-22875,El-Sharqia
EG-20634,Sharqia
EG-26742,Cairo
EG-26886,Dakahlia
EG-21751,Monufia
EG-23953,Dakahlia
EG-20436,Dakahlia
EG-22258,Alex
EG-24120,El-Sharqia
EG-22776,ALX
EG-23031,Mansoura Gov
EG-20826,
EG-21560,Giza
EG-25192,Gharbia
EG-26978,Cairo
EG-26859,Sharqia
EG-22096,ALX
EG-21812,Alex
EG-23348,Gharbia
EG-23118,El-Sharqia
EG-26790,
EG-20619,Dakahlia
EG-26931,Gharbia
EG-26453,Gharbia
EG-26726,Cairo
EG-25692,GZ
EG-24517,Alexandria
EG-22240,GZ
EG-26878,ALX
EG-25750,El-Sharqia
EG-25587,Alexandria
EG-22622,Gharbia
EG-25240,
EG-26686,
EG-24866,Cairo
EG-23716,cairo
EG-22878,Sharqia
EG-25043,Qalyubia
EG-24464,Gharbia
EG-26407,Gharbia
EG-25221,Gharbia
EG-20504,Gharbia
EG-20630,Mansoura Gov
EG-25600,Qalyoubia
EG-20601,Giza
EG-24395,Qalyoubia
EG-20840,Mansoura Gov
EG-24682,Dakahlia
EG-22741,
EG-20237,Monufia
EG-26782,Sharqia
EG-26273,
EG-24434,CAI
EG-22748,Monufia
EG-24578,Dakahlia
EG-24809,Giza
EG-21874,Giza
EG-25340,Mansoura Gov
EG-24381,CAI
EG-21279,Qalyubia
EG-20828,cairo
EG-26754,cairo
EG-23585,El-Sharqia
EG-24718,Cairo
EG-20574,Gharbia
EG-20328,Gharbia
EG-25923,Qalyubia
EG-26153,El-Sharqia
EG-24045,Sharqia
EG-24814,Monufia
EG-25977,
EG-20350,Alex
EG-25870,
EG-24095,Qalyoubia
EG-26326,Cairo
EG-22756,Cairo
EG-23337,Dakahlia
EG-21993,Mansoura Gov
EG-22251,Sharqia
EG-23841,Gharbia
EG-21952,El-Sharqia
EG-23645,Gharbia
EG-21370,Qalyoubia
EG-24512,
EG-21962,GZ
EG-25883,Sharqia
EG-20300,Cairo
EG-24695,ALX
EG-21721,Cairo
EG-25434,Sharqia
EG-23432,Sharqia
EG-21760,Alex
EG-21884,Dakahlia
EG-26359,CAI
EG-23072,
EG-20854,Alexandria
EG-23515,Sharqia
EG-26033,Qalyubia
EG-21265,Gharbia
EG-25727,Sharqia
EG-26488,Alexandria
EG-23691,Giza
EG-25242,Giza
EG-21262,Dakahlia
EG-20720,ALX
EG-23875,Qalyubia
EG-24534,Monufia
EG-21496,Monufia
EG-23835,Cairo
EG-23617,Cairo
EG-25222,Alex
EG-20470,Alex
EG-22914,Qalyubia
EG-20213,Gharbia
EG-20650,Qalyubia
EG-24553,Sharqia
EG-25338,cairo
EG-21384,GZ
EG-22901,
EG-22589,GZ
EG-20742,Alexandria
EG-25504,Dakahlia
EG-25609,cairo
EG-25200,Qalyubia
EG-24471,ALX
EG-25325,Sharqia
EG-20390,Monufia
EG-24159,GZ
EG-22037,Gharbia
EG-21842,GZ
EG-21590,Cairo
EG-21758,
EG-22343,
EG-23538,ALX
EG-21180,Qalyubia
EG-25292,Monufia
EG-26855,
EG-22058,Dakahlia
EG-21161,Mansoura Gov
EG-22072,cairo
EG-20087,Gharbia
EG-25520,Sharqia
EG-20863,CAI
EG-23960,
EG-22286,Qalyubia
EG-21386,Cairo
EG-25137,Giza
EG-25881,CAI
EG-25155,GZ
EG-22145,El-Sharqia
EG-23934,Alex
EG-25602,
EG-24498,Monufia
EG-21642,Cairo
EG-21821,Alex
EG-26636,Qalyoubia
EG-23275,Gharbia
EG-23896,Dakahlia
EG-25464,Gharbia
EG-26781,Dakahlia
EG-26595,Dakahlia
EG-21328,cairo
EG-26036,Monufia
EG-20146,Giza
EG-24869,GZ
EG-24751,cairo
EG-22838,CAI
EG-25264,ALX
EG-26624,Monufia
EG-22797,
EG-21120,Giza
EG-22532,Monufia
EG-22558,Alexandria
EG-20080,Qalyoubia
EG-25181,Alexandria
EG-26462,Alexandria
EG-24079,Qalyubia
EG-23631,Monufia
EG-20891,
EG-20145,Alex
EG-26893,Alexandria
EG-21175,Qalyubia
EG-25478,Sharqia
EG-22789,Qalyoubia
EG-24057,Sharqia
EG-25809,Gharbia
EG-25844,Alexandria
EG-23388,Alex
EG-26070,Cairo
EG-25357,Gharbia
EG-25219,ALX
EG-24465,Sharqia
EG-20980,Monufia
EG-20987,Sharqia
EG-23553,Alex
EG-22302,Qalyoubia
EG-20406,Gharbia
EG-26924,CAI
EG-25691,Dakahlia
EG-24438,Alex
EG-21582,
EG-24175,Monufia
EG-24656,Sharqia
EG-26643,Gharbia
EG-23107,Qalyubia
EG-22722,El-Sharqia
EG-21575,Monufia
EG-23232,Qalyubia
EG-23869,Sharqia
EG-23277,El-Sharqia
EG-21763,Gharbia
EG-25812,Gharbia
EG-23657,Sharqia
EG-21346,Gharbia
EG-24441,Alexandria
EG-23707,El-Sharqia
EG-25828,Gharbia
EG-23813,ALX
EG-25278,Giza
EG-26744,
EG-21774,Monufia
EG-20872,Alex
EG-24561,Gharbia
EG-21457,Monufia
EG-20877,
EG-21625,Qalyoubia
EG-26146,Qalyoubia
EG-21834,Qalyubia
EG-22044,CAI
EG-25483,Gharbia
EG-24896,Alexandria
EG-20488,Monufia
EG-26142,CAI
EG-25889,Dakahlia
EG-26975,Mansoura Gov
EG-23997,Alex
EG-26394,
EG-23310,Gharbia
EG-21129,Giza
EG-25868,Qalyoubia
EG-26389,GZ
EG-25460,Gharbia
EG-22681,
EG-26634,Sharqia
EG-22468,Sharqia
EG-23074,Qalyoubia
EG-22020,Mansoura Gov
EG-23298,cairo
EG-21601,GZ
EG-21113,
EG-23106,Qalyoubia
EG-23368,Qalyubia
EG-26480,
EG-25054,
EG-23951,Mansoura Gov
EG-23170,Qalyubia
EG-26000,Dakahlia
EG-26401,
EG-21613,
EG-21607,Qalyubia
EG-26250,cairo
EG-21490,Mansoura Gov
EG-22359,Qalyoubia
EG-20754,
EG-22572,Qalyubia
EG-26701,Alex
EG-22118,
EG-22213,El-Sharqia
EG-25505,Mansoura Gov
EG-23543,CAI
EG-23754,GZ
EG-24815,Monufia
EG-22110,Sharqia
EG-24377,Gharbia
EG-22550,Gharbia
EG-25567,Alex
EG-26085,Sharqia
EG-23292,Alexandria
EG-24073,
EG-23047,Alexandria
EG-23172,Dakahlia
EG-24688,El-Sharqia
EG-26736,Sharqia
EG-24180,Sharqia
EG-26026,Sharqia
EG-25664,El-Sharqia
EG-22508,El-Sharqia
EG-24594,
EG-26763,Alex
EG-26420,Gharbia
EG-25783,El-Sharqia
EG-25623,Qalyubia
EG-20443,Sharqia
EG-24507,
EG-20667,Monufia
EG-25243,El-Sharqia
EG-22614,Alex
EG-25202,Cairo
EG-23108,Qalyoubia
EG-22404,Sharqia
EG-20483,Dakahlia
EG-21648,Qalyoubia
EG-25950,Alexandria
EG-22905,Gharbia
EG-23142,
EG-21340,CAI
EG-23503,Qalyoubia
EG-22308,Qalyubia
EG-20389,Mansoura Gov
EG-24363,Sharqia
EG-22889,Sharqia
EG-24664,El-Sharqia
EG-22784,Gharbia
EG-22613,Qalyubia
EG-20741,Qalyoubia
EG-22449,
EG-23002,Sharqia
EG-23727,Sharqia
EG-21132,El-Sharqia
EG-26452,Monufia
EG-24598,Monufia
EG-26157,GZ
EG-26529,El-Sharqia
EG-20283,ALX
EG-22658,Monufia
EG-25836,Dakahlia
EG-20374,Cairo
EG-22657,Qalyubia
EG-21142,Sharqia
EG-23147,Gharbia
EG-25180,Gharbia
EG-20651,Mansoura Gov
EG-25260,El-Sharqia
EG-23774,Cairo
EG-23753,Sharqia
EG-24520,GZ
EG-26175,
EG-24910,
EG-23195,Alexandria
EG-25572,Cairo
EG-26633,El-Sharqia
EG-25768,Giza
EG-22495,Dakahlia
EG-24495,Alex
EG-20758,El-Sharqia
EG-21277,cairo
EG-26767,Sharqia
EG-24007,cairo
EG-23055,Gharbia
EG-25578,Alex
EG-20330,cairo
EG-22656,Qalyubia
EG-24937,Mansoura Gov
EG-21266,Gharbia
EG-25879,
EG-26941,El-Sharqia
EG-22755,Gharbia
EG-20517,
EG-22582,Qalyubia
EG-23706,Gharbia
EG-24772,Alex
EG-20205,Qalyubia
EG-21472,
EG-22060,ALX
EG-20927,ALX
EG-20223,Qalyubia
EG-22872,Sharqia
EG-26141,Gharbia
EG-23093,
EG-21234,Monufia
EG-23542,Gharbia
EG-21663,ALX
EG-23185,Mansoura Gov
EG-22033,
EG-25007,Sharqia
EG-22667,
EG-25114,
EG-20356,Qalyoubia
EG-22969,Alex
EG-21731,GZ
EG-24732,
EG-25001,Monufia
EG-25583,Alexandria
EG-23386,Qalyubia
EG-26025,El-Sharqia
EG-23029,Monufia
EG-22305,Dakahlia
EG-24274,Monufia
EG-24958,GZ
EG-26294,Gharbia
EG-26971,Qalyoubia
EG-20884,cairo
EG-23922,Alexandria
EG-20402,Gharbia
EG-25978,Gharbia
EG-24356,Monufia
EG-24903,Qalyoubia
EG-20859,ALX
EG-20876,Gharbia
EG-26563,Sharqia
EG-23443,Alexandria
EG-22239,Sharqia
EG-21969,Alexandria
EG-24906,Monufia
EG-20266,GZ
EG-23244,Alexandria
EG-26869,Mansoura Gov
EG-22925,GZ
EG-21141,
EG-22163,Cairo
EG-23804,CAI
EG-22961,Sharqia
EG-20169,Dakahlia
EG-23937,Monufia
EG-25976,Sharqia
EG-25855,Sharqia
EG-23653,Gharbia
EG-21368,Mansoura Gov
EG-24982,Qalyubia
EG-24455,Sharqia
EG-24472,CAI
EG-23900,Mansoura Gov
EG-24876,Alex
EG-25199,Alex
EG-21118,Mansoura Gov
EG-21424,Gharbia
EG-24209,Gharbia
EG-26284,Alex
EG-22896,Qalyubia
EG-22049,El-Sharqia
EG-25658,cairo
EG-24228,Gharbia
EG-20217,Qalyubia
EG-20186,Mansoura Gov
EG-23037,
EG-23238,Dakahlia
EG-23838,Qalyoubia
EG-22481,Gharbia
EG-26327,Monufia
EG-24253,Qalyubia
EG-21169,Cairo
EG-24609,
EG-26323,Gharbia
EG-21695,Gharbia
EG-20320,Giza
EG-24858,Dakahlia
EG-20305,Gharbia
EG-22281,Mansoura Gov
EG-22223,
EG-24424,Gharbia
EG-21668,GZ
EG-24636,
EG-20535,Gharbia
EG-26768,CAI
EG-25660,Qalyoubia
EG-20365,Gharbia
EG-20179,cairo
EG-24584,Sharqia
EG-25869,Dakahlia
EG-22652,CAI
EG-26484,Giza
EG-24474,Dakahlia
EG-23801,CAI
EG-24030,CAI
EG-20432,Monufia
EG-22288,Sharqia
EG-20792,Alexandria
EG-22588,El-Sharqia
EG-23879,GZ
EG-22074,Mansoura Gov
EG-21086,Mansoura Gov
EG-24754,CAI
EG-21680,Gharbia
EG-21210,Monufia
EG-25346,
EG-22929,Giza
EG-25756,ALX
EG-23433,Sharqia
EG-24399,CAI
EG-21196,Giza
EG-24993,Dakahlia
EG-25377,Alexandria
EG-21735,CAI
EG-20419,
EG-26987,Sharqia
EG-26496,Monufia
EG-25919,Monufia
EG-23672,El-Sharqia
EG-20258,Alexandria
EG-23965,Sharqia
EG-21723,Alexandria
EG-22311,Alexandria
EG-25311,cairo
EG-26567,ALX
EG-26811,Qalyoubia
EG-23952,Gharbia
EG-22718,Mansoura Gov
EG-25848,
EG-22519,Mansoura Gov
EG-20029,Qalyoubia
EG-20461,ALX
EG-23912,Mansoura Gov
EG-22103,
EG-25355,Alex
EG-23614,Alexandria
EG-22830,
EG-23664,
EG-21276,Gharbia
EG-24029,Qalyoubia
EG-20469,Gharbia
EG-24143,Sharqia
EG-23062,Cairo
EG-23016,Sharqia
EG-21563,Gharbia
EG-20620,Alex
EG-23117,Sharqia
EG-25402,Gharbia
EG-22851,Dakahlia
EG-20462,Cairo
EG-22384,CAI
EG-26512,Sharqia
EG-22440,Qalyoubia
EG-26177,Mansoura Gov
EG-26255,Mansoura Gov
EG-25392,Mansoura Gov
EG-23282,Gharbia
EG-23570,Qalyubia
EG-20906,cairo
EG-20879,Cairo
EG-25019,Mansoura Gov
EG-23777,Qalyoubia
EG-20730,Qalyubia
EG-25284,Gharbia
EG-21240,Gharbia
EG-25374,Dakahlia
EG-26150,El-Sharqia
EG-25710,El-Sharqia
EG-24905,cairo
EG-24182,Gharbia
EG-21271,Dakahlia
EG-24113,CAI
EG-20760,ALX
EG-24618,Cairo
EG-26682,
EG-20361,Mansoura Gov
EG-21051,Gharbia
EG-24044,Gharbia
EG-21203,Gharbia
EG-22927,Monufia
EG-23933,Cairo
EG-24744,Alexandria
EG-21355,
EG-21485,Mansoura Gov
EG-23344,Gharbia
EG-21450,Gharbia
EG-26124,Mansoura Gov
EG-22594,Qalyoubia
EG-22420,CAI
EG-24351,El-Sharqia
EG-21827,Alexandria
EG-20969,
EG-26797,Mansoura Gov
EG-21418,cairo
EG-21144,
EG-25301,Alex
EG-26851,
EG-20902,Giza
EG-20785,Qalyoubia
EG-26645,Monufia
EG-23137,Monufia
EG-24388,Sharqia
EG-22964,Gharbia
EG-20790,CAI
EG-24867,GZ
EG-22861,Monufia
EG-20492,Gharbia
EG-24483,Mansoura Gov
EG-25852,
EG-22164,CAI
EG-20637,ALX
EG-21147,Qalyoubia
EG-22374,Cairo
EG-24486,Gharbia
EG-23527,Giza
EG-23547,Gharbia
EG-20434,Qalyubia
EG-20477,Sharqia
EG-25880,Qalyoubia
EG-22781,Dakahlia
EG-23273,Gharbia
EG-21937,Alex
EG-25975,Sharqia
EG-22190,Sharqia
EG-25484,Monufia
EG-25571,cairo
EG-26773,Gharbia
EG-20150,Qalyubia
EG-20841,Dakahlia
EG-22516,Gharbia
EG-21770,Alex
EG-24200,Sharqia
EG-21296,cairo
EG-20118,Monufia
EG-25925,Alexandria
EG-22416,Giza
EG-25953,Monufia
EG-21662,Alex
EG-25551,cairo
EG-25030,Qalyoubia
EG-22729,
EG-21047,Dakahlia
EG-20744,El-Sharqia
EG-20735,Giza
EG-24803,Sharqia
EG-21004,Qalyoubia
EG-24048,Mansoura Gov
EG-21376,Giza
EG-20449,El-Sharqia
EG-23761,Dakahlia
EG-23921,Alex
EG-20315,
EG-22877,Dakahlia
EG-25662,cairo
EG-23917,
EG-21209,Sharqia
EG-23844,Sharqia
EG-23064,Alexandria
EG-21568,El-Sharqia
EG-21796,
EG-21761,CAI
EG-26652,
EG-23439,GZ
EG-26473,Qalyubia
EG-23696,
EG-21598,Mansoura Gov
EG-26656,Sharqia
EG-25307,
EG-24762,
EG-26160,Alex
EG-20995,
EG-21227,CAI
EG-24500,Alex
EG-26713,GZ
EG-22132,Monufia
EG-26047,CAI
EG-25992,Mansoura Gov
EG-23193,Alex
EG-26149,GZ
EG-25787,Gharbia
EG-25715,ALX
EG-22148,Gharbia
EG-24084,Qalyubia
EG-21474,
EG-23495,Monufia
EG-23923,Giza
EG-20404,cairo
EG-23880,Gharbia
EG-21488,Alexandria
EG-23756,Alex
EG-20086,Qalyoubia
EG-25465,Alexandria
EG-21976,
EG-24628,Gharbia
EG-21536,Cairo
EG-24378,Mansoura Gov
EG-20685,El-Sharqia
EG-26702,Dakahlia
EG-23906,Giza
EG-22926,Cairo
EG-26943,Cairo
EG-23669,Gharbia
EG-21875,Sharqia
EG-26379,
EG-24314,
EG-24606,Qalyoubia
EG-25649,Monufia
EG-22849,
EG-20939,
EG-24901,Giza
EG-22686,Giza
EG-22453,Alex
EG-23261,Dakahlia
EG-25566,Giza
EG-22816,Gharbia
EG-26635,Gharbia
EG-21138,Alex
EG-24256,Alex
EG-23767,cairo
EG-26743,ALX
EG-21835,Gharbia
EG-22028,ALX
EG-26053,Gharbia
EG-23475,El-Sharqia
EG-25780,Alex
EG-25630,Dakahlia
EG-20384,Gharbia
EG-24795,Qalyubia
EG-22780,Alexandria
EG-26482,Qalyubia
EG-24310,
EG-21366,Mansoura Gov
EG-23593,Giza
EG-23469,Qalyoubia
EG-23635,Cairo
EG-20731,
EG-22320,Cairo
EG-24697,Mansoura Gov
EG-24233,GZ
EG-26404,
EG-23233,GZ
EG-26037,CAI
EG-21064,El-Sharqia
EG-23823,Dakahlia
EG-23789,
EG-22761,cairo
EG-26254,CAI
EG-20133,
EG-22689,Qalyubia
EG-25216,CAI
EG-22937,Gharbia
EG-25171,Mansoura Gov
EG-21587,Alexandria
EG-24951,Alex
EG-22256,Giza
EG-20023,Monufia
EG-21703,Gharbia
EG-26974,Cairo
EG-21040,Alex
EG-25110,Monufia
EG-22650,Mansoura Gov
EG-22312,Cairo
EG-22545,CAI
EG-22129,Giza
EG-25095,Gharbia
EG-21026,
EG-24354,
EG-23944,
EG-20052,
EG-26714,El-Sharqia
EG-23306,Qalyubia
EG-24277,El-Sharqia
EG-24333,Cairo
EG-21021,CAI
EG-21171,
EG-20739,
EG-24779,Qalyubia
EG-25986,Sharqia
EG-26414,cairo
EG-25182,GZ
EG-21686,Giza
EG-21336,CAI
EG-24715,Dakahlia
EG-23589,Dakahlia
EG-23167,
EG-22840,ALX
EG-24748,ALX
EG-25561,
EG-21072,Mansoura Gov
EG-22615,
EG-23223,ALX
EG-21742,ALX
EG-25709,El-Sharqia
EG-25218,El-Sharqia
EG-25651,cairo
EG-24445,Qalyoubia
EG-20290,Gharbia
EG-20301,El-Sharqia
EG-21950,El-Sharqia
EG-25247,cairo
EG-20207,Qalyoubia
EG-25453,Qalyoubia
EG-22235,Gharbia
EG-20900,CAI
EG-26077,Monufia
EG-26840,Sharqia
EG-20392,
EG-25173,Monufia
EG-20733,Giza
EG-20435,Monufia
EG-21830,Gharbia
EG-25080,Qalyubia
EG-21136,Gharbia
EG-24312,Qalyubia
EG-20380,
EG-23655,
EG-21164,Mansoura Gov
EG-22486,Gharbia
EG-22304,Monufia
EG-23699,Cairo
EG-22087,Monufia
EG-25371,Alexandria
EG-21322,Giza
EG-21452,Qalyubia
EG-23323,Sharqia
EG-25611,Alex
EG-22330,El-Sharqia
EG-20288,Cairo
EG-24082,Qalyubia
EG-23159,El-Sharqia
EG-21985,Qalyoubia
EG-23191,
EG-25349,cairo
EG-26035,
EG-24184,Gharbia
EG-23279,El-Sharqia
EG-21863,Monufia
EG-22091,El-Sharqia
EG-22745,Giza
EG-26841,Dakahlia
EG-22573,Qalyoubia
EG-22482,Cairo
EG-23862,Giza
EG-20099,GZ
EG-26148,Dakahlia
EG-20286,
EG-24485,Mansoura Gov
EG-24097,Gharbia
EG-20441,Sharqia
EG-26044,Gharbia
EG-25435,Gharbia
EG-20037,ALX
EG-25775,Qalyoubia
EG-20923,
EG-21380,Mansoura Gov
EG-23988,ALX
EG-20071,Mansoura Gov
EG-20895,CAI
EG-20660,GZ
EG-24020,
EG-24940,GZ
EG-21177,Alexandria
EG-20668,Dakahlia
EG-25047,Qalyubia
EG-24110,Qalyubia
EG-24674,Sharqia
EG-23842,CAI
EG-25179,Gharbia
EG-25582,GZ
EG-22261,Gharbia
EG-26426,Alexandria
EG-26942,CAI
EG-21896,Gharbia
EG-22036,GZ
EG-24713,Mansoura Gov
EG-23035,Gharbia
EG-21103,CAI
EG-21726,Gharbia
EG-25168,Gharbia
EG-24955,Dakahlia
EG-22653,Mansoura Gov
EG-26432,CAI
EG-21487,Monufia
EG-21212,Qalyoubia
EG-20282,El-Sharqia
EG-20748,Sharqia
EG-26431,cairo
EG-24074,ALX
EG-22555,CAI
EG-21975,Gharbia
EG-20643,
EG-24487,El-Sharqia
EG-20056,Alexandria
EG-26874,Dakahlia
EG-25946,
EG-25330,ALX
EG-24198,Alexandria
EG-22203,El-Sharqia
EG-24808,Dakahlia
EG-26489,Dakahlia
EG-26667,
EG-26562,Giza
EG-26058,Qalyubia
EG-26703,Dakahlia
EG-22133,
EG-26592,Monufia
EG-24085,Qalyoubia
EG-23987,Dakahlia
EG-22992,Qalyoubia
EG-21341,Qalyubia
EG-23256,
EG-26137,Alexandria
EG-25226,Dakahlia
EG-24577,Sharqia
EG-24190,Qalyubia
EG-20699,
EG-22602,Dakahlia
EG-22154,El-Sharqia
EG-21244,Qalyoubia
EG-21944,ALX
EG-24738,Qalyoubia
EG-20653,Gharbia
EG-23412,Monufia
EG-24165,Gharbia
EG-20344,Gharbia
EG-22292,Sharqia
EG-20582,Qalyoubia
EG-20548,Mansoura Gov
EG-23962,Sharqia
EG-24601,Alexandria
EG-20141,GZ
EG-20955,Sharqia
EG-26920,GZ
EG-20935,Alexandria
EG-23812,Dakahlia
EG-25193,Qalyoubia
EG-20070,Alex
EG-23690,
EG-22443,Gharbia
EG-26437,Qalyoubia
EG-25509,El-Sharqia
EG-26582,Gharbia
EG-26203,
EG-24152,
EG-26042,Cairo
EG-20708,Qalyoubia
EG-23821,Gharbia
EG-21771,Alexandria
EG-25814,Gharbia
EG-22323,Qalyoubia
EG-26955,CAI
EG-25643,Gharbia
EG-26464,Alex
EG-26220,Mansoura Gov
EG-26475,Mansoura Gov
EG-22539,Alex
EG-21310,Qalyubia
EG-26244,Monufia
EG-21095,Dakahlia
EG-26964,cairo
EG-22199,GZ
EG-23453,Mansoura Gov
EG-26056,Monufia
EG-25002,Qalyubia
EG-26422,
EG-24349,El-Sharqia
EG-21181,Qalyubia
EG-24788,Dakahlia
EG-25067,Alexandria
EG-26728,CAI
EG-22344,Qalyoubia
EG-21119,CAI
EG-26352,GZ
EG-26882,Alexandria
EG-22372,GZ
EG-21255,
EG-22850,Dakahlia
EG-26102,Mansoura Gov
EG-21908,El-Sharqia
EG-21442,Sharqia
EG-20737,Mansoura Gov
EG-21537,Sharqia
EG-25033,Gharbia
EG-25590,Qalyubia
EG-26208,Gharbia
EG-24285,Dakahlia
EG-24255,Dakahlia
EG-25999,Gharbia
EG-26457,Cairo
EG-22052,
EG-24257,Monufia
EG-22290,Gharbia
EG-26700,El-Sharqia
EG-21814,Gharbia
EG-21541,Alexandria
EG-21501,CAI
EG-24638,Qalyubia
EG-22319,GZ
EG-25103,Sharqia
EG-25622,CAI
EG-24739,Gharbia
EG-22679,GZ
EG-20067,
EG-23578,Dakahlia
EG-23993,cairo
EG-26994,GZ
EG-22591,Sharqia
EG-21232,Qalyoubia
EG-22854,
EG-26957,Monufia
EG-25018,El-Sharqia
EG-26755,CAI
EG-26363,
EG-25407,Cairo
EG-23847,Sharqia
EG-25982,Dakahlia
EG-24629,
EG-20160,Mansoura Gov
EG-25536,Qalyoubia
EG-24914,Giza
EG-23485,
EG-22099,Sharqia
EG-23574,Cairo
EG-20202,Alexandria
EG-25057,
EG-25971,Sharqia
EG-26435,
EG-22260,Sharqia
EG-24930,Gharbia
EG-26158,Alexandria
EG-23708,Qalyoubia
EG-25957,Gharbia
EG-26641,Dakahlia
EG-26525,Gharbia
EG-20569,El-Sharqia
EG-22766,Mansoura Gov
EG-22994,ALX
EG-20269,El-Sharqia
EG-25141,Giza
EG-20180,Gharbia
EG-23114,Sharqia
EG-26905,Gharbia
EG-25352,Alex
EG-23890,Qalyoubia
EG-20452,
EG-25225,Sharqia
EG-21806,ALX
EG-21997,Gharbia
EG-23867,Qalyubia
EG-24860,ALX
EG-21924,Cairo
EG-24117,Mansoura Gov
EG-23505,Sharqia
EG-22109,
EG-23430,Sharqia
EG-21545,GZ
EG-25127,ALX
EG-24773,Dakahlia
EG-26391,Qalyubia
EG-20973,cairo
EG-23362,Gharbia
EG-21525,Gharbia
EG-23404,GZ
EG-25872,Qalyubia
EG-22639,Qalyoubia
EG-24456,cairo
EG-22050,El-Sharqia
EG-26761,Gharbia
EG-23452,ALX
EG-25145,Gharbia
EG-21551,
EG-21567,Giza
EG-24769,Sharqia
EG-21612,El-Sharqia
EG-22509,GZ
EG-25068,Sharqia
EG-24918,Gharbia
EG-22394,Gharbia
EG-20349,Dakahlia
EG-25557,GZ
EG-23586,Cairo
EG-22512,cairo
EG-26545,El-Sharqia
EG-21766,Qalyubia
EG-25370,Giza
EG-25854,Mansoura Gov
EG-20672,Monufia
EG-26245,
EG-26387,Qalyoubia
EG-23161,Mansoura Gov
EG-23155,Qalyubia
EG-20649,Qalyubia
EG-25771,Monufia
EG-26795,Qalyoubia
EG-26604,
EG-22147,Cairo
EG-26100,Dakahlia
EG-26139,ALX
EG-24504,Alex
EG-25939,Gharbia
EG-26278,ALX
EG-20249,Alex
EG-20491,Sharqia
EG-22576,Qalyubia
EG-22563,Alexandria
EG-25748,Sharqia
EG-25502,cairo
EG-25052,El-Sharqia
EG-23598,Mansoura Gov
EG-22952,El-Sharqia
EG-25888,
EG-22762,Qalyubia
EG-23089,ALX
EG-26227,CAI
EG-23139,Giza
EG-25795,Sharqia
EG-24199,Mansoura Gov
EG-22282,Dakahlia
EG-22267,Sharqia
EG-23913,Dakahlia
EG-22485,Gharbia
EG-24299,ALX
EG-22159,Alexandria
EG-24331,GZ
EG-25432,Alex
EG-21003,El-Sharqia
EG-21018,
EG-26719,Sharqia
EG-26225,Monufia
EG-25248,GZ
EG-20549,Giza
EG-26062,Monufia
EG-25743,El-Sharqia
EG-25195,
EG-26140,El-Sharqia
EG-25573,Alex
EG-25215,Qalyoubia
EG-21377,Dakahlia
EG-26259,Sharqia
EG-26945,Gharbia
EG-25632,GZ
EG-23685,cairo
EG-24454,Qalyoubia
EG-22351,Monufia
EG-20318,CAI
EG-23357,cairo
EG-23902,Dakahlia
EG-24623,Alexandria
EG-26440,
EG-24033,
EG-26088,GZ
EG-26117,Gharbia
EG-23239,El-Sharqia
EG-25616,CAI
EG-20881,Gharbia
EG-23612,Qalyubia
EG-23794,El-Sharqia
EG-20226,
EG-25779,Giza
EG-24745,Cairo
EG-20385,Alex
EG-24689,GZ
EG-21191,El-Sharqia
EG-23587,El-Sharqia
EG-24109,Giza
EG-21712,Alex
EG-20167,Monufia
EG-20460,Monufia
EG-20148,ALX
EG-22537,Mansoura Gov
EG-22514,Sharqia
EG-21423,Monufia
EG-22105,Mansoura Gov
EG-24566,Cairo
EG-20687,Gharbia
EG-26468,Sharqia
EG-25451,Gharbia
EG-26310,Dakahlia
EG-23151,Giza
EG-20359,Alex
EG-22574,El-Sharqia
EG-20325,Qalyubia
EG-23125,
EG-20992,CAI
EG-24632,Alexandria
EG-22345,Dakahlia
EG-24439,Monufia
EG-22944,
EG-20951,Mansoura Gov
EG-20045,Gharbia
EG-23736,El-Sharqia
EG-23613,Monufia
EG-23633,
EG-26954,Alex
EG-25744,GZ
EG-23340,Alexandria
EG-26125,CAI
EG-20316,Alex
EG-25837,Qalyubia
EG-20255,Monufia
EG-21513,ALX
EG-23496,CAI
EG-25648,CAI
EG-26852,Qalyoubia
EG-26651,Alexandria
EG-26005,Alex
EG-24850,Qalyoubia
EG-24127,Gharbia
EG-24052,Monufia
EG-23989,Dakahlia
EG-21272,Sharqia
EG-23011,Alexandria
EG-23568,Cairo
EG-24733,GZ
EG-24778,Dakahlia
EG-22391,Qalyubia
EG-24934,Gharbia
EG-23545,Dakahlia
EG-20466,cairo
EG-26378,Qalyubia
EG-21820,Alexandria
EG-23766,Qalyoubia
EG-26642,
EG-23702,El-Sharqia
EG-21569,Qalyubia
EG-26723,Alexandria
EG-20971,Alexandria
EG-26428,Monufia
EG-24444,Monufia
EG-26704,Qalyoubia
EG-24784,Sharqia
EG-26191,Monufia
EG-21646,Qalyubia
EG-23440,Gharbia
EG-25087,CAI
EG-25400,Gharbia
EG-26541,GZ
EG-24559,Cairo
EG-21071,Sharqia
EG-24328,Dakahlia
EG-25545,Gharbia
EG-25518,Sharqia
EG-20584,Qalyubia
EG-26576,Monufia
EG-24874,Sharqia
EG-21055,GZ
EG-24392,Qalyubia
EG-25830,Qalyubia
EG-23536,Qalyubia
EG-20767,Giza
EG-25262,Qalyoubia
EG-23809,Giza
EG-26853,Mansoura Gov
EG-20430,Mansoura Gov
EG-26347,Qalyoubia
EG-24086,Monufia
EG-22237,Qalyubia
EG-21217,ALX
EG-26362,Qalyoubia
EG-26324,ALX
EG-26052,
EG-23378,Gharbia
EG-20723,El-Sharqia
EG-24835,
EG-20122,El-Sharqia
EG-22462,
EG-26334,Gharbia
EG-21283,Qalyoubia
EG-20752,Gharbia
EG-22957,GZ
EG-21617,Sharqia
EG-20106,Sharqia
EG-25565,Qalyoubia
EG-21626,CAI
EG-21683,CAI
EG-21510,ALX
EG-25037,Qalyubia
EG-25034,Alexandria
EG-23025,Gharbia
EG-24330,Dakahlia
EG-26889,Alexandria
EG-24407,Sharqia
EG-25598,Mansoura Gov
EG-26695,Qalyoubia
EG-20913,Sharqia
EG-25867,Giza
EG-22890,
EG-25383,Gharbia
EG-20008,CAI
EG-24832,Qalyoubia
EG-21679,CAI
EG-26632,ALX
EG-20978,Monufia
EG-26098,cairo
EG-26535,
EG-26898,Alex
EG-23932,Gharbia
EG-26672,GZ
EG-22731,Alex
EG-22566,
EG-23510,Sharqia
EG-23740,Dakahlia
EG-20336,El-Sharqia
EG-22489,
EG-23116,Gharbia
EG-21081,Gharbia
EG-20706,Qalyubia
EG-26010,
EG-22080,Qalyubia
EG-21466,Qalyubia
EG-24648,El-Sharqia
EG-20712,Gharbia
EG-20151,Qalyoubia
EG-24144,Qalyubia
EG-23216,Alexandria
EG-20822,GZ
EG-26820,Dakahlia
EG-22899,Gharbia
EG-20034,Dakahlia
EG-22608,Cairo
EG-25142,Gharbia
EG-24043,Qalyubia
EG-23939,GZ
EG-20711,El-Sharqia
EG-20949,Mansoura Gov
EG-20244,El-Sharqia
EG-26337,cairo
EG-24083,Gharbia
EG-25911,Alexandria
EG-23854,Monufia
EG-24885,CAI
EG-26485,Qalyubia
EG-25679,Sharqia
EG-20571,Alexandria
EG-21923,El-Sharqia
EG-25213,Mansoura Gov
EG-26063,Gharbia
EG-21257,El-Sharqia
EG-23036,
EG-21414,Alexandria
EG-21897,cairo
EG-25064,CAI
EG-23497,cairo
EG-23816,CAI
EG-23005,Mansoura Gov
EG-24365,Sharqia
EG-21160,Dakahlia
EG-26330,Qalyubia
EG-22752,Dakahlia
EG-21295,Alexandria
EG-20598,Sharqia
EG-24722,El-Sharqia
EG-21772,Qalyoubia
EG-26848,Gharbia
EG-23793,GZ
EG-26197,Cairo
EG-22750,CAI
EG-25041,El-Sharqia
EG-22535,cairo
EG-24527,Mansoura Gov
EG-22262,GZ
EG-22116,
EG-20993,Gharbia
EG-23746,Mansoura Gov
EG-24469,Alexandria
EG-21385,
EG-26438,Cairo
EG-23009,Gharbia
EG-20369,
EG-22547,Mansoura Gov
EG-25706,Qalyoubia
EG-20511,Qalyubia
EG-21843,Dakahlia
EG-21811,Qalyoubia
EG-21011,Qalyubia
EG-25310,Gharbia
EG-23409,Alex
EG-24975,Gharbia
EG-21661,Dakahlia
EG-20057,Dakahlia
EG-25577,Cairo
EG-26712,CAI
EG-26832,
EG-22444,Dakahlia
EG-26439,cairo
EG-23197,Monufia
EG-26629,Monufia
EG-22013,Mansoura Gov
EG-20655,
EG-21172,ALX
EG-21305,cairo
EG-21841,Mansoura Gov
EG-23338,GZ
EG-26534,Cairo
EG-21083,cairo
EG-23596,
EG-20480,Qalyoubia
EG-23415,
EG-24891,ALX
EG-21432,Qalyoubia
EG-20860,Cairo
EG-24619,Cairo
EG-25263,Monufia
EG-21622,Gharbia
EG-23697,Monufia
EG-20135,Mansoura Gov
EG-22158,Sharqia
EG-25185,Sharqia
EG-21678,Monufia
EG-24092,Mansoura Gov
EG-23213,Sharqia
EG-21253,Alexandria
EG-26112,ALX
EG-22446,Dakahlia
EG-22357,Alex
EG-24373,El-Sharqia
EG-20021,CAI
EG-24197,CAI
EG-20312,Monufia
EG-25076,Monufia
EG-24136,Qalyubia
EG-25564,Gharbia
EG-23550,Gharbia
EG-23654,Giza
EG-26616,Alexandria
EG-24463,Monufia
EG-22370,Alexandria
EG-21743,Cairo
EG-25935,CAI
EG-21883,Dakahlia
EG-20796,Mansoura Gov
EG-21611,Cairo
EG-26688,Gharbia
EG-23400,CAI
EG-23017,Cairo
EG-23790,CAI
EG-22483,Giza
EG-21214,GZ
EG-24499,CAI
EG-21564,Cairo
EG-20355,Alex
EG-22114,Dakahlia
EG-26783,Cairo
EG-25951,GZ
EG-24196,Gharbia
EG-20263,Sharqia
EG-23052,El-Sharqia
EG-24077,
EG-25121,Giza
EG-24660,Dakahlia
EG-22536,Qalyoubia
EG-24661,Alex
EG-20809,El-Sharqia
EG-22916,GZ
EG-20378,Alexandria
EG-22962,Alex
EG-21565,Qalyoubia
EG-23580,GZ
EG-21929,Monufia
EG-23856,Sharqia
EG-21326,Gharbia
EG-22856,El-Sharqia
EG-20124,Giza
EG-24133,Alexandria
EG-25991,Dakahlia
EG-24101,Monufia
EG-23146,Mansoura Gov
EG-22697,Monufia
EG-20438,El-Sharqia
EG-20003,Qalyoubia
EG-25535,Gharbia
EG-20817,
EG-26143,Qalyubia
EG-24820,cairo
EG-25328,Mansoura Gov
EG-24640,Gharbia
EG-24246,Sharqia
EG-24929,
EG-25277,Mansoura Gov
EG-21549,Sharqia
EG-20784,
EG-21864,
EG-22529,Alexandria
EG-21936,GZ
EG-20933,Mansoura Gov
EG-23061,El-Sharqia
EG-23079,Cairo
EG-21634,Gharbia
EG-23091,GZ
EG-21987,CAI
EG-22171,
EG-22328,Qalyoubia
EG-25917,El-Sharqia
EG-22128,CAI
EG-22285,El-Sharqia
EG-23143,Qalyoubia
EG-25309,Sharqia
EG-26384,Dakahlia
EG-22399,CAI
EG-25856,Qalyoubia
EG-20669,Qalyoubia
EG-23825,Monufia
EG-20833,Dakahlia
EG-24792,ALX
EG-21079,
EG-26660,El-Sharqia
EG-25446,Gharbia
EG-26937,Giza
EG-24004,Gharbia
EG-23446,Qalyubia
EG-26412,Gharbia
EG-21353,Qalyubia
EG-20990,
EG-24859,cairo
EG-20042,Alex
EG-21121,Dakahlia
EG-23976,Sharqia
EG-21069,Cairo
EG-26521,Dakahlia
EG-25326,Alex
EG-21202,El-Sharqia
EG-20001,
EG-23456,Qalyubia
EG-24429,Dakahlia
EG-25167,Gharbia
EG-23102,CAI
EG-26995,Monufia
EG-23460,Gharbia
EG-25769,Monufia
EG-23482,
EG-23354,Gharbia
EG-23010,
EG-20505,Monufia
EG-26718,Qalyubia
EG-21308,cairo
EG-22402,Alexandria
EG-26884,ALX
EG-23206,Gharbia
EG-21627,Monufia
EG-26202,Alex
EG-26373,Gharbia
EG-24724,Alexandria
EG-23881,Alexandria
EG-23184,ALX
EG-23845,CAI
EG-21445,Mansoura Gov
EG-21682,
EG-26528,
EG-24021,Mansoura Gov
EG-26155,
EG-25186,El-Sharqia
EG-20782,
EG-24523,Gharbia
EG-21438,Cairo
EG-20982,Gharbia
EG-20178,Giza
EG-24304,Qalyubia
EG-24581,Alex
EG-25390,Dakahlia
EG-23225,CAI
EG-24799,Gharbia
EG-23573,cairo
EG-24678,Qalyoubia
EG-24157,GZ
EG-24400,Alexandria
EG-22422,Alex
EG-21995,Cairo
EG-26344,Alex
EG-26260,GZ
EG-24359,Gharbia
EG-21942,Qalyoubia
EG-22063,Qalyubia
EG-22461,Dakahlia
EG-25006,Gharbia
EG-21980,Gharbia
EG-23201,Cairo
EG-22796,Mansoura Gov
EG-22018,GZ
EG-22942,Gharbia
EG-24900,Monufia
EG-25285,Gharbia
EG-20689,Qalyubia
EG-26264,Qalyoubia
EG-23406,Gharbia
EG-24708,GZ
EG-21717,Dakahlia
EG-21475,
EG-24582,Mansoura Gov
EG-23163,Monufia
EG-25682,Mansoura Gov
EG-22836,Dakahlia
EG-26983,Monufia
EG-23743,El-Sharqia
EG-25174,Alexandria
EG-22986,Sharqia
EG-23328,Sharqia
EG-26584,cairo
EG-20442,cairo
EG-26748,Dakahlia
EG-20247,CAI
EG-23284,Cairo
EG-23717,El-Sharqia
EG-23723,Sharqia
EG-22474,GZ
EG-20144,Gharbia
EG-24451,Dakahlia
EG-23399,Qalyoubia
EG-21114,Cairo
EG-20347,Gharbia
EG-25793,Gharbia
EG-24959,Qalyubia
EG-26504,Monufia
EG-24633,CAI
EG-20986,Qalyubia
EG-21691,
EG-21666,Gharbia
EG-20590,ALX
EG-25074,Cairo
EG-21677,Gharbia
EG-21580,Qalyoubia
EG-23392,ALX
EG-21746,Alexandria
EG-24723,Gharbia
EG-20028,GZ
EG-23466,Qalyoubia
EG-20692,CAI
EG-25162,Alex
EG-25926,Gharbia
EG-24260,Monufia
EG-26566,Mansoura Gov
EG-22871,Gharbia
EG-21847,GZ
EG-21117,Alex
EG-21499,Mansoura Gov
EG-25667,Alex
EG-25236,Mansoura Gov
EG-23235,ALX
EG-23646,Dakahlia
EG-25342,Qalyoubia
EG-22644,Gharbia
EG-22175,
EG-23330,Alex
EG-25501,cairo
EG-22397,Qalyoubia
EG-25807,GZ
EG-21080,Dakahlia
EG-21829,Qalyoubia
EG-23745,Gharbia
EG-24573,Mansoura Gov
EG-26091,Qalyoubia
EG-20236,ALX
EG-26663,GZ
EG-26450,Dakahlia
EG-22985,Monufia
EG-20127,Gharbia
EG-26730,
EG-20209,El-Sharqia
EG-20011,Sharqia
EG-20946,CAI
EG-20024,
EG-23070,Sharqia
EG-23491,Dakahlia
EG-21365,El-Sharqia
EG-25862,Monufia
EG-23958,Gharbia
EG-25302,
EG-24911,Giza
EG-24644,Qalyubia
EG-21593,Dakahlia
EG-20471,Qalyubia
EG-20719,Dakahlia
EG-23435,Sharqia
EG-21140,Mansoura Gov
EG-24222,Qalyoubia
EG-25234,Qalyoubia
EG-26276,Giza
EG-20475,cairo
EG-22373,Qalyoubia
EG-24564,Qalyoubia
EG-26120,Mansoura Gov
EG-20910,Qalyoubia
EG-24226,Gharbia
EG-25924,Qalyubia
EG-25157,Qalyoubia
EG-20664,Mansoura Gov
EG-22645,Sharqia
EG-26680,Alex
EG-24254,Monufia
EG-25944,Qalyoubia
EG-21364,Giza
EG-20175,GZ
EG-22465,Qalyoubia
EG-25813,Alexandria
EG-23860,Sharqia
EG-20496,Sharqia
EG-21959,
EG-22599,El-Sharqia
EG-23548,Cairo
EG-22948,CAI
EG-25690,cairo
EG-20219,Qalyubia
EG-26045,ALX
EG-22564,Gharbia
EG-22822,
EG-21453,El-Sharqia
EG-21710,Gharbia
EG-24305,Alex
EG-24126,ALX
EG-24416,ALX
EG-25865,Dakahlia
EG-26930,Gharbia
EG-22993,Gharbia
EG-23819,Qalyubia
EG-26186,
EG-21334,Qalyoubia
EG-23758,Sharqia
EG-26116,El-Sharqia
EG-25641,
EG-25499,GZ
EG-22257,ALX
EG-21124,Mansoura Gov
EG-22014,Gharbia
EG-20485,Dakahlia
EG-26266,Dakahlia
EG-22581,Cairo
EG-23731,GZ
EG-21448,Monufia
EG-20299,CAI
EG-25604,
EG-26670,
EG-20191,Qalyubia
EG-25959,
EG-22923,Qalyoubia
EG-21410,Sharqia
EG-24988,Qalyubia
EG-23360,Giza
EG-25102,Qalyoubia
EG-21293,Cairo
EG-25497,Alex
EG-20722,Dakahlia
EG-23041,Gharbia
EG-22241,Monufia
EG-24747,Alexandria
EG-23483,Dakahlia
EG-25591,Cairo
EG-21605,Qalyoubia
EG-21351,Monufia
EG-21777,ALX
EG-22075,GZ
EG-26594,Gharbia
EG-21515,Alex
EG-22953,Giza
EG-22246,ALX
EG-23120,Sharqia
EG-21591,ALX
EG-24203,Qalyubia
EG-25135,Mansoura Gov
EG-25617,
EG-24846,El-Sharqia
EG-24730,Mansoura Gov
EG-25887,Qalyoubia
EG-26614,Qalyoubia
EG-20936,Sharqia
EG-26625,cairo
EG-20614,Qalyubia
EG-21848,Gharbia
EG-24267,
EG-22522,Gharbia
EG-24147,Giza
EG-20319,Cairo
EG-21881,El-Sharqia
EG-22973,El-Sharqia
EG-24719,Giza
EG-21361,El-Sharqia
EG-25741,CAI
EG-25494,Qalyoubia
EG-22565,Gharbia
EG-22122,
EG-21360,El-Sharqia
EG-20261,CAI
EG-25798,Dakahlia
EG-24158,Monufia
EG-21529,Cairo
EG-21073,Qalyubia
EG-20153,CAI
EG-21098,Monufia
EG-26789,Gharbia
EG-26622,Qalyubia
EG-26433,Mansoura Gov
EG-21278,Gharbia
EG-26602,El-Sharqia
EG-25418,
EG-26892,Gharbia
EG-24259,
EG-25235,
EG-23096,Sharqia
EG-24088,Gharbia
EG-20540,Monufia
EG-21407,Alexandria
EG-23720,El-Sharqia
EG-20276,Dakahlia
EG-20915,
EG-24831,Giza
EG-25916,cairo
EG-23506,Mansoura Gov
EG-20297,Gharbia
EG-21162,Cairo
EG-22794,Mansoura Gov
EG-21753,Giza
EG-23514,Qalyoubia
EG-25441,Giza
EG-21947,Qalyubia
EG-22303,Dakahlia
EG-20311,Qalyubia
EG-26647,
EG-23787,
EG-24187,
EG-25791,Gharbia
EG-22469,Qalyoubia
EG-22829,Cairo
EG-26128,Cairo
EG-23364,Alexandria
EG-21509,Gharbia
EG-25745,Qalyubia
EG-25109,
EG-26341,
EG-26835,Alexandria
EG-21060,CAI
EG-23416,Sharqia
EG-23513,Sharqia
EG-24685,Gharbia
EG-20009,CAI
EG-25596,ALX
EG-21219,Mansoura Gov
EG-26828,Qalyoubia
EG-26952,Mansoura Gov
EG-22030,Mansoura Gov
EG-21082,Qalyoubia
EG-23592,ALX
EG-21092,Alex
EG-22671,Monufia
EG-26589,El-Sharqia
EG-26460,Qalyubia
EG-20335,Qalyubia
EG-25699,Gharbia
EG-23276,Sharqia
EG-22048,Cairo
EG-26166,
EG-21708,cairo
EG-21965,Qalyoubia
EG-22131,Gharbia
EG-26863,El-Sharqia
EG-26553,Qalyubia
EG-21749,ALX
EG-26967,Alexandria
EG-26745,Gharbia
EG-26290,Qalyoubia
EG-23067,Qalyoubia
EG-22643,Giza
EG-22301,Qalyoubia
EG-24851,Mansoura Gov
EG-22979,Dakahlia
EG-26577,GZ
EG-26372,Dakahlia
EG-20830,cairo
EG-25714,Monufia
EG-22711,Cairo
EG-26467,Alexandria
EG-20162,Cairo
EG-24219,
EG-24287,Qalyoubia
EG-20370,Gharbia
EG-21945,Mansoura Gov
EG-26950,CAI
EG-26775,El-Sharqia
EG-26289,Alexandria
EG-24597,cairo
EG-21483,Qalyoubia
EG-25384,Mansoura Gov
EG-23776,Dakahlia
EG-25314,cairo
EG-25495,ALX
EG-20599,
EG-22269,ALX
EG-25291,Cairo
EG-24880,Cairo
EG-20450,Giza
EG-20808,ALX
EG-24669,Gharbia
EG-20448,Cairo
EG-25422,GZ
EG-20746,Gharbia
EG-20065,Alex
EG-25017,Qalyubia
EG-23852,
EG-23431,Mansoura Gov
EG-20536,Dakahlia
EG-26173,
EG-23375,
EG-22690,Qalyubia
EG-24461,Mansoura Gov
EG-25606,cairo
EG-21165,Cairo
EG-22956,
EG-23715,Alexandria
EG-25040,CAI
EG-21672,Alex
EG-26152,cairo
EG-23557,cairo
EG-22569,Dakahlia
EG-23947,Mansoura Gov
EG-25678,Gharbia
EG-25099,cairo
EG-22371,Gharbia
EG-24965,Gharbia
EG-25079,Alex
EG-26907,Qalyoubia
EG-25757,Giza
EG-23050,Sharqia
EG-21205,Mansoura Gov
EG-20518,El-Sharqia
EG-26630,Dakahlia
EG-20908,Alexandria
EG-20593,Gharbia
EG-23918,Alexandria
EG-21880,Qalyoubia
EG-21056,Cairo
EG-22884,
EG-26282,Monufia
EG-26571,Gharbia
EG-22819,
EG-24408,Dakahlia
EG-26551,Alex
EG-23445,Gharbia
EG-21732,Gharbia
EG-26669,Gharbia
EG-20104,Qalyoubia
EG-21983,GZ
EG-21425,Qalyoubia
EG-22433,Gharbia
EG-22106,Sharqia
EG-23056,Qalyoubia
EG-26429,Gharbia
EG-24010,Sharqia
EG-26133,Giza
EG-22673,Qalyubia
EG-24710,Sharqia
EG-25011,Giza
EG-24017,Qalyubia
EG-20403,Giza
EG-25554,GZ
EG-25740,Dakahlia
EG-20324,Cairo
EG-22912,Monufia
EG-20522,Alex
EG-25161,Gharbia
EG-26346,Sharqia
EG-25194,
EG-26891,ALX
EG-20776,Sharqia
EG-21748,Gharbia
EG-26871,CAI
EG-20804,Dakahlia
EG-26603,Gharbia
EG-20032,Qalyoubia
EG-22211,Mansoura Gov
EG-25479,Dakahlia
EG-26499,Qalyubia
EG-26221,El-Sharqia
EG-20455,Giza
EG-26752,El-Sharqia
EG-25937,ALX
EG-21819,
EG-24693,Alexandria
EG-26386,CAI
EG-22857,Sharqia
EG-24036,Mansoura Gov
EG-21134,Qalyubia
EG-23916,CAI
EG-25363,Gharbia
EG-23320,Giza
EG-21462,GZ
EG-26657,Sharqia
EG-23427,Qalyubia
EG-25045,cairo
EG-24210,Gharbia
EG-22138,Mansoura Gov
EG-24777,Alexandria
EG-20183,ALX
EG-22692,Dakahlia
EG-23343,Gharbia
EG-26027,Qalyubia
EG-26716,Dakahlia
EG-24711,GZ
EG-22518,Alex
EG-26486,
EG-24421,
EG-20924,Alexandria
EG-26759,GZ
EG-22363,Qalyoubia
EG-21645,Gharbia
EG-26833,
EG-24443,
EG-26707,Dakahlia
EG-20762,Monufia
EG-24183,Mansoura Gov
EG-20383,Alexandria
EG-20932,Alex
EG-25878,Giza
EG-21359,Cairo
EG-22117,Monufia
EG-24022,Qalyubia
EG-23546,El-Sharqia
EG-24996,Alex
EG-23899,Giza
EG-22076,
EG-25387,Giza
EG-20077,Cairo
EG-26287,Dakahlia
EG-24234,Monufia
EG-21342,Gharbia
EG-22585,Monufia
EG-20036,ALX
EG-26720,Qalyubia
EG-21102,ALX
EG-22272,Qalyoubia
EG-26996,El-Sharqia
EG-22675,Giza
EG-26274,Alexandria
EG-24515,Monufia
EG-20195,Monufia
EG-25819,
EG-23476,Monufia
EG-22709,
EG-24503,
EG-24679,ALX
EG-22551,Qalyoubia
EG-20239,Gharbia
EG-20004,Mansoura Gov
EG-26860,Gharbia
EG-23818,
EG-24164,Qalyoubia
EG-23351,Qalyubia
EG-26880,Mansoura Gov
EG-22517,Monufia
EG-26127,Sharqia
EG-25324,
EG-22196,GZ
EG-22568,Giza
EG-26600,Mansoura Gov
EG-26286,Gharbia
EG-22432,Mansoura Gov
EG-21586,Dakahlia
EG-25548,Dakahlia
EG-23045,Qalyoubia
EG-23263,Alexandria
EG-22008,
EG-25644,Gharbia
EG-26913,Gharbia
EG-26478,Alex
EG-20749,Mansoura Gov
EG-25905,Gharbia
EG-23119,Alexandria
EG-24651,El-Sharqia
EG-23015,Gharbia
EG-24717,Alex
EG-20294,
EG-23737,
EG-20623,Monufia
EG-20176,Mansoura Gov
EG-21573,cairo
EG-20519,Giza
EG-23964,Giza
EG-26336,Sharqia
EG-20147,Sharqia
EG-20632,Gharbia
EG-21099,Sharqia
EG-26447,Giza
EG-22426,
EG-24604,Dakahlia
EG-22121,Alexandria
EG-25092,Gharbia
EG-25734,Alexandria
EG-24358,Cairo
EG-22669,cairo
EG-21197,
EG-22815,Monufia
EG-25800,cairo
EG-23189,Mansoura Gov
EG-22029,
EG-20465,Cairo
EG-26511,Cairo
EG-20486,Dakahlia
EG-21312,CAI
EG-25388,El-Sharqia
EG-25070,Gharbia
EG-20807,Qalyoubia
EG-26640,GZ
EG-20751,El-Sharqia
EG-26123,cairo
EG-24725,
EG-23611,ALX
EG-23763,Alexandria
EG-24557,Dakahlia
EG-22596,ALX
EG-25113,Giza
EG-26382,Qalyubia
EG-21963,Alexandria
EG-25841,ALX
EG-26894,GZ
EG-23765,Gharbia
EG-25575,Qalyubia
EG-21471,Giza
EG-22334,Gharbia
EG-24980,cairo
EG-26804,Gharbia
EG-21017,GZ
EG-23219,Sharqia
EG-21090,Mansoura Gov
EG-20673,
EG-21299,Mansoura Gov
EG-25781,Qalyubia
EG-26510,Gharbia
EG-23911,GZ
EG-21463,CAI
EG-26339,Gharbia
EG-21324,ALX
EG-21932,CAI
EG-25078,Dakahlia
EG-26973,Alexandria
EG-26458,Giza
EG-23928,Dakahlia
EG-24279,Gharbia
EG-25026,Qalyoubia
EG-22226,Mansoura Gov
EG-26325,CAI
EG-21725,Sharqia
EG-26568,ALX
EG-24649,El-Sharqia
EG-22136,Qalyoubia
EG-21872,Cairo
EG-21343,Gharbia
EG-25378,Qalyubia
EG-24217,Gharbia
EG-25529,Dakahlia
EG-24550,Monufia
EG-23224,Gharbia
EG-23121,Monufia
EG-23599,Gharbia
EG-21823,Mansoura Gov
EG-20163,Alex
EG-26262,Gharbia
EG-23171,Monufia
EG-20541,Gharbia
EG-25097,
EG-25066,Dakahlia
EG-24318,ALX
EG-21464,Alex
EG-20525,cairo
EG-26549,ALX
EG-21207,Giza
EG-22742,
EG-24401,Alexandria
EG-24794,Monufia
EG-24700,Alex
EG-24191,Gharbia
EG-24447,GZ
EG-24987,Monufia
EG-25415,Gharbia
EG-25498,ALX
EG-22960,
EG-22271,Qalyoubia
EG-22113,Dakahlia
EG-23051,Sharqia
EG-26224,Sharqia
EG-22823,Mansoura Gov
EG-22691,Sharqia
EG-23207,CAI
EG-25974,Mansoura Gov
EG-25463,GZ
EG-20083,Sharqia
EG-23243,Dakahlia
EG-26741,Sharqia
EG-20700,Alex
EG-25904,Qalyoubia
EG-25341,
EG-24655,Cairo
EG-23038,Gharbia
EG-22494,Alexandria
EG-23179,
EG-26213,
EG-21153,Alexandria
EG-26007,Cairo
EG-26170,cairo
EG-23986,
EG-25746,Qalyubia
EG-21053,Giza
EG-20556,Mansoura Gov
EG-21337,Cairo
EG-20129,Monufia
EG-23457,Gharbia
EG-24121,Mansoura Gov
EG-24646,Sharqia
EG-25826,
EG-23063,Alex
EG-26982,GZ
EG-21836,Qalyoubia
EG-26421,
EG-26413,
EG-22408,cairo
EG-24235,Alexandria
EG-24139,Monufia
EG-23970,Giza
EG-21042,Gharbia
EG-20473,Alexandria
EG-24701,Dakahlia
EG-22842,ALX
EG-21783,Alexandria
EG-20679,Cairo
EG-23391,Alex
EG-26522,cairo
EG-22092,CAI
EG-25720,ALX
EG-22811,Giza
EG-23355,
EG-20489,
EG-21391,Sharqia
EG-25850,Monufia
EG-26753,Alexandria
EG-22853,El-Sharqia
EG-20774,Mansoura Gov
EG-22273,El-Sharqia
EG-25272,Qalyubia
EG-25822,Sharqia
EG-21768,Qalyubia
EG-23946,Gharbia
EG-22683,CAI
EG-23366,
EG-23301,Alex
EG-24491,Dakahlia
EG-20977,ALX
EG-22139,CAI
EG-26914,Giza
EG-25703,Sharqia
EG-24141,ALX
EG-21579,Monufia
EG-21396,Qalyubia
EG-22332,
EG-20701,Dakahlia
EG-22022,Alexandria
EG-21762,El-Sharqia
EG-24830,Qalyubia
EG-26106,GZ
EG-20502,
EG-26866,
EG-26232,Gharbia
EG-20417,Qalyubia
EG-21960,Qalyubia
EG-21581,Gharbia
EG-23437,El-Sharqia
EG-21349,Dakahlia
EG-24027,Alex
EG-22841,Sharqia
EG-24142,Qalyoubia
EG-23426,Dakahlia
EG-21498,ALX
EG-22855,
EG-23300,Mansoura Gov
EG-21115,cairo
EG-26856,Dakahlia
EG-23797,Gharbia
EG-20234,Gharbia
EG-25469,
EG-25886,Alexandria
EG-23447,Mansoura Gov
EG-26281,Qalyoubia
EG-22618,Qalyoubia
EG-21168,Cairo
EG-26238,Qalyoubia
EG-25015,Mansoura Gov
EG-20048,cairo
EG-23885,
EG-26261,
EG-23424,Dakahlia
EG-26068,Gharbia
EG-22577,Sharqia
EG-25550,Alex
EG-26810,
EG-22700,Giza
EG-24768,Sharqia
EG-26706,Sharqia
EG-23822,Qalyubia
EG-26772,Dakahlia
EG-20181,Gharbia
EG-23012,El-Sharqia
EG-26415,El-Sharqia
EG-22737,Monufia
EG-23954,
EG-26981,cairo
EG-23303,Mansoura Gov
EG-20845,ALX
EG-20626,CAI
EG-22205,GZ
EG-23442,Gharbia
EG-21628,Qalyubia
EG-21339,GZ
EG-22283,cairo
EG-22560,Giza
EG-24992,
EG-25069,Gharbia
EG-24169,Gharbia
EG-25372,Gharbia
EG-26271,Sharqia
EG-24836,
EG-24540,El-Sharqia
EG-26837,Mansoura Gov
EG-25268,Monufia
EG-24516,Sharqia
EG-25821,Alex
EG-20909,Sharqia
EG-24870,Gharbia
EG-24306,ALX
EG-21358,Mansoura Gov
EG-20116,Dakahlia
EG-25250,Dakahlia
EG-20621,Gharbia
EG-26927,ALX
EG-20097,Mansoura Gov
EG-20846,Cairo
EG-20105,
EG-25419,Dakahlia
EG-20041,Sharqia
EG-25930,Monufia
EG-25245,Alex
EG-23248,Giza
EG-24065,Dakahlia
EG-24983,Qalyoubia
EG-22634,Gharbia
EG-23616,Qalyubia
EG-22623,Cairo
EG-20759,
EG-20954,GZ
EG-22603,Alex
EG-21269,GZ
EG-22120,
EG-25772,cairo
EG-25241,Gharbia
EG-20880,ALX
EG-25146,Cairo
EG-23687,Dakahlia
EG-21690,ALX
EG-22817,Monufia
EG-22054,El-Sharqia
EG-22409,Qalyubia
EG-24303,cairo
EG-26802,Cairo
EG-26209,Sharqia
EG-24056,Gharbia
EG-22112,Gharbia
EG-22505,Alex
EG-25208,
EG-22818,El-Sharqia
EG-20770,Gharbia
EG-22708,Gharbia
EG-24622,Monufia
EG-21394,Alexandria
EG-24621,Qalyoubia
EG-22001,Qalyoubia
EG-24225,Giza
EG-24366,Monufia
EG-21693,Giza
EG-20243,Gharbia
EG-23288,GZ
EG-22724,
EG-20345,cairo
EG-25255,El-Sharqia
EG-25961,Qalyoubia
EG-23712,Monufia
EG-24616,Alex
EG-26021,Cairo
EG-26780,Alexandria
EG-22387,Cairo
EG-20218,Dakahlia
EG-20346,Alex
EG-21730,Alex
EG-22907,Gharbia
EG-25486,Gharbia
EG-21016,Sharqia
EG-25612,Dakahlia
EG-23601,Qalyoubia
EG-24972,Qalyoubia
EG-21443,Monufia
EG-23088,
EG-21048,Dakahlia
EG-21616,El-Sharqia
EG-24397,Qalyubia
EG-24735,Dakahlia
EG-20573,GZ
EG-21290,
EG-25457,cairo
EG-23526,El-Sharqia
EG-23149,
EG-24369,Qalyubia
EG-26985,Qalyubia
EG-26383,Cairo
EG-22111,Giza
EG-22632,
EG-23785,Monufia
EG-23076,Mansoura Gov
EG-23123,cairo
EG-24607,Mansoura Gov
EG-22813,Monufia
EG-21254,Gharbia
EG-23376,GZ
EG-26388,El-Sharqia
EG-20279,Gharbia
EG-23018,
EG-21493,Gharbia
EG-21054,Mansoura Gov
EG-20013,Sharqia
EG-25808,Gharbia
EG-26609,Alex
EG-26569,Cairo
EG-25000,El-Sharqia
EG-24050,
EG-21468,
EG-20081,Dakahlia
EG-24941,
EG-21294,Alex
EG-24160,Qalyubia
EG-21041,Giza
EG-22502,Sharqia
EG-20513,Cairo
EG-25189,Mansoura Gov
EG-24829,ALX
EG-20216,Sharqia
EG-26319,
EG-24368,Dakahlia
EG-23949,cairo
EG-23073,Sharqia
EG-21331,Monufia
EG-21508,GZ
EG-26046,Dakahlia
EG-23478,Qalyoubia
EG-26611,Cairo
EG-24862,GZ
EG-26179,Alexandria
EG-26501,
EG-26212,CAI
EG-22445,Sharqia
EG-20827,Alexandria
EG-22276,Monufia
EG-26583,Mansoura Gov
EG-25735,Gharbia
EG-23981,Cairo
EG-26610,ALX
EG-22242,El-Sharqia
EG-24291,Dakahlia
EG-21631,Qalyubia
EG-25898,El-Sharqia
EG-24637,Monufia
EG-21608,Monufia
EG-24532,Monufia
EG-26961,cairo
EG-23135,Alexandria
EG-20805,Mansoura Gov
EG-20123,Cairo
EG-26756,Qalyoubia
EG-26926,
EG-20795,Mansoura Gov
EG-22115,Mansoura Gov
EG-26434,Gharbia
EG-22698,
EG-26674,cairo
EG-20609,Dakahlia
EG-25020,CAI
EG-23234,Giza
EG-21799,Gharbia
EG-22782,Giza
EG-23247,Monufia
EG-21594,Sharqia
EG-24923,Mansoura Gov
EG-23628,
EG-26671,Giza
EG-21211,ALX
EG-22088,Qalyoubia
EG-25558,
EG-21837,CAI
EG-21876,Monufia
EG-22935,Cairo
EG-21363,Qalyubia
EG-24781,Qalyubia
EG-22161,Monufia
EG-26017,
EG-22754,
EG-22778,Qalyubia
EG-26919,ALX
EG-26320,Giza
EG-23069,
EG-24061,El-Sharqia
EG-20429,cairo
EG-24341,Qalyubia
EG-23518,Gharbia
EG-21128,Alex
EG-23554,ALX
EG-21193,GZ
EG-26218,El-Sharqia
EG-23894,Qalyoubia
EG-25936,Gharbia
EG-22375,
EG-22466,GZ
EG-20287,Alex
EG-24428,El-Sharqia
EG-22666,Qalyubia
EG-23584,CAI
EG-25300,Alex
EG-24720,Qalyubia
EG-25332,ALX
EG-21801,Mansoura Gov
EG-20188,Gharbia
EG-21972,
EG-25581,El-Sharqia
EG-22606,Mansoura Gov
EG-26774,GZ
EG-20629,ALX
EG-25948,Gharbia
EG-20639,CAI
EG-20888,Qalyubia
EG-23229,ALX
EG-25117,Cairo
EG-25588,Qalyubia
EG-21491,cairo
EG-20166,Qalyoubia
EG-22772,GZ
EG-21649,
EG-20338,Sharqia
EG-22963,Sharqia
EG-23647,
EG-20073,
EG-24122,El-Sharqia
EG-22646,ALX
EG-21697,Alexandria
EG-25877,Giza
EG-22247,Monufia
EG-25304,ALX
EG-22294,Monufia
EG-22635,GZ
EG-22299,El-Sharqia
EG-24502,Qalyubia
EG-22497,Monufia
EG-22475,Alexandria
EG-25895,Alex
EG-20652,Qalyoubia
EG-26524,Qalyoubia
EG-23372,Mansoura Gov
EG-22902,Cairo
EG-20225,
EG-23739,Mansoura Gov
EG-23133,CAI
EG-25280,Sharqia
EG-25091,Gharbia
EG-25530,Giza
EG-25907,El-Sharqia
EG-25767,Sharqia
EG-24574,Mansoura Gov
EG-20698,Qalyubia
EG-23408,
EG-20428,
EG-22414,cairo
EG-20399,cairo
EG-22760,Mansoura Gov
EG-20211,GZ
EG-26490,cairo
EG-23396,
EG-26306,Qalyoubia
EG-22406,Qalyoubia
EG-20398,Qalyoubia
EG-21704,Giza
EG-20919,El-Sharqia
EG-25698,Qalyubia
EG-21065,Dakahlia
EG-23994,Gharbia
EG-20864,Dakahlia
EG-21222,Mansoura Gov
EG-25811,Gharbia
EG-25303,Mansoura Gov
EG-24091,Dakahlia
EG-21531,Gharbia
EG-24681,
EG-22218,Qalyubia
EG-22459,
EG-24046,Cairo
EG-23622,CAI
EG-26267,GZ
EG-25634,Dakahlia
EG-20957,Cairo
EG-20501,
EG-23576,Gharbia
EG-24107,Gharbia
EG-20220,Giza
EG-26733,
EG-20610,ALX
EG-21853,Qalyubia
EG-26022,Giza
EG-22732,cairo
EG-21033,Gharbia
EG-24490,Dakahlia
EG-26969,ALX
EG-25686,Sharqia
EG-22793,ALX
EG-26348,
EG-20232,Cairo
EG-26090,cairo
EG-26374,Giza
EG-26246,Alex
EG-23533,Qalyubia
EG-22034,Giza
EG-22743,cairo
EG-21470,El-Sharqia
EG-22702,Alex
EG-23057,Cairo
EG-21362,Qalyubia
EG-21482,Dakahlia
EG-24861,Qalyubia
EG-22280,Dakahlia
EG-24150,Dakahlia
EG-21246,Cairo
EG-24848,El-Sharqia
EG-24505,Mansoura Gov
EG-20589,Mansoura Gov
EG-21641,Cairo
EG-24123,Sharqia
EG-25118,Gharbia
EG-21495,Sharqia
EG-26425,Giza
EG-23259,Qalyoubia
EG-25379,Sharqia
EG-25988,Gharbia
EG-20373,CAI
EG-21022,Dakahlia
EG-26171,Alex
EG-22610,Gharbia
EG-24707,
EG-21782,Sharqia
EG-25928,
EG-24563,Giza
EG-22108,Alex
EG-25474,El-Sharqia
EG-26618,Dakahlia
EG-23032,Monufia
EG-20901,Sharqia
EG-25205,Qalyoubia
EG-22002,GZ
EG-24484,Monufia
EG-25580,ALX
EG-24094,Giza
EG-26747,Gharbia
EG-22266,Monufia
EG-20018,Gharbia
EG-26933,Giza
EG-22617,Cairo
EG-25943,
EG-23539,
EG-21643,ALX
EG-20530,
EG-23681,CAI
EG-26118,Qalyoubia
EG-20851,ALX
EG-20580,Monufia
EG-23572,
EG-26940,Qalyoubia
EG-22430,Qalyubia
EG-24759,
EG-22528,Alexandria
EG-26934,Cairo
EG-20539,Dakahlia
EG-24028,Gharbia
EG-26556,Alex
EG-20035,Gharbia
EG-21588,Gharbia
EG-25949,Mansoura Gov
EG-26463,Qalyoubia
EG-20848,Gharbia
EG-21304,Qalyubia
EG-22166,GZ
EG-25832,Alex
EG-25039,
EG-22228,
EG-23999,Qalyubia
EG-24066,ALX
EG-25568,Sharqia
EG-21249,Qalyoubia
EG-20289,Alexandria
EG-23260,Dakahlia
EG-26786,Qalyubia
EG-20170,Qalyoubia
EG-25657,Mansoura Gov
EG-20642,Sharqia
EG-24895,GZ
EG-20096,Alexandria
EG-22219,cairo
EG-23423,Alex
EG-25792,CAI
EG-24766,Gharbia
EG-26113,cairo
EG-23250,cairo
EG-26198,Monufia
EG-23326,Alex
EG-22405,ALX
EG-21889,CAI
EG-22094,Qalyoubia
EG-25163,
EG-25053,Qalyubia
EG-22909,Qalyubia
EG-24771,Dakahlia
EG-26900,Giza
EG-22704,Gharbia
EG-22628,Qalyubia
EG-24317,
EG-24526,Qalyubia
EG-21773,GZ
EG-21406,
EG-20254,Giza
EG-21005,Gharbia
EG-24976,
EG-20064,
EG-22913,Dakahlia
EG-24942,
EG-20882,GZ
EG-24960,Sharqia
EG-21427,Monufia
EG-25267,CAI
EG-26573,Dakahlia
EG-21907,
EG-20264,Sharqia
EG-22170,Gharbia
EG-24224,Alexandria
EG-26883,
EG-26639,ALX
EG-21074,Mansoura Gov
EG-24639,Dakahlia
EG-26229,cairo
EG-23920,GZ
EG-25668,Monufia
EG-25722,Monufia
EG-24522,Mansoura Gov
EG-24206,Alexandria
EG-23334,Giza
EG-23831,
EG-21451,Sharqia
EG-20551,GZ
EG-24355,Monufia
EG-21146,
EG-25996,Mansoura Gov
EG-25051,Giza
EG-24156,Gharbia
EG-25436,Alex
EG-21576,ALX
EG-20898,Monufia
EG-25718,El-Sharqia
EG-24090,
EG-25448,Alexandria
EG-22309,Alexandria
EG-21518,
EG-24894,Alexandria
EG-20351,
EG-23174,cairo
EG-20802,Giza
EG-24613,Gharbia
EG-20654,Alex
EG-25296,Qalyubia
EG-25003,El-Sharqia
EG-21505,CAI
EG-26579,GZ
EG-23212,Monufia
EG-21857,ALX
EG-22353,Gharbia
EG-23567,CAI
EG-25473,Sharqia
EG-26717,Qalyoubia
EG-25599,Gharbia
EG-25031,Qalyoubia
EG-25480,Monufia
EG-25876,Gharbia
EG-20670,Qalyubia
EG-24927,Sharqia
EG-22149,Giza
EG-25295,Gharbia
EG-22107,Gharbia
EG-23984,El-Sharqia
EG-22471,GZ
EG-26256,CAI
EG-23632,CAI
EG-20799,cairo
EG-23600,ALX
EG-24944,Alex
EG-20063,Monufia
EG-20484,Gharbia
EG-21633,Qalyoubia
EG-22714,Dakahlia
EG-24704,Cairo
EG-24339,El-Sharqia
EG-25131,Cairo
EG-20976,
EG-26015,Sharqia
EG-22491,Gharbia
EG-22978,El-Sharqia
EG-23582,Qalyubia
EG-23966,Mansoura Gov
EG-24824,Alex
EG-20387,Gharbia
EG-23561,cairo
EG-22946,El-Sharqia
EG-23380,CAI
EG-23266,Qalyoubia
EG-26291,Qalyoubia
EG-20043,
EG-24565,Alex
EG-24909,Gharbia
EG-26812,Giza
EG-23971,El-Sharqia
EG-23873,El-Sharqia
EG-20185,Qalyubia
EG-24694,Alex
EG-22057,Gharbia
EG-25123,Cairo
EG-21352,Monufia
EG-24542,Qalyoubia
EG-23648,Sharqia
EG-23379,Alexandria
EG-21375,Giza
EG-22065,Gharbia
EG-23857,GZ
EG-21062,CAI
EG-20242,Mansoura Gov
EG-22040,
EG-21599,
EG-22715,
EG-22200,Alexandria
EG-21264,Giza
EG-20214,Dakahlia
EG-23618,Sharqia
EG-24237,ALX
EG-26776,Alex
EG-20377,Gharbia
EG-22867,Dakahlia
EG-24703,Mansoura Gov
EG-23081,Mansoura Gov
EG-25931,ALX
EG-20240,Giza
EG-25397,Gharbia
EG-26520,Alex
EG-26581,Gharbia
EG-22744,Alex
EG-20885,cairo
EG-25786,Mansoura Gov
EG-24933,Giza
EG-25005,Qalyubia
EG-25364,
EG-25283,Gharbia
EG-20794,Qalyubia
EG-21647,Gharbia
EG-23318,Gharbia
EG-26418,Dakahlia
EG-26014,Monufia
EG-21199,GZ
EG-25082,Sharqia
EG-26181,Alexandria
EG-26627,El-Sharqia
EG-25942,El-Sharqia
EG-21522,Qalyoubia
EG-23799,Alex
EG-23796,Gharbia
EG-25129,Qalyubia
EG-22977,GZ
EG-22156,Cairo
EG-21392,cairo
EG-25481,CAI
EG-20494,Qalyoubia
EG-22770,Dakahlia
EG-26693,Giza
EG-22834,Qalyubia
EG-24024,
EG-21532,El-Sharqia
EG-23663,Dakahlia
EG-22775,GZ
EG-21195,Alexandria
EG-23791,cairo
EG-25817,Monufia
EG-26351,GZ
EG-24116,Qalyoubia
EG-23775,Qalyoubia
EG-20075,
EG-23666,Cairo
EG-25994,Giza
EG-25090,Alex
EG-24924,Qalyubia
EG-23660,Cairo
EG-23048,
EG-25336,ALX
EG-24131,cairo
EG-25437,ALX
EG-24153,Alexandria
EG-26411,CAI
EG-21621,Dakahlia
EG-20570,Mansoura Gov
EG-23245,
EG-25956,
EG-20967,El-Sharqia
EG-25810,Alex
EG-25638,Giza
EG-23068,Alexandria
EG-21891,GZ
EG-22995,ALX
EG-25063,cairo
EG-24188,GZ
EG-24453,Alexandria
EG-25197,Monufia
EG-26469,Cairo
EG-23341,Alex
EG-24404,Giza
EG-23356,El-Sharqia
EG-22676,ALX
EG-24587,Dakahlia
EG-26999,El-Sharqia
EG-25595,Qalyoubia
EG-24129,Gharbia
EG-20414,ALX
EG-23494,CAI
EG-26236,Giza
EG-26555,Alex
EG-26211,Cairo
EG-26505,Qalyubia
EG-24787,
EG-22980,Dakahlia
EG-22385,cairo
EG-20970,Monufia
EG-21186,Qalyubia
EG-23075,Dakahlia
EG-20128,Monufia
EG-26513,GZ
EG-21267,Qalyubia
EG-20702,ALX
EG-24971,Alexandria
EG-24635,
EG-20206,Alex
EG-22197,Sharqia
EG-25507,Dakahlia
EG-22045,Gharbia
EG-24967,El-Sharqia
EG-23520,Gharbia
EG-22077,
EG-20094,GZ
EG-24466,Gharbia
EG-25555,Giza
EG-24384,Cairo
EG-25669,cairo
EG-24313,Qalyoubia
EG-23577,Gharbia
EG-21776,Alexandria
EG-23325,Dakahlia
EG-20850,Sharqia
EG-20251,Qalyubia
EG-25266,Dakahlia
EG-23499,
EG-21914,Gharbia
EG-24171,Monufia
EG-25172,Qalyoubia
EG-21870,Gharbia
EG-24405,Alex
EG-25838,Monufia
EG-25411,Sharqia
EG-23512,Alex
EG-24667,Gharbia
EG-21670,El-Sharqia
EG-25134,
EG-26910,Qalyoubia
EG-20072,Monufia
EG-20371,Mansoura Gov
EG-20713,Qalyoubia
EG-20085,Cairo
EG-20089,Alex
EG-20587,Giza
EG-24460,Qalyubia
EG-23795,Gharbia
EG-23144,Gharbia
EG-20342,Qalyoubia
EG-20149,Dakahlia
EG-23564,El-Sharqia
EG-26013,
EG-20659,Qalyubia
EG-21494,Gharbia
EG-26760,Qalyoubia
EG-22378,ALX
EG-24767,Dakahlia
EG-26296,Gharbia
EG-21638,CAI
EG-21387,El-Sharqia
EG-23742,Dakahlia
EG-26377,Alex
EG-20050,Mansoura Gov
EG-22727,Qalyubia
EG-23034,Sharqia
EG-21664,Monufia
EG-20753,Gharbia
EG-25125,ALX
EG-21571,Mansoura Gov
EG-22809,CAI
EG-22354,ALX
EG-25183,CAI
EG-24413,Qalyubia
EG-24775,Monufia
EG-20259,Gharbia
EG-23698,Giza
EG-23397,Sharqia
EG-24177,Mansoura Gov
EG-23525,
EG-26145,Qalyubia
EG-26185,
EG-26977,Gharbia
EG-22924,Alexandria
EG-22347,cairo
EG-24040,cairo
EG-25358,Qalyoubia
EG-20194,Mansoura Gov
EG-25675,GZ
EG-23629,Alexandria
EG-22177,Alexandria
EG-26108,Gharbia
EG-23872,Gharbia
EG-25835,Gharbia
EG-20677,El-Sharqia
EG-26252,El-Sharqia
EG-22415,Qalyubia
EG-21486,Sharqia
EG-21411,Mansoura Gov
EG-21860,El-Sharqia
EG-21928,GZ
EG-22858,Sharqia
EG-25150,Mansoura Gov
EG-26215,cairo
EG-21817,Mansoura Gov
EG-20616,Giza
EG-22134,El-Sharqia
EG-22174,Qalyubia
EG-22419,El-Sharqia
EG-26958,Qalyubia
EG-26806,Mansoura Gov
EG-26064,Gharbia
EG-25244,Monufia
EG-22922,Gharbia
EG-24963,Mansoura Gov
EG-21135,Alex
EG-26406,Mansoura Gov
EG-24249,Gharbia
EG-23394,Mansoura Gov
EG-26195,cairo
EG-21992,Giza
EG-25485,Mansoura Gov
EG-23560,Cairo
EG-24070,El-Sharqia
EG-22277,Qalyoubia
EG-24908,
EG-24920,Gharbia
EG-25738,
EG-24579,El-Sharqia
EG-20002,Qalyubia
EG-22081,CAI
EG-23186,Gharbia
EG-22369,Alex
EG-21940,El-Sharqia
EG-22234,
EG-25023,Mansoura Gov
EG-23098,Dakahlia
EG-26799,Gharbia
EG-26178,GZ
EG-24477,El-Sharqia
EG-25934,El-Sharqia
EG-25014,Dakahlia
EG-23948,El-Sharqia
EG-24888,Giza
EG-24064,Gharbia
EG-21106,Dakahlia
EG-20182,Sharqia
EG-20208,Qalyoubia
EG-21546,Gharbia
EG-21858,
EG-24774,ALX
EG-22317,Giza
EG-26867,Monufia
EG-22265,cairo
EG-21287,Sharqia
EG-23152,Sharqia
EG-21009,
EG-24193,Gharbia
EG-24974,Alexandria
EG-25816,Mansoura Gov
EG-20467,Gharbia
EG-26030,Dakahlia
EG-21934,Qalyubia
EG-21779,Dakahlia
EG-25343,CAI
EG-20107,Giza
EG-20576,Alex
EG-24742,cairo
EG-20595,Monufia
EG-26443,Mansoura Gov
EG-21243,Gharbia
EG-24626,Alexandria
EG-22543,Qalyubia
EG-22764,Gharbia
EG-23722,Dakahlia
EG-22549,Dakahlia
EG-23562,Monufia
EG-25149,Qalyubia
EG-24480,Qalyoubia
EG-24603,
EG-20834,Alexandria
EG-26251,Mansoura Gov
EG-20334,Gharbia
EG-21105,Qalyubia
EG-23342,Sharqia
EG-20405,Monufia
EG-21558,
EG-22376,Mansoura Gov
EG-23363,Sharqia
EG-24012,Qalyoubia
EG-22383,Cairo
EG-26904,Sharqia
EG-21367,Cairo
EG-26606,
EG-21008,Monufia
EG-23665,Alex
EG-23128,Gharbia
EG-20918,Qalyoubia
EG-26516,Sharqia
EG-23177,Gharbia
EG-21838,Gharbia
EG-20600,Gharbia
EG-20757,Mansoura Gov
EG-22938,El-Sharqia
EG-21104,CAI
EG-22968,Gharbia
EG-20721,Cairo
EG-21335,Giza
EG-24309,cairo
EG-25747,Dakahlia
EG-21810,Giza
EG-24001,Alex
EG-22366,
EG-20457,Giza
EG-21015,Gharbia
EG-21620,ALX
EG-23134,Qalyubia
EG-22493,Mansoura Gov
EG-22143,Mansoura Gov
EG-20533,Giza
EG-21905,El-Sharqia
EG-26823,Dakahlia
EG-21167,Mansoura Gov
EG-20445,Qalyoubia
EG-25863,Qalyubia
EG-20675,Gharbia
EG-24240,Monufia
EG-26151,Sharqia
EG-25737,Giza
EG-21259,Monufia
EG-22695,Sharqia
EG-25655,El-Sharqia
EG-23297,Sharqia
EG-21183,GZ
EG-24284,Giza
EG-23006,Qalyoubia
EG-21894,Qalyubia
EG-26163,Dakahlia
EG-20968,Dakahlia
EG-26764,ALX
EG-23382,Giza
EG-26690,ALX
EG-21409,GZ
EG-20231,
EG-23082,ALX
EG-25093,Qalyubia
EG-20717,ALX
EG-26681,Sharqia
EG-22365,El-Sharqia
EG-22852,cairo
EG-21388,CAI
EG-22654,Dakahlia
EG-23925,GZ
EG-26506,
EG-26621,Dakahlia
EG-25126,Sharqia
EG-26416,
EG-23996,CAI
EG-25726,CAI
EG-26409,Qalyubia
EG-20725,Alex
EG-23566,Alexandria
EG-24807,Qalyoubia
EG-21058,Gharbia
EG-21309,ALX
EG-21484,Qalyoubia
EG-22511,Qalyubia
EG-22066,
EG-22531,cairo
EG-22928,ALX
EG-25029,Qalyubia
EG-25306,CAI
EG-25927,Alexandria
EG-22039,Qalyubia
EG-25447,Sharqia
EG-20798,ALX
EG-25815,Mansoura Gov
EG-20929,Qalyoubia
EG-24229,El-Sharqia
EG-21325,Gharbia
EG-24166,Gharbia
EG-20203,
EG-26935,Sharqia
EG-20348,Monufia
EG-23053,Monufia
EG-26881,Monufia
EG-23090,GZ
EG-21130,GZ
EG-26240,Sharqia
EG-25027,Qalyoubia
EG-21957,Alex
EG-24804,Cairo
EG-20527,Monufia
EG-25628,Qalyubia
EG-20611,Sharqia
EG-23369,Monufia
EG-22837,Gharbia
EG-22379,Qalyoubia
EG-24892,
EG-20015,Sharqia
EG-23695,Cairo
EG-21851,GZ
EG-20100,Gharbia
EG-22918,Alex
EG-26144,cairo
EG-26315,Gharbia
EG-20130,GZ
EG-23833,CAI
EG-22437,Alexandria
EG-26990,Qalyoubia
EG-24554,cairo
EG-20310,Dakahlia
EG-25198,cairo
EG-26796,
EG-21426,
EG-24371,Sharqia
EG-21684,Cairo
EG-25166,Monufia
EG-24727,cairo
EG-25857,Giza
EG-21031,Gharbia
EG-22710,Gharbia
EG-22885,
EG-21791,ALX
EG-25833,Qalyubia
EG-24928,cairo
EG-24868,Qalyubia
EG-23295,Qalyubia
EG-22981,cairo
EG-20665,Qalyoubia
EG-25025,
EG-24547,Giza
EG-20656,Qalyubia
EG-20615,Mansoura Gov
EG-26976,Monufia
EG-21176,Monufia
EG-24054,Qalyubia
EG-21514,
EG-24991,ALX
EG-23373,Monufia
EG-25237,Giza
EG-20005,
EG-21933,Cairo
EG-26321,GZ
EG-24770,Qalyubia
EG-24105,Sharqia
EG-25223,Gharbia
EG-22746,cairo
EG-21990,Qalyoubia
EG-25962,El-Sharqia
EG-26067,Mansoura Gov
EG-24338,Qalyoubia
EG-26161,Sharqia
EG-21068,
EG-21793,Gharbia
EG-25677,Qalyubia
EG-26247,ALX
EG-25753,Qalyubia
EG-23837,Alex
EG-25820,Qalyubia
EG-26335,Qalyoubia
EG-26817,Sharqia
EG-20682,Giza
EG-22625,Qalyoubia
EG-26554,GZ
EG-22333,Gharbia
EG-24009,Qalyubia
EG-22202,Qalyoubia
EG-25938,cairo
EG-21639,Mansoura Gov
EG-23122,GZ
EG-26575,Gharbia
EG-23675,Qalyubia
EG-25445,Alexandria
EG-23258,Sharqia
EG-23878,Mansoura Gov
EG-24311,
EG-22696,Cairo
EG-22633,El-Sharqia
EG-20273,GZ
EG-22521,Qalyubia
EG-21915,
EG-23868,Giza
EG-24340,Qalyubia
EG-21925,Giza
EG-23532,
EG-23700,cairo
EG-26649,Alex
EG-20728,El-Sharqia
EG-24645,Qalyoubia
EG-23773,Alexandria
EG-22046,
EG-22488,cairo
EG-26459,GZ
EG-23501,Dakahlia
EG-24337,cairo
EG-25214,Dakahlia
EG-22425,
EG-20869,Giza
EG-22835,cairo
EG-24847,GZ
EG-26824,
EG-25139,ALX
EG-20295,cairo
EG-21673,cairo
EG-26075,Gharbia
EG-20606,ALX
EG-25845,Monufia
EG-24514,Gharbia
EG-20138,ALX
EG-24493,Gharbia
EG-20563,Qalyoubia
EG-20772,cairo
EG-20695,Dakahlia
EG-22661,Qalyoubia
EG-23124,Alexandria
EG-23781,CAI
EG-24481,
EG-24871,Gharbia
EG-21699,Qalyubia
EG-25933,GZ
EG-21931,Monufia
EG-21785,El-Sharqia
EG-23637,Gharbia
EG-23302,Qalyubia
EG-20596,Alex
EG-25523,ALX
EG-26687,
EG-22023,Qalyoubia
EG-25908,Dakahlia
EG-21991,Gharbia
EG-25115,ALX
EG-21868,Mansoura Gov
EG-20381,Dakahlia
EG-26590,Dakahlia
EG-22071,Sharqia
EG-24524,Gharbia
EG-24128,Gharbia
EG-23131,Qalyoubia
EG-22297,Alexandria
EG-20602,Dakahlia
EG-26725,
EG-23748,Dakahlia
EG-22316,Sharqia
EG-24952,Qalyubia
EG-24592,Gharbia
EG-26285,Qalyubia
EG-23347,El-Sharqia
EG-25861,GZ
EG-24662,Qalyoubia
EG-24572,Alex
EG-25621,Mansoura Gov
EG-22660,Dakahlia
EG-21174,
EG-23992,
EG-21701,Qalyubia
EG-26607,cairo
EG-23023,Qalyubia
EG-22997,Qalyubia
EG-24614,Giza
EG-25954,Qalyubia
EG-26081,Monufia
EG-24272,Qalyoubia
EG-23402,
EG-21381,Giza
EG-26570,Sharqia
EG-20564,GZ
EG-21629,
EG-24865,Monufia
EG-25707,Qalyubia
EG-20016,Alex
EG-25899,Dakahlia
EG-23286,Giza
EG-21542,Dakahlia
EG-23927,
EG-26574,Gharbia
EG-20565,Alex
EG-25490,Qalyubia
EG-25552,
EG-23978,Gharbia
EG-23694,Giza
EG-26561,Alex
EG-25512,Sharqia
EG-26588,Giza
EG-23889,Sharqia
EG-24433,Gharbia
EG-21967,El-Sharqia
EG-20562,Monufia
EG-25275,Alexandria
EG-25670,Gharbia
EG-24586,CAI
EG-22579,Qalyoubia
EG-22921,
EG-24837,CAI
EG-25929,
EG-25403,Dakahlia
EG-20454,Qalyoubia
EG-21213,CAI
EG-22085,ALX
EG-23290,Alex
EG-26165,Dakahlia
EG-22130,El-Sharqia
EG-24364,cairo
EG-25804,Gharbia
EG-20552,Dakahlia
EG-21584,Qalyoubia
EG-24702,Giza
EG-20033,Qalyubia
EG-25322,Monufia
EG-20950,Dakahlia
EG-22331,Qalyoubia
EG-25896,
EG-23940,Cairo
EG-24258,ALX
EG-26679,Qalyubia
EG-24746,Qalyoubia
EG-21869,El-Sharqia
EG-20889,Cairo
EG-23166,Gharbia
EG-20732,Qalyubia
EG-22771,cairo
EG-25546,Gharbia
EG-20006,Gharbia
EG-20996,Alex
EG-21477,Alex
EG-21615,ALX
EG-25607,
EG-24245,Mansoura Gov
EG-22217,cairo
EG-26343,
EG-25012,El-Sharqia
EG-23581,Alexandria
EG-20743,Gharbia
EG-23957,Mansoura Gov
EG-26827,Dakahlia
EG-20140,
EG-24241,Qalyubia
EG-24080,Mansoura Gov
EG-21982,
EG-26380,GZ
EG-25717,Monufia
EG-26086,Gharbia
EG-20529,CAI
EG-24740,Sharqia
EG-21127,Alexandria
EG-26329,
EG-20907,Sharqia
EG-22845,Cairo
EG-20690,Qalyubia
EG-21893,Monufia
EG-23719,Cairo
EG-23904,Dakahlia
EG-23853,Gharbia
EG-21036,Mansoura Gov
EG-24242,Gharbia
EG-26103,Qalyubia
EG-26809,GZ
EG-23154,Cairo
EG-26784,Monufia
EG-22616,Giza
EG-20265,Alex
EG-21078,Giza
EG-22825,Monufia
EG-24415,Dakahlia
EG-23251,
EG-22428,Monufia
EG-20788,Alex
EG-23264,Alexandria
EG-25160,Mansoura Gov
EG-23332,Mansoura Gov
EG-26709,Mansoura Gov
EG-26834,CAI
EG-26169,
EG-24789,Giza
EG-23692,
EG-25274,Sharqia
EG-21583,Monufia
EG-22382,Qalyoubia
EG-25071,Qalyubia
EG-21233,
EG-26846,Cairo
EG-20103,Qalyoubia
EG-20314,Qalyubia
EG-23013,Qalyubia
EG-21306,Qalyoubia
EG-21979,Giza
EG-22006,Alex
EG-22189,Cairo
EG-21815,Qalyubia
EG-25549,Alex
EG-21039,Qalyubia
EG-20922,Sharqia
EG-21802,Cairo
EG-22828,GZ
EG-23876,Dakahlia
EG-21994,Qalyubia
EG-25947,Gharbia
EG-25676,Gharbia
EG-21918,Alex
EG-20966,Monufia
EG-24393,Mansoura Gov
EG-21873,Monufia
EG-22470,GZ
EG-23024,Giza
EG-26451,Monufia
EG-21112,ALX
EG-22180,ALX
EG-26751,Mansoura Gov
EG-23175,ALX
EG-26916,Gharbia
EG-24025,Dakahlia
EG-25626,Alex
EG-23943,Gharbia
EG-24440,
EG-25553,Gharbia
EG-26722,cairo
EG-21862,Sharqia
EG-20165,Monufia
EG-21224,Gharbia
EG-25770,Mansoura Gov
EG-24877,
EG-22570,GZ
EG-21895,Qalyubia
EG-21585,Qalyubia
EG-20814,ALX
EG-21574,ALX
EG-26801,
EG-22183,
EG-20766,Monufia
EG-22352,CAI
EG-26024,Qalyubia
EG-25184,Mansoura Gov
EG-22178,Mansoura Gov
EG-20066,
EG-21604,Qalyubia
EG-24281,Monufia
EG-21548,El-Sharqia
EG-25912,Sharqia
EG-26147,
EG-20838,Qalyoubia
EG-25646,Sharqia
EG-24501,El-Sharqia
EG-23321,Alexandria
EG-23627,Monufia
EG-25452,Monufia
EG-20635,Sharqia
EG-24135,Qalyubia
EG-26710,Monufia
EG-25964,Alexandria
EG-24185,Cairo
EG-23428,cairo
EG-24115,
EG-25829,Monufia
EG-25077,Mansoura Gov
EG-21350,Sharqia
EG-21087,Monufia
EG-22270,ALX
EG-21300,Cairo
EG-24482,Dakahlia
EG-24446,El-Sharqia
EG-26375,Gharbia
EG-20989,El-Sharqia
EG-22410,Mansoura Gov
EG-20012,Sharqia
EG-21943,Gharbia
EG-26214,Gharbia
EG-20778,ALX
EG-21221,
EG-21145,Mansoura Gov
EG-24148,Sharqia
EG-26049,El-Sharqia
EG-21228,Alexandria
EG-24763,Monufia
EG-26596,Dakahlia
EG-20119,CAI
EG-26831,Qalyoubia
EG-20583,Gharbia
EG-25444,Mansoura Gov
EG-23465,Gharbia
EG-26803,CAI
EG-20781,Alex
EG-20368,El-Sharqia
EG-25547,Giza
EG-21088,Qalyoubia
EG-25089,cairo
EG-20554,CAI
EG-20538,CAI
EG-21859,Dakahlia
EG-26196,Gharbia
EG-22647,Qalyoubia
EG-24671,Qalyubia
EG-23087,Sharqia
EG-20710,Cairo
EG-24134,Gharbia
EG-21909,Monufia
EG-24216,Sharqia
EG-20201,Cairo
EG-22448,Gharbia
EG-21899,
EG-22629,ALX
EG-23938,Mansoura Gov
EG-20503,
EG-24956,Qalyubia
EG-25188,Qalyoubia
EG-21822,GZ
EG-25344,Sharqia
EG-22007,Monufia
EG-26020,Gharbia
EG-23477,Monufia
EG-23523,Qalyubia
EG-22457,El-Sharqia
EG-20849,Qalyubia
EG-21559,
EG-26777,Gharbia
EG-21849,GZ
EG-24326,Sharqia
EG-24268,
EG-26009,Giza
EG-24479,GZ
EG-21049,Alexandria
EG-26138,Alexandria
EG-22562,Dakahlia
EG-26918,
EG-24589,Gharbia
EG-24945,
EG-22191,Dakahlia
EG-23003,Gharbia
EG-22631,Qalyoubia
EG-26283,Alex
EG-20862,Mansoura Gov
EG-22173,Qalyoubia
EG-23803,GZ
EG-22605,CAI
EG-24968,ALX
EG-21315,Monufia
EG-22477,Cairo
EG-20233,El-Sharqia
EG-23060,Alexandria
EG-24167,Alex
EG-23659,Qalyubia
EG-22832,cairo
EG-23389,Qalyubia
EG-25209,Monufia
EG-20952,Cairo
EG-22869,Alexandria
EG-25417,
EG-21148,Alexandria
EG-25803,Alexandria
EG-22355,Cairo
EG-21935,Qalyubia
EG-21067,Giza
EG-20575,Alex
EG-23670,Mansoura Gov
EG-23728,Alexandria
EG-21845,El-Sharqia
EG-23915,
EG-25467,GZ
EG-24380,El-Sharqia
EG-25124,ALX
EG-21030,Dakahlia
EG-24271,Qalyoubia
EG-22954,Alex
EG-22870,Sharqia
EG-21044,cairo
EG-25615,Monufia
EG-21971,
EG-23455,Alexandria
EG-21421,
EG-25851,Alex
EG-25759,Gharbia
EG-20514,Gharbia
EG-26530,Cairo
EG-26721,Giza
EG-24676,Gharbia
EG-23779,Giza
EG-26465,cairo
EG-24138,Gharbia
EG-25476,Alexandria
EG-25713,CAI
EG-20230,Qalyoubia
EG-23563,Monufia
EG-20437,
EG-23028,Qalyoubia
EG-23991,Qalyoubia
EG-21389,Alex
EG-25290,
EG-21383,Sharqia
EG-22717,Gharbia
EG-23517,Qalyubia
EG-22212,Monufia
EG-25777,Qalyubia
EG-25470,
EG-24450,Qalyubia
EG-20789,Mansoura Gov
EG-20055,Qalyoubia
EG-26664,Giza
EG-24111,Dakahlia
EG-25191,El-Sharqia
EG-20000,CAI
EG-24984,El-Sharqia
EG-25894,Qalyoubia
EG-25461,Giza
EG-23312,Gharbia
EG-26885,Mansoura Gov
EG-21173,Giza
EG-22638,CAI
EG-24539,Dakahlia
EG-20447,Cairo
EG-25666,Mansoura Gov
EG-21635,ALX
EG-22356,Gharbia
EG-24510,cairo
EG-20210,Mansoura Gov
EG-24551,Alex
EG-25784,Qalyoubia
EG-21738,Mansoura Gov
EG-24677,Gharbia
EG-24647,Qalyoubia
EG-22479,Alex
EG-22126,Qalyubia
EG-20896,Dakahlia
EG-23834,Qalyoubia
EG-26368,Gharbia
EG-21737,Dakahlia
EG-26069,Monufia
EG-23314,Sharqia
EG-23905,Sharqia
EG-25990,Qalyoubia
EG-20246,Qalyubia
EG-20490,Qalyoubia
EG-22214,Giza
EG-24926,Mansoura Gov
EG-25327,Mansoura Gov
EG-25570,Qalyubia
EG-25261,Qalyoubia
EG-20114,Sharqia
EG-22996,Cairo
EG-23983,ALX
EG-21902,
EG-20313,cairo
EG-21718,Sharqia
EG-23086,Qalyubia
EG-22848,
EG-23493,Qalyubia
EG-21034,Giza
EG-26355,
EG-25312,Giza
EG-20393,
EG-21524,ALX
EG-24089,
EG-23160,ALX
EG-23083,El-Sharqia
EG-23464,
EG-20268,Mansoura Gov
EG-22507,Mansoura Gov
EG-25729,Alexandria
EG-23749,Monufia
EG-23815,Gharbia
EG-23180,Alexandria
EG-23771,Qalyoubia
EG-20662,Giza
EG-23883,ALX
EG-23042,Qalyubia
EG-22438,CAI
EG-20532,El-Sharqia
EG-24406,Gharbia
EG-23762,Gharbia
EG-21759,Monufia
EG-20115,Alexandria
EG-25147,Alex
EG-23486,Qalyubia
EG-25265,
EG-22181,Sharqia
EG-23205,Qalyoubia
EG-23094,Qalyubia
EG-23884,
EG-23127,CAI
EG-23336,
EG-22959,Gharbia
EG-25010,Sharqia
EG-22513,El-Sharqia
EG-26836,El-Sharqia
EG-26536,Alexandria
EG-24761,Giza
EG-23304,El-Sharqia
EG-20688,Qalyoubia
EG-26071,Sharqia
EG-26830,CAI
EG-26275,ALX
EG-20764,
EG-20031,
EG-24231,
EG-26526,cairo
EG-25421,Gharbia
EG-25683,
EG-21379,cairo
EG-23565,El-Sharqia
EG-25652,Gharbia
EG-23942,Cairo
EG-24301,Gharbia
EG-21981,Mansoura Gov
EG-20914,Qalyubia
EG-24535,Gharbia
EG-25728,Monufia
EG-22441,GZ
EG-21043,Dakahlia
EG-22879,ALX
EG-22839,Qalyoubia
EG-22160,Qalyoubia
EG-21974,Alex
EG-20543,Qalyoubia
EG-20797,Qalyubia
EG-20641,Mansoura Gov
EG-22252,Dakahlia
EG-23211,GZ
EG-22392,Qalyubia
EG-22346,Cairo
EG-22403,Giza
EG-21674,El-Sharqia
EG-24893,Cairo
EG-21317,Qalyoubia
EG-26172,GZ
EG-21050,Mansoura Gov
EG-22736,Alex
EG-24104,Cairo
EG-23638,Gharbia
EG-22336,Gharbia
EG-24353,Dakahlia
EG-21000,
EG-20046,Qalyubia
EG-23210,
EG-23097,CAI
EG-20897,Qalyoubia
EG-25281,
EG-21744,Gharbia
EG-23594,Giza
EG-20221,GZ
EG-21435,Qalyubia
EG-26269,ALX
EG-22198,Gharbia
EG-20481,Sharqia
EG-21955,Alex
EG-23541,Mansoura Gov
EG-21268,Mansoura Gov
EG-20646,El-Sharqia
EG-20026,Monufia
EG-21235,cairo
EG-23757,Alex
EG-26770,El-Sharqia
EG-23898,Sharqia
EG-24625,Gharbia
EG-21871,
EG-24035,Mansoura Gov
EG-22236,Mansoura Gov
EG-26909,
EG-24155,Sharqia
EG-26598,CAI
EG-25496,cairo
EG-20578,cairo
EG-20192,Mansoura Gov
EG-22833,El-Sharqia
EG-22450,Sharqia
EG-21570,Mansoura Gov
EG-25050,Mansoura Gov
EG-21157,Dakahlia
EG-25765,Monufia
EG-21447,Monufia
EG-25882,Alexandria
EG-22293,Giza
EG-22167,Cairo
EG-21185,Monufia
EG-20960,Dakahlia
EG-26455,
EG-21803,Monufia
EG-21456,Alexandria
EG-23370,Gharbia
EG-25914,Sharqia
EG-24273,Alex
EG-23849,Monufia
EG-26105,Qalyoubia
EG-20110,cairo
EG-20112,Alex
EG-22315,Alexandria
EG-26241,
EG-25112,Alex
EG-21001,cairo
EG-24734,
EG-22777,Gharbia
EG-20092,Qalyoubia
EG-22612,Qalyoubia
EG-20676,El-Sharqia
EG-24925,Mansoura Gov
EG-20566,Gharbia
EG-23058,GZ
EG-20581,cairo
EG-26495,CAI
EG-21813,El-Sharqia
EG-21143,Alex
EG-23537,Alexandria
EG-25429,Giza
EG-23418,
EG-21192,Mansoura Gov
EG-22278,cairo
EG-21075,Cairo
EG-23558,Qalyubia
EG-21609,
EG-23866,CAI
EG-24938,GZ
EG-21333,Sharqia
EG-21458,Gharbia
EG-26154,Sharqia
EG-25970,
EG-26946,Qalyubia
EG-26808,Gharbia
EG-20362,Gharbia
EG-24470,Qalyubia
EG-24178,Alex
EG-22860,Cairo
EG-20458,Monufia
EG-22496,Gharbia
EG-24016,Mansoura Gov
EG-25439,Monufia
EG-23858,Sharqia
EG-21623,CAI
EG-26908,Qalyubia
EG-26331,Alexandria
EG-23641,Alex
EG-26403,Gharbia
EG-22530,Gharbia
EG-25257,Giza
EG-26737,El-Sharqia
EG-26487,Dakahlia
EG-25733,
EG-21311,Cairo
EG-25100,Gharbia
EG-26248,GZ
EG-26130,Gharbia
EG-24478,Alexandria
EG-23322,Sharqia
EG-24320,Cairo
EG-24610,ALX
EG-20691,Qalyubia
EG-25796,Gharbia
EG-21125,Gharbia
EG-26597,Qalyubia
EG-26449,Alex
EG-23610,
EG-25619,Sharqia
EG-23438,cairo
EG-22648,Alex
EG-25038,GZ
EG-21900,Giza
EG-26065,Gharbia
EG-26757,cairo
EG-25211,El-Sharqia
EG-21013,El-Sharqia
EG-25318,Sharqia
EG-25576,Monufia
EG-26668,GZ
EG-21440,
EG-21602,
EG-23713,Alex
EG-20400,Gharbia
EG-25427,Dakahlia
EG-26648,El-Sharqia
EG-26001,Giza
EG-25111,El-Sharqia
EG-21831,Gharbia
EG-23242,cairo
EG-22931,Gharbia
EG-22358,GZ
EG-20903,Giza
EG-21019,Dakahlia
EG-25510,Gharbia
EG-24263,Alex
EG-24403,GZ
EG-20588,Sharqia
EG-26514,Qalyoubia
EG-26167,Sharqia
EG-20917,
EG-22339,cairo
EG-20937,CAI
EG-22056,
EG-26503,Sharqia
EG-23385,El-Sharqia
EG-20765,GZ
EG-23863,ALX
EG-23602,Gharbia
EG-21046,Monufia
EG-24412,
EG-24878,El-Sharqia
EG-22976,Qalyoubia
EG-20523,Gharbia
EG-21557,Alex
EG-23393,Monufia
EG-25176,Gharbia
EG-20154,cairo
EG-25859,Qalyubia
EG-21614,Alexandria
EG-25413,Sharqia
EG-21572,Gharbia
EG-23891,Qalyubia
EG-21767,Alex
EG-23643,Giza
EG-22688,Qalyubia
EG-22520,El-Sharqia
EG-21170,ALX
EG-25684,Gharbia
EG-24786,Gharbia
EG-23240,Sharqia
EG-21101,
EG-22541,El-Sharqia
EG-26242,El-Sharqia
EG-22987,Gharbia
EG-20979,Dakahlia
EG-21652,Cairo
EG-24811,Gharbia
EG-25279,Monufia
EG-23701,Qalyubia
EG-22897,Giza
EG-22642,El-Sharqia
EG-24055,Alexandria
EG-20440,Qalyoubia
EG-23509,Mansoura Gov
EG-26658,cairo
EG-21241,GZ
EG-21535,Qalyoubia
EG-25094,Giza
EG-22340,cairo
EG-24531,GZ
EG-20724,Monufia
EG-26906,Dakahlia
EG-23677,Monufia
EG-24666,Qalyubia
EG-25539,Qalyoubia
EG-21356,Dakahlia
EG-25154,Mansoura Gov
EG-25629,Alexandria
EG-21291,Monufia
EG-20905,Monufia
EG-20911,Qalyubia
EG-23165,Gharbia
EG-20534,ALX
EG-22955,El-Sharqia
EG-21797,Monufia
EG-21754,Gharbia
EG-26003,Cairo
EG-20091,Dakahlia
EG-26288,Dakahlia
EG-21184,Mansoura Gov
EG-22467,Dakahlia
EG-24543,Mansoura Gov
EG-20837,Qalyoubia
EG-22268,ALX
EG-25058,ALX
EG-22367,cairo
EG-20707,Qalyoubia
EG-21714,Dakahlia
EG-23769,Sharqia
EG-22821,CAI
EG-20663,Monufia
EG-26585,Mansoura Gov
EG-25824,ALX
EG-22284,CAI
EG-21833,Sharqia
EG-26683,Qalyubia
EG-20715,Gharbia
EG-25789,Gharbia
EG-20963,Qalyubia
EG-22327,Qalyubia
EG-26370,Cairo
EG-26016,Dakahlia
EG-23488,Sharqia
EG-22799,ALX
EG-24063,GZ
EG-24819,CAI
EG-21996,Sharqia
EG-20648,GZ
EG-23686,Dakahlia
EG-22972,ALX
EG-26364,Sharqia
EG-22253,Alex
EG-24672,Gharbia
EG-26258,Gharbia
EG-23358,Gharbia
EG-23751,CAI
EG-25500,ALX
EG-24437,Alex
EG-23870,Mansoura Gov
EG-20292,cairo
EG-24325,Qalyoubia
EG-25350,Alex
EG-25409,
EG-21441,El-Sharqia
EG-22209,Monufia
EG-21913,Monufia
EG-26819,Monufia
EG-24863,
EG-24898,Sharqia
EG-26903,Giza
EG-20090,GZ
EG-22751,Giza
EG-26129,Gharbia
EG-20193,Gharbia
EG-26676,Mansoura Gov
EG-26901,cairo
EG-26997,Gharbia
EG-26962,ALX
EG-23649,Alexandria
EG-23209,Giza
EG-21566,Sharqia
EG-21867,CAI
EG-20618,Monufia
EG-20686,Giza
EG-26093,Qalyoubia
EG-23252,ALX
EG-25801,El-Sharqia
EG-21750,Alex
EG-24014,Gharbia
EG-23472,CAI
EG-25365,Dakahlia
EG-22677,Monufia
EG-20768,Cairo
EG-21159,Qalyubia
EG-24810,El-Sharqia
EG-24468,Monufia
EG-24431,Alexandria
EG-20137,Qalyoubia
EG-25289,Qalyoubia
EG-24215,Sharqia
EG-24112,Gharbia
EG-22930,cairo
EG-24728,Qalyubia
EG-24114,Alex
EG-25874,Gharbia
EG-26963,Qalyoubia
EG-22640,Sharqia
EG-21688,Monufia
EG-24605,Gharbia
EG-20509,CAI
EG-21630,Giza
EG-26006,El-Sharqia
EG-25685,Giza
EG-24921,Mansoura Gov
EG-26471,GZ
EG-26861,
EG-22768,
EG-24398,ALX
EG-22492,Dakahlia
EG-21818,Mansoura Gov
EG-20139,Mansoura Gov
EG-22556,
EG-24627,Alexandria
EG-23420,ALX
EG-23750,Giza
EG-22263,Monufia
EG-25101,Qalyoubia
EG-25122,Monufia
EG-21473,Qalyubia
EG-26637,Giza
EG-26222,ALX
EG-21320,Alex
EG-25993,Gharbia
EG-22592,Monufia
EG-26066,Giza
EG-25893,Cairo
EG-20479,Monufia
EG-24620,Monufia
EG-24425,Monufia
EG-20786,
EG-21655,Qalyoubia
EG-23308,Monufia
EG-23403,ALX
EG-24802,
EG-21526,
EG-20983,Gharbia
EG-26493,Dakahlia
EG-24186,Mansoura Gov
EG-23104,
EG-24932,Qalyoubia
EG-20756,Alex
EG-22887,El-Sharqia
EG-20818,Cairo
EG-20187,Gharbia
EG-22185,Dakahlia
EG-23450,Alex
EG-26249,Qalyoubia
EG-23169,Mansoura Gov
EG-22165,Giza
EG-21091,Gharbia
EG-22287,Monufia
EG-22192,Qalyoubia
EG-21886,Sharqia
EG-23481,ALX
EG-26558,Sharqia
EG-20281,Qalyoubia
EG-20126,Monufia
EG-24844,Alexandria
EG-24282,Giza
EG-23257,Monufia
EG-23500,Qalyoubia
EG-20459,GZ
EG-23839,Gharbia
EG-21728,
EG-23156,Cairo
EG-24058,cairo
EG-23278,Sharqia
EG-23861,CAI
EG-21020,Gharbia
EG-22583,GZ
EG-26949,Monufia
EG-21436,Monufia
EG-26939,Qalyubia
EG-25724,El-Sharqia
EG-25773,
EG-21640,GZ
EG-23851,Gharbia
EG-21338,Gharbia
EG-20019,
EG-23901,Qalyubia
EG-26638,Mansoura Gov
EG-25251,ALX
EG-22881,ALX
EG-24293,Alexandria
EG-23268,Monufia
EG-25725,CAI
EG-24243,Cairo
EG-25206,Sharqia
EG-23531,Dakahlia
EG-22476,
EG-20613,CAI
EG-23827,Qalyubia
EG-23262,cairo
EG-21540,cairo
EG-24818,Monufia
EG-24448,El-Sharqia
EG-23329,Gharbia
EG-21085,CAI
EG-22089,Giza
EG-21430,Sharqia
EG-25164,Mansoura Gov
EG-26631,
EG-24849,cairo
EG-24430,El-Sharqia
EG-23788,Sharqia
EG-21357,Qalyubia
EG-21775,Gharbia
EG-26004,El-Sharqia
EG-25921,Qalyoubia
EG-21795,cairo
EG-23153,
EG-21507,ALX
EG-26547,Mansoura Gov
EG-24798,Alexandria
EG-25360,Sharqia
EG-26544,
EG-22017,Giza
EG-21720,Dakahlia
EG-24236,cairo
EG-25853,Monufia
EG-20734,cairo
EG-26552,Monufia
EG-22600,Sharqia
EG-20493,Monufia
EG-20812,Gharbia
EG-24168,CAI
EG-21729,Qalyubia
EG-23241,Sharqia
EG-24032,Cairo
EG-21236,El-Sharqia
EG-25316,CAI
EG-23377,Mansoura Gov
EG-23484,
EG-24075,Gharbia
EG-21314,GZ
EG-20358,Gharbia
EG-24957,CAI
EG-22586,Qalyubia
EG-25517,Qalyubia
EG-20158,El-Sharqia
EG-26626,
EG-20703,Dakahlia
EG-26205,
EG-24315,Mansoura Gov
EG-22886,Mansoura Gov
EG-21707,Monufia
EG-25540,Dakahlia
EG-21561,GZ
EG-24800,
EG-21879,Giza
EG-26822,El-Sharqia
EG-24096,
EG-23040,Mansoura Gov
EG-21554,Monufia
EG-26277,Qalyoubia
EG-25477,Giza
EG-21061,Sharqia
EG-26092,Giza
EG-23367,Dakahlia
EG-26338,Sharqia
EG-25968,Gharbia
EG-21422,Dakahlia
EG-22641,
EG-26838,
EG-26929,Dakahlia
EG-26623,Mansoura Gov
EG-20693,Mansoura Gov
EG-26038,cairo
EG-24548,Dakahlia
EG-22554,Qalyubia
EG-21006,cairo
EG-21242,Qalyoubia
EG-23744,
EG-23401,CAI
EG-20537,Qalyoubia
EG-20215,ALX
EG-22015,Sharqia
EG-24939,Qalyoubia
EG-21787,Qalyoubia
EG-25380,Gharbia
EG-26078,Gharbia
EG-20740,Monufia
EG-25972,cairo
EG-25785,Qalyubia
EG-23893,ALX
EG-21636,cairo
EG-22747,Gharbia
EG-21223,GZ
EG-22458,Dakahlia
EG-22184,Monufia
EG-23479,ALX
EG-25086,Gharbia
EG-22876,Sharqia
EG-23552,
EG-23395,Alexandria
EG-23824,Gharbia
EG-20337,Sharqia
EG-26678,El-Sharqia
EG-26662,Alex
EG-23738,cairo
EG-21921,Gharbia
EG-24093,Sharqia
EG-23287,Qalyoubia
EG-20364,Dakahlia
EG-20526,Qalyubia
EG-22003,cairo
EG-21431,ALX
EG-26970,Gharbia
EG-26210,GZ
EG-23759,Gharbia
EG-22721,Giza
EG-23419,Qalyoubia
EG-23930,Alexandria
EG-23145,Gharbia
EG-23724,Mansoura Gov
EG-23786,Gharbia
EG-25513,cairo
EG-23671,Qalyubia
EG-22882,Sharqia
EG-25055,Gharbia
EG-20873,Dakahlia
EG-26309,Sharqia
EG-20411,CAI
EG-23270,Monufia
EG-21307,Mansoura Gov
EG-25802,Qalyoubia
EG-23725,Dakahlia
EG-23000,Monufia
EG-22480,
EG-21705,GZ
EG-23324,ALX
EG-21920,Monufia
EG-20820,ALX
EG-22787,Qalyubia
EG-25605,
EG-21790,Qalyoubia
EG-23846,El-Sharqia
EG-20278,
EG-21619,Mansoura Gov
EG-26523,Gharbia
EG-25249,
EG-22792,Gharbia
EG-22227,ALX
EG-25890,Gharbia
EG-24435,GZ
EG-21123,cairo
EG-25531,Dakahlia
EG-25527,Dakahlia
EG-24292,Qalyoubia
EG-26204,Giza
EG-21032,El-Sharqia
EG-26815,
EG-26481,Gharbia
EG-26253,Mansoura Gov
EG-26189,Alex
EG-23935,Monufia
EG-23968,Alexandria
EG-21808,El-Sharqia
EG-24102,Sharqia
EG-22095,
EG-25056,
EG-20964,GZ
EG-22051,Alex
EG-22664,El-Sharqia
EG-23221,Giza
EG-21916,Qalyubia
EG-21400,GZ
EG-21949,Dakahlia
EG-26307,Alex
EG-22275,Monufia
EG-26074,Gharbia
EG-22011,Sharqia
EG-23805,
EG-25396,Sharqia
EG-26201,Dakahlia
EG-23972,Monufia
EG-25389,Cairo
EG-25806,Gharbia
EG-23820,Alex
EG-21784,Mansoura Gov
EG-23783,cairo
EG-21577,El-Sharqia
EG-24452,Giza
EG-25526,
EG-22413,Gharbia
EG-25831,Alexandria
EG-24853,Alexandria
EG-24556,Gharbia
EG-25846,Mansoura Gov
EG-24755,
EG-22389,El-Sharqia
EG-24726,Dakahlia
EG-20638,Mansoura Gov
EG-23458,Gharbia
EG-23519,Alex
EG-22322,cairo
EG-26398,Mansoura Gov
EG-21412,Alexandria
EG-24873,Mansoura Gov
EG-21752,Monufia
EG-26980,
EG-25963,Qalyoubia
EG-22101,Alex
EG-20317,Monufia
EG-23129,Gharbia
EG-23914,Alex
EG-23374,Dakahlia
EG-25966,GZ
EG-20647,Qalyubia
EG-24977,Gharbia
EG-25062,Qalyoubia
EG-26101,GZ
EG-26111,Sharqia
EG-22670,
EG-25849,Alex
EG-25367,
EG-22557,Gharbia
EG-23470,
EG-24857,ALX
EG-26653,GZ
EG-23855,GZ
EG-24205,
EG-21689,Mansoura Gov
EG-22386,Qalyoubia
EG-25276,El-Sharqia
EG-22636,Alex
EG-21052,Dakahlia
EG-24409,Qalyubia
EG-20831,Cairo
EG-26993,cairo
EG-26912,Giza
EG-20763,CAI
EG-26771,GZ
EG-24823,Qalyubia
EG-25858,Qalyubia
EG-21348,Giza
EG-22904,Mansoura Gov
EG-22398,
EG-23413,Monufia
EG-25560,
EG-23217,Qalyubia
EG-22042,Alexandria
EG-26051,Sharqia
EG-26239,Monufia
EG-24533,Qalyoubia
EG-23535,Gharbia
EG-25320,Qalyubia
EG-21722,Gharbia
EG-25021,Alexandria
EG-20039,Dakahlia
EG-23414,Mansoura Gov
EG-25347,Alexandria
EG-22609,Gharbia
EG-25754,GZ
EG-25426,Qalyoubia
EG-26298,ALX
EG-25339,CAI
EG-20482,GZ
EG-26216,GZ
EG-25391,Gharbia
EG-24690,
EG-22544,ALX
EG-21158,Mansoura Gov
EG-22186,Cairo
EG-20506,Sharqia
EG-22974,Gharbia
EG-23049,Alex
EG-24427,CAI
EG-21855,Alex
EG-23982,GZ
EG-23227,
EG-24329,Gharbia
EG-21323,El-Sharqia
EG-23864,Dakahlia
EG-20468,Dakahlia
EG-23630,
EG-25945,Dakahlia
EG-25238,Dakahlia
EG-22295,Mansoura Gov
EG-26311,cairo
EG-23967,El-Sharqia
EG-25130,CAI
EG-24067,Giza
EG-21182,
EG-21543,Qalyubia
EG-25998,Gharbia
EG-21372,
EG-20627,GZ
EG-23674,GZ
EG-21846,El-Sharqia
EG-25556,ALX
EG-23595,Sharqia
EG-22805,ALX
EG-20858,Mansoura Gov
EG-26947,Dakahlia
EG-25331,Cairo
EG-24051,
EG-23658,Qalyoubia
EG-22141,Qalyoubia
EG-20607,Gharbia
EG-26497,CAI
EG-26419,El-Sharqia
EG-22674,Dakahlia
EG-24897,Gharbia
EG-21216,Giza
EG-21089,
EG-22891,Qalyubia
EG-25782,Qalyubia
EG-24220,Monufia
EG-20697,Mansoura Gov
EG-26842,Mansoura Gov
EG-21544,Monufia
EG-26183,
EG-20508,El-Sharqia
EG-23502,Cairo
EG-24899,Monufia
EG-22055,Giza
EG-24489,cairo
EG-23792,cairo
EG-21204,Sharqia
EG-25503,Qalyoubia
EG-26392,CAI
EG-21887,
EG-25410,
EG-23522,ALX
EG-26293,ALX
EG-20813,GZ
EG-20017,El-Sharqia
EG-24251,Monufia
EG-25032,Qalyoubia
EG-22027,
EG-25081,Giza
EG-22249,
EG-21329,GZ
EG-25430,
EG-20998,Gharbia
EG-24519,GZ
EG-25932,Monufia
EG-22919,Monufia
EG-24838,Alexandria
EG-26765,GZ
EG-21757,Qalyoubia
EG-21657,Mansoura Gov
EG-23126,Mansoura Gov
EG-24950,Mansoura Gov
EG-24765,
EG-23760,Cairo
EG-20341,Alex
EG-21260,Qalyoubia
EG-20644,Gharbia
EG-22150,El-Sharqia
EG-20040,
EG-20422,Dakahlia
EG-26190,Qalyoubia
EG-23444,Qalyoubia
EG-22807,Alexandria
EG-26031,Qalyoubia
EG-22808,Gharbia
EG-22153,Giza
EG-24611,
EG-23345,Qalyoubia
EG-25098,Mansoura Gov
EG-25315,Gharbia
EG-20059,Gharbia
EG-22668,El-Sharqia
EG-24549,El-Sharqia
EG-25438,cairo
EG-26847,Qalyubia
EG-24422,Qalyoubia
EG-25674,Monufia
EG-21390,Alex
EG-20567,
EG-22538,Qalyoubia
EG-23085,Gharbia
EG-23291,Cairo
EG-25399,Dakahlia
EG-21698,Qalyubia
EG-20413,
EG-21239,CAI
EG-20985,ALX
EG-25231,Monufia
EG-25730,Giza
EG-25708,Qalyubia
EG-22552,Sharqia
EG-22123,Qalyoubia
EG-21476,Qalyoubia
EG-21653,Giza
EG-25538,
EG-21111,Cairo
EG-23528,Gharbia
EG-20228,Alex
EG-20572,cairo
EG-21885,
EG-21133,Mansoura Gov
EG-23136,
EG-23383,Gharbia
EG-25395,Gharbia
EG-26491,
EG-25689,Dakahlia
EG-23150,Qalyoubia
EG-20819,Dakahlia
EG-24163,Monufia
EG-21951,Alexandria
EG-21706,
EG-26684,Gharbia
EG-23588,ALX
EG-20108,Gharbia
EG-21856,Alexandria
EG-25455,El-Sharqia
EG-22307,
EG-26655,Giza
EG-25637,Gharbia
EG-24250,cairo
EG-21528,Alex
EG-23192,Monufia
EG-26787,Gharbia
EG-22665,
EG-25958,El-Sharqia
EG-24884,Gharbia
EG-23926,Gharbia
EG-22395,Qalyubia
EG-26843,Mansoura Gov
EG-20410,Qalyoubia
EG-25440,Qalyoubia
EG-25165,Dakahlia
EG-22424,Qalyubia
EG-25386,Gharbia
EG-21399,GZ
EG-24916,El-Sharqia
EG-26472,Cairo
EG-24316,Qalyoubia
EG-25700,Monufia
EG-23752,
EG-21439,Alex
EG-25903,Gharbia
EG-24449,Gharbia
EG-23529,Gharbia
EG-26299,Alexandria
EG-21460,Mansoura Gov
EG-24346,GZ
EG-25528,cairo
EG-20755,Qalyoubia
EG-26029,Dakahlia
EG-23285,Qalyubia
EG-25299,Qalyubia
EG-22463,Giza
EG-20801,Cairo
EG-24038,Gharbia
EG-26899,Qalyubia
EG-25456,
EG-21769,ALX
EG-20930,Dakahlia
EG-26156,Alexandria
EG-21298,
EG-26060,
EG-22436,Sharqia
EG-25981,Cairo
EG-23459,Dakahlia
EG-23755,CAI
EG-20463,Sharqia
EG-26560,El-Sharqia
EG-24716,Sharqia
EG-25633,Gharbia
EG-20856,Alex
EG-22078,Gharbia
EG-25656,
EG-20628,Qalyubia
EG-26794,Dakahlia
EG-23141,Dakahlia
EG-22783,Gharbia
EG-20291,Gharbia
EG-20284,Dakahlia
EG-20069,Cairo
EG-21281,El-Sharqia
EG-23265,Alexandria
EG-23747,Alexandria
EG-21038,
EG-23888,Gharbia
EG-26896,CAI
EG-22693,Alexandria
EG-22893,Qalyubia
EG-21404,Mansoura Gov
EG-25201,GZ
EG-20007,cairo
EG-21658,GZ
EG-22706,Qalyubia
EG-22567,Gharbia
EG-25873,Qalyoubia
EG-23624,cairo
EG-20811,Dakahlia
EG-22151,Monufia
EG-25353,cairo
EG-24230,Sharqia
EG-20271,Mansoura Gov
EG-21012,Alexandria
EG-22990,
EG-24087,Gharbia
EG-26991,
EG-24417,Cairo
EG-21107,Giza
EG-23190,Alex
EG-20824,
EG-21226,Dakahlia
EG-25533,Qalyoubia
EG-20544,
EG-26715,Mansoura Gov
EG-24006,Gharbia
EG-21989,Sharqia
EG-26265,Monufia
EG-22687,
EG-25404,Monufia
EG-20354,Dakahlia
EG-22137,
EG-20121,Qalyubia
EG-24300,cairo
EG-20999,GZ
EG-21382,Qalyoubia
EG-20022,Qalyoubia
EG-20800,Cairo
EG-22786,Qalyubia
EG-20844,Mansoura Gov
EG-22478,El-Sharqia
EG-22259,Dakahlia
EG-21139,Gharbia
EG-24684,ALX
EG-24081,cairo
EG-26456,Dakahlia
EG-21553,CAI
EG-20528,CAI
EG-23316,Dakahlia
EG-26650,El-Sharqia
EG-24883,cairo
EG-22571,ALX
EG-25541,Qalyubia
EG-25537,Mansoura Gov
EG-25969,Mansoura Gov
EG-25414,Dakahlia
EG-21675,Alexandria
EG-23188,ALX
EG-24389,Gharbia
EG-20446,Cairo
EG-26470,Mansoura Gov
EG-25663,Alexandria
EG-21024,Cairo
EG-20152,GZ
EG-20172,CAI
EG-21286,Cairo
EG-22225,Mansoura Gov
EG-20280,GZ
EG-21839,Sharqia
EG-24290,Qalyubia
EG-25764,Sharqia
EG-23511,Qalyubia
EG-22515,Alexandria
EG-21669,Sharqia
EG-24913,
EG-25227,Giza
EG-22157,El-Sharqia
EG-26350,Sharqia
EG-23498,Dakahlia
EG-20560,Gharbia
EG-20988,Giza
EG-22728,El-Sharqia
EG-21063,Mansoura Gov
EG-20991,Sharqia
EG-24600,Qalyubia
EG-24488,El-Sharqia
EG-23471,El-Sharqia
EG-21500,Sharqia
EG-20472,Giza
EG-25601,Mansoura Gov
EG-23084,Mansoura Gov
EG-25329,Alexandria
EG-25190,Monufia
EG-21550,Gharbia
EG-23764,Qalyubia
EG-23714,Sharqia
EG-21218,Mansoura Gov
EG-22769,Giza
EG-25712,GZ
EG-25920,Monufia
EG-21961,GZ
EG-25788,Gharbia
EG-26845,Alex
EG-26332,Mansoura Gov
EG-24691,Qalyoubia
EG-25286,ALX
EG-22785,
EG-20303,
EG-21190,Qalyoubia
EG-25639,Dakahlia
EG-21844,Sharqia
EG-22908,Gharbia
EG-26953,Gharbia
EG-26136,Gharbia
EG-25028,GZ
EG-22971,Sharqia
EG-24476,Gharbia
EG-20113,Gharbia
EG-26043,Alexandria
EG-24875,El-Sharqia
EG-20331,ALX
EG-23608,Monufia
EG-25321,Dakahlia
EG-25672,Sharqia
EG-20309,cairo
EG-21733,GZ
EG-26132,
EG-25072,Cairo
EG-20671,Qalyubia
EG-23555,Gharbia
EG-23030,
EG-25984,Giza
EG-20142,Gharbia
EG-21417,Mansoura Gov
EG-24947,Sharqia
EG-20367,Gharbia
EG-20975,Qalyubia
EG-22053,ALX
EG-21347,CAI
EG-24213,ALX
EG-26792,GZ
EG-25620,cairo
EG-22932,Cairo
EG-22637,
EG-22360,Qalyubia
EG-22575,Gharbia
EG-26615,ALX
EG-24298,Giza
EG-20994,Alex
EG-23092,Sharqia
EG-20972,Monufia
EG-26966,CAI
EG-23768,Gharbia
EG-20636,
EG-26694,
EG-24590,Qalyoubia
EG-20322,Qalyoubia
EG-25229,
EG-24275,CAI
EG-20229,Sharqia
EG-25635,GZ
EG-22678,Cairo
EG-24521,Dakahlia
EG-24714,Sharqia
EG-22435,Qalyoubia
EG-25207,
EG-20326,El-Sharqia
EG-22883,Gharbia
EG-24265,Monufia
EG-21258,
EG-26187,Dakahlia
EG-20014,Mansoura Gov
EG-20815,Mansoura Gov
EG-25120,Qalyubia
EG-20212,
EG-22043,GZ
EG-20745,
EG-24801,Alexandria
EG-23549,Alexandria
EG-22264,Gharbia
EG-26813,Dakahlia
EG-22749,Gharbia
EG-24382,Gharbia
EG-21010,Cairo
EG-21595,Qalyubia
EG-26578,Gharbia
EG-26492,Gharbia
EG-20020,Qalyubia
EG-25096,Sharqia
EG-20555,Giza
EG-23516,Alexandria
EG-26272,Gharbia
EG-22526,ALX
EG-26612,
EG-22274,Mansoura Gov
EG-20382,cairo
EG-20375,Gharbia
EG-20661,Qalyubia
EG-26873,cairo
EG-24683,GZ
EG-23253,Alexandria
EG-22194,Mansoura Gov
EG-21716,Gharbia
EG-25866,Gharbia
EG-21861,Alexandria
EG-24106,Mansoura Gov
EG-25624,Qalyubia
EG-20415,Alexandria
EG-26427,Gharbia
EG-25642,Sharqia
EG-23019,Sharqia
EG-23319,Qalyoubia
EG-20111,Gharbia
EG-20131,Dakahlia
EG-22943,Sharqia
EG-21828,Sharqia
EG-20645,Gharbia
EG-22873,Gharbia
EG-24856,Qalyubia
EG-21519,Qalyubia
EG-25073,
EG-22082,Qalyoubia
EG-23173,cairo
EG-20329,Qalyoubia
EG-25294,Cairo
EG-26785,Qalyubia
EG-25847,Qalyubia
EG-21973,CAI
EG-22421,cairo
EG-24602,Mansoura Gov
EG-21126,Alex
EG-24756,El-Sharqia
EG-22310,El-Sharqia
EG-20559,Dakahlia
EG-25297,
EG-26011,CAI
EG-20270,Dakahlia
EG-20256,Dakahlia
EG-22911,El-Sharqia
EG-26237,El-Sharqia
EG-20101,Cairo
EG-20474,Monufia
EG-23103,
EG-21756,Dakahlia
EG-23806,Gharbia
EG-22031,cairo
EG-26654,Sharqia
EG-21715,Giza
EG-21270,El-Sharqia
EG-26550,cairo
EG-22765,
EG-24218,CAI
EG-26365,Alexandria
EG-26263,Mansoura Gov
EG-22388,Alex
EG-24118,
EG-25143,Qalyubia
EG-23390,Cairo
EG-26317,Qalyoubia
EG-21850,Dakahlia
EG-24362,El-Sharqia
EG-23230,Dakahlia
EG-26938,
EG-23556,Qalyubia
EG-21029,Gharbia
EG-22427,Qalyoubia
EG-25597,Giza
EG-20617,
EG-24886,
