sls_ord_num,sls_prd_key,sls_cust_id,sls_store_id,sls_order_dt,sls_ship_dt,sls_due_dt,sls_sales,sls_quantity,sls_price
SO77461,COM_DSK-1001,21520,2,20251015,20251017,20251102,30996,2,15498
SO77461,ACC_CHG-1012,21520,2,20251015,20251017,20251102,2358,3,786
SO77462,MOB_SMP-1002,20405,5,20251019,20251025,20251103,37642,2,18821
SO77463,COM_GPU-1007,23286,2,20251019,20251024,20251029,1261,1,1261
SO77464,GAM_ACC-1004,25800,2,20251014,20251016,20251027,1374,2,687
SO77464,ACC_CHG-1003,25800,2,20251014,20251016,20251027,939,3,313
SO77464,ACC_CAS-1007,25800,2,20251014,20251016,20251027,293,1,293
SO77465,COM_STR-1015,26692,6,20251026,20251101,20251114,3022,2,1511
SO77465,COM_LAP-1004,26692,6,20251026,20251101,20251114,60815,1,60815
SO77466,ACC_CHG-1002,24597,5,20251026,20251102,20251112,508,1,508
SO77467,GAM_CTR-1003,20634,1,20251022,20251027,20251111,3269,1,3269
SO77467,DIS_TVS-1002,20634,1,20251022,20251027,20251111,19796,1,19796
SO77468,ACC_CAS-1006,21191,5,20251028,20251107,20251111,416,2,208
SO77469,MOB_SMP-1006,21179,5,20251026,20251103,20251108,1286,1,1286
SO77470,GAM_CTR-1009,22440,4,20251013,20251020,20251027,4804,2,2402
SO77471,MOB_SWA-1001,22266,6,20251018,20251024,20251107,41841,3,13947
SO77471,COM_GPU-1004,22266,6,20251018,20251024,20251107,33319,1,33319
SO77472,MOB_TAB-1003,22834,1,20251009,20251017,20251024,56583,3,18861
SO77473,ACC_CAS-1005,23602,7,20251020,20251026,20251104,449,1,449
SO77474,ACC_CAS-1010,21421,6,20251002,20251005,20251021,798,2,399
SO77475,DIS_MON-1001,21978,3,20251006,20251008,20251018,26498,2,13249
SO77476,ACC_CAS-1014,25814,7,20251031,20251108,20251120,1923,3,641
SO77476,ACC_PWB-1008,25814,7,20251031,20251108,20251120,2795,1,2795
SO77476,ACC_CAS-1013,25814,7,20251031,20251108,20251120,407,1,407
SO77477,COM_LAP-1006,22285,6,20251007,20251010,20251018,145424,2,72712
SO77477,COM_RAM-1003,22285,6,20251007,20251010,20251018,1484,1,1484
SO77478,MOB_SWA-1013,22976,5,20251003,20251012,20251022,27056,2,13528
SO77478,ACC_PWB-1001,22976,5,20251003,20251012,20251022,3038,2,1519
SO77478,ACC_CAS-1009,22976,5,20251003,20251012,20251022,2028,3,676
SO77478,ACC_PWB-1004,22976,5,20251003,20251012,20251022,7974,3,2658
SO77479,MOB_SMP-1002,26702,7,20251020,20251022,20251102,17290,1,17290
SO77479,COM_DSK-1012,26702,7,20251020,20251022,20251102,116784,2,58392
SO77480,COM_RAM-1007,24708,4,20251024,20251026,20251110,6608,2,3304
SO77480,GAM_CTR-1017,24708,4,20251024,0,20251110,4569,3,1523
SO77480,GAM_CON-1001,24708,4,20251024,20251026,20251110,54804,2,27402
SO77480,COM_GPU-1006,24708,4,20251024,20251026,20251110,74737,1,74737
SO77480,MOB_TAB-1003,24708,4,20251024,20251026,20251110,18001,1,18001
SO77480,ACC_CAS-1008,24708,4,20251024,20251026,20251110,349,1,349
SO77480,COM_GPU-1004,24708,4,20251024,20251026,20251110,31996,1,31996
SO77481,MOB_SWA-1009,25232,2,0,20251012,20251024,15806,2,7903
SO77481,ACC_PWB-1005,25232,2,20251008,20251012,20251024,848,1,848
SO77481,GAM_CON-1006,25232,2,20251008,20251012,20251024,24991,1,25333
SO77482,COM_STR-1010,26667,6,20251009,20251016,20251027,9949,1,9949
SO77483,DIS_TVS-1006,21864,4,20251021,20251024,20251109,124630,2,62315
SO77484,MOB_SWA-1007,,1,20251024,20251103,20251110,13550,2,6775
SO77485,COM_MTB-1004,21300,5,20251012,20251021,20251027,13230,1,13230
SO77486,ACC_PWB-1013,24508,1,20251004,20251010,20251024,545,1,545
SO77486,MOB_SMP-1010,24508,1,20251004,20251010,20251024,9124,2,4562
SO77487,MOB_SMP-1012,22233,7,20251001,20251010,20251013,1345,1,1345
SO77487,DIS_TVS-1003,22233,7,20251001,20251010,20251013,14770,1,14770
SO77488,GAM_ACC-1001,22213,6,20251018,20251022,20251028,1693,1,1693
SO77488,ACC_CAS-1005,22213,6,20251018,20251022,20251028,1272,3,424
SO77489,MOB_SMP-1004,21663,6,20251010,20251018,20251030,35914,2,17957
SO77489,MOB_SWA-1006,21663,6,20251010,20251018,20251030,13626,1,13626
SO77489,COM_DSK-1007,21663,6,20251010,20251018,20251030,141423,3,47141
SO77489,ACC_CHG-1001,21663,6,20251010,0,20251030,1680,3,560
SO77490,GAM_CON-1015,22071,6,20251029,20251103,20251115,27489,1,27489
SO77491,GAM_ACC-1020,24932,4,20251030,20251103,20251117,4786,2,2393
SO77492,MOB_SMP-1012,21568,6,20251007,20251011,20251026,2590,2,1295
SO77493,MOB_TAB-1003,25741,3,20251031,0,20251114,19510,1,19510
SO77493,ACC_CAS-1004,25741,3,20251031,20251108,20251114,1323,1,1323
SO77493,ACC_PWB-1006,25741,3,20251031,20251108,20251114,3406,2,1703
SO77494,MOB_SWA-1003,25793,7,20251026,20251105,20251107,4470,2,2323
SO77495,GAM_CTR-1008,20264,7,20251011,20251015,20251022,5188,2,2594
SO77496,COM_STR-1011,21762,2,20251004,20251007,20251018,17113,2,8779
SO77496,ACC_CAB-1004,21762,2,20251004,20251007,20251018,330,2,165
SO77496,MOB_SWA-1019,21762,2,20251004,20251007,20251018,20696,2,10348
SO77497,GAM_CON-1006,20778,6,20251006,20251011,20251018,27311,1,27311
SO77497,MOB_SWA-1016,20778,6,20251006,20251011,20251018,11808,3,3993
SO77497,GAM_CON-1012,20778,6,20251006,20251011,20251018,83010,3,27670
SO77497,COM_DSK-1010,20778,6,20251006,20251011,20251018,3873,3,1291
SO77498,ACC_CHG-1011,25697,3,20251025,20251028,20251104,1307,1,1307
SO77499,GAM_CON-1010,23489,3,20251029,20251103,20251108,27092,1,27092
SO77499,COM_RAM-1009,23489,3,20251029,20251103,20251108,3645,1,3645
SO77499,ACC_PWB-1001,23489,3,20251029,20251103,20251108,5280,3,1760
SO77500,MOB_TAB-1001,25051,6,20251016,20251026,20251028,12405,1,12405
SO77500,MOB_SWA-1014,25051,6,20251016,20251026,20251028,19881,3,6627
SO77501,COM_GPU-1007,24285,4,20251021,20251031,20251106,1202,1,1202
SO77501,ACC_PWB-1009,24285,4,20251021,20251031,20251106,686,1,686
SO77502,COM_RAM-1002,20022,4,20251008,20251017,20251018,4062,1,4062
SO77503,GAM_CON-1003,22030,1,20251013,20251017,20251027,1190,1,1190
SO77504,GAM_CON-1017,26048,4,20251029,20251103,20251114,31324,2,15662
SO77505,GAM_ACC-1009,22920,4,20251030,20251105,20251115,7671,3,-2557
SO77506,COM_STR-1006,22836,3,20251017,20251021,20251102,5350,1,5350
SO77506,MOB_TAB-1001,22836,3,20251017,20251021,20251102,22722,2,11361
SO77506,COM_RAM-1005,22836,3,0,20251021,20251102,8258,2,4129
SO77506,ACC_CAB-1014,22836,3,20251017,20251021,20251102,654,2,327
SO77507,DIS_MON-1007,22257,3,20251018,20251026,20251106,24076,2,12038
SO77508,ACC_CAS-1003,23201,2,20251001,20251004,20251014,606,1,606
SO77509,ACC_CAB-1015,21289,3,20251018,20251022,20251105,471,1,471
SO77509,DIS_MON-1004,21289,3,20251018,20251022,20251105,6025,1,6025
SO77509,MOB_SMP-1009,21289,3,20251018,20251022,20251105,47771,1,47771
SO77509,COM_STR-1006,21289,3,20251018,20251022,20251105,10926,2,5463
SO77509,ACC_CHG-1004,21289,3,20251018,20251022,20251105,1620,2,810
SO77509,COM_STR-1011,21289,3,20251018,20251022,20251105,17906,2,8953
SO77509,COM_DSK-1013,21289,3,20251018,20251022,20251105,1325,1,1325
SO77509,GAM_CON-1008,21289,3,20251018,20251022,20251105,19100,1,19100
SO77510,COM_GPU-1006,22901,2,20251015,20251018,20251026,206688,3,68896
SO77511,DIS_MON-1006,26970,5,20251017,20251024,20251101,63957,3,21319
SO77512,GAM_ACC-1016,20440,6,20251018,20251028,20251030,3568,2,1784
SO77513,GAM_CON-1008,20408,2,20251013,20251020,20251031,59931,3,19977
SO77513,COM_RAM-1013,20408,2,20251013,20251020,20251031,1684,1,1684
SO77514,MOB_TAB-1002,22765,3,20251030,20251106,20251117,20920,1,20920
SO77514,DIS_MON-1004,22765,3,20251030,20251106,20251117,5729,1,5729
SO77514,DIS_MON-1003,22765,3,20251030,20251106,20251117,25922,2,12961
SO77514,COM_DSK-1010,22765,3,20251030,20251106,20251117,1165,1,1165
SO77515,DIS_MON-1001,22186,6,20251012,20251017,20251023,12462,1,12462
SO77515,MOB_SMP-1008,22186,6,20251012,20251017,20251023,17295,1,17295
SO77515,ACC_PWB-1006,22186,6,20251012,20251017,20251023,1798,1,1798
SO77516,ACC_PWB-1011,20147,4,20251006,20251016,20251025,9099,3,3033
SO77517,COM_MTB-1006,22367,1,20251026,20251104,20251111,,2,2998
SO77518,COM_RAM-1004,25659,1,20251010,20251012,20251028,3929,1,3929
SO77518,ACC_CHG-1005,25659,1,20251010,20251012,20251028,1848,2,924
SO77518,MOB_TAB-1012,25659,1,20251010,20251012,20251028,38620,1,0
SO77518,ACC_CAS-1007,25659,1,20251010,20251012,20251028,542,2,271
SO77519,GAM_CTR-1009,20675,2,20251002,20251004,20251017,2556,1,2556
SO77519,MOB_SWA-1004,20675,2,20251002,20251004,20251017,15177,1,15177
SO77520,ACC_CAS-1010,21384,4,20251008,0,20251026,744,2,372
SO77521,ACC_CAB-1012,20534,1,20251008,20251017,20251019,350,1,350
SO77522,MOB_TAB-1011,20165,1,20251021,20251024,20251103,43188,2,21594
SO77522,COM_LAP-1012,20165,1,20251021,20251024,20251103,70976,1,70976
SO77523, COM_RAM-1010,23660,3,20251022,20251025,20251102,1325,1,1325
SO77524,ACC_PWB-1009,20536,5,20251030,20251102,20251118,1944,3,648
SO77524,COM_RAM-1003,20536,5,20251030,20251102,20251118,2924,2,1462
SO77524,ACC_CHG-1004,20536,5,20251030,20251102,20251118,376,1,772
SO77525,COM_RAM-1011,24604,2,20251003,20251005,20251013,2014,1,2014
SO77525,GAM_CTR-1004,24604,2,20251003,20251005,20251013,4873,1,4873
SO77525,GAM_CON-1008,24604,2,20251003,20251005,20251013,37528,2,18764
SO77526,COM_DSK-1003,27045,2,20251004,20251014,20251020,145312,2,72656
SO77526,ACC_CHG-1012,27045,2,20251004,20251014,20251020,,1,774
SO77526,ACC_CAS-1014,27045,2,20251004,20251014,20251020,1286,2,643
SO77526,ACC_CAS-1008,27045,2,20251004,20251014,20251020,1101,3,367
SO77526,MOB_SWA-1013,27045,2,20251004,20251014,20251020,12374,1,12374
SO77526,GAM_CON-1016,27045,2,20251004,20251014,20251020,23714,2,11857
SO77527,ACC_CAB-1001,23095,7,20251018,20251023,20251106,263,1,263
SO77527,MOB_SMP-1009,23095,7,20251018,20251023,20251106,46132,1,46104
SO77528,ACC_CAS-1012,25369,2,20251016,20251026,20251103,2620,2,1310
SO77529,ACC_CAS-1005,23492,5,20251025,20251028,20251107,417,1,417
SO77529,ACC_PWB-1003,23492,5,20251025,20251028,20251107,2331,1,2331
SO77530,COM_STR-1018,21716,1,20251031,20251102,20251120,7094,1,7094
SO77530,MOB_SWA-1016,21716,1,20251031,20251102,20251120,8132,2,4066
SO77531,COM_GPU-1006,26596,3,20251009,20251015,20251029,137624,2,68812
SO77532,COM_STR-1006,21603,3,20251012,20251015,20251025,4999,1,5099
SO77532,ACC_CHG-1003,21603,3,20251012,20251015,20251025,597,1,340
SO77533,ACC_CAB-1001,26519,5,20251001,20251007,20251016,530,2,265
SO77534,MOB_SWA-1013,25398,2,20251014,20251016,20251031,23900,2,11950
SO77535,COM_GPU-1003,21152,5,20251013,20251023,20251024,1164,1,1164
SO77536,COM_STR-1012,24084,7,20251027,20251030,20251116,8767,1,8767
SO77536,GAM_ACC-1013,24084,7,20251027,20251030,20251116,3344,2,1672
SO77536,DIS_TVS-1013,24084,7,20251027,20251030,20251116,35642,1,35642
SO77536,ACC_CHG-1005,24084,7,20251027,20251030,20251116,1047,1,1047
SO77536,GAM_CON-1020,24084,7,20251027,20251030,20251116,57566,2,28783
SO77537,MOB_SMP-1005,25569,3,20251020,20251030,20251108,92966,2,46413
SO77538,ACC_CAS-1006,26020,4,20251008,20251017,20251022,202,1,202
SO77538,COM_RAM-1002,26020,4,20251008,20251017,20251022,8106,2,4053
SO77538,ACC_CAS-1010,26020,4,20251008,20251017,20251022,772,2,386
SO77539,COM_RAM-1013,27350,2,20251003,20251013,20251017,3112,2,1556
SO77540,GAM_CON-1003,20993,1,20251006,20251012,20251017,1260,1,1260
SO77540,DIS_TVS-1011,20993,1,20251006,20251012,20251017,164691,3,54897
SO77541,COM_DSK-1004,20971,5,20251024,20251027,20251103,86586,3,28862
SO77542,MOB_SMP-1007,25589,3,20251013,20251018,20251026,10310,1,10310
SO77542,MOB_SWA-1012,25589,3,20251013,20251018,20251026,13330,1,13330
SO77543,ACC_CAB-1002,24454,3,20251009,20251018,20251021,2508,2,1254
SO77544,GAM_ACC-1010,26486,3,20251030,20251109,20251110,5445,3,1815
SO77545,COM_STR-1001,26904,2,20251007,20251009,20251023,8026,1,8026
SO77546,DIS_MON-1001,26281,1,20251023,20251025,20251102,27342,2,13671
SO77546,ACC_CHG-1009,26281,1,20251023,20251025,20251102,1658,2,829
SO77547,ACC_PWB-1007,21730,1,20251024,20251101,20251108,7599,3,2533
SO77548,COM_DSK-1004,23966,2,20251023,20251029,20251112,57854,2,28927
SO77549,ACC_PWB-1005,21115,5,20251027,20251031,20251112,2631,3,877
SO77550,COM_MTB-1006,26022,7,20251023,20251026,20251108,5332,2,2666
SO77550,MOB_TAB-1004,26022,7,20251023,20251026,20251108,34098,3,11366
SO77550,COM_STR-1011,26022,7,20251023,20251026,20251108,25710,3,8570
SO77551,DIS_TVS-1001,23836,5,20251005,20251007,20251015,11165,1,11165
SO77552,GAM_ACC-1011,22957,7,20251009,20251012,20251025,5037,3,1679
SO77553,MOB_SMP-1001,26625,3,20251020,20251023,20251031,51049,1,51049
SO77553,GAM_CON-1009,26625,3,20251020,20251023,20251031,19684,1,19684
SO77554,GAM_ACC-1015,22150,4,20251025,20251104,20251104,4330,1,4330
SO77555, GAM_ACC-1006,23310,6,20251008,20251010,20251024,6400,2,3200
SO77555,MOB_SWA-1010,23310,6,20251008,20251010,20251024,10001,1,10001
SO77556,DIS_TVS-1010,22531,7,20251021,0,20251102,115509,3,38503
SO77557,MOB_SMP-1005,21043,6,20251030,20251102,20251114,139881,3,46627
SO77558,DIS_MON-1011,21662,7,20251003,20251012,20251014,15606,1,15606
SO77559,DIS_TVS-1012,20177,3,0,20251007,20251024,55741,1,55741
SO77559,MOB_SMP-1007,20177,3,20251005,20251007,20251024,11597,1,11597
SO77560,GAM_CON-1015,21244,5,20251001,20251004,20251017,28034,1,28034
SO77561,ACC_CAB-1011,26601,4,20251022,20251026,20251103,373,1,373
SO77562, ACC_CAB-1007,27384,2,20251021,20251030,20251104,1065,3,355
SO77563,DIS_TVS-1012,20140,2,20251026,20251105,20251108,109364,2,54682
SO77563,COM_MTB-1003,20140,2,20251026,20251105,20251108,16278,2,8139
SO77563,COM_MTB-1002,20140,2,20251026,20251105,20251108,18718,2,9359
SO77564,MOB_SWA-1018,20853,1,20251008,0,20251025,11916,1,11916
SO77564,MOB_SWA-1010,20853,1,20251008,20251011,20251025,10497,1,10497
SO77565,COM_STR-1004,27175,7,20251010,20251013,20251029,3670,1,3670
SO77565,ACC_CAB-1012,27175,7,20251010,20251013,20251029,742,2,371
SO77566,MOB_TAB-1012,23121,2,20251010,20251013,20251026,38072,1,38072
SO77567,COM_STR-1004,22385,2,20251028,20251102,20251110,3704,1,3704
SO77568,GAM_CTR-1004,20213,5,20251001,20251009,20251013,4375,1,4375
SO77569,GAM_ACC-1001,26595,5,20251027,20251104,20251109,1694,1,1694
SO77570,MOB_SWA-1012,23575,2,20251011,20251014,20251026,12322,1,12322
SO77570,COM_LAP-1002,23575,2,20251011,20251014,20251026,98584,1,98584
SO77570,ACC_PWB-1009,23575,2,20251011,20251014,20251026,727,1,727
SO77571,ACC_CAB-1002,27374,6,20251019,20251023,20251101,2558,2,1279
SO77572,GAM_CON-1010,27261,5,20251024,0,20251105,89784,3,29928
SO77573,COM_GPU-1011,23551,6,20251019,20251023,20251107,71994,2,35997
SO77573,DIS_TVS-1013,23551,6,20251019,20251023,20251107,78658,2,39329
SO77573,COM_STR-1012,23551,6,20251019,20251023,20251107,8946,1,8946
SO77573,COM_LAP-1012,23551,6,20251019,20251023,20251107,149252,2,74626
SO77573,GAM_CON-1007,23551,6,20251019,20251023,20251107,41214,2,20607
SO77573,COM_LAP-1008,23551,6,20251019,20251023,20251107,72212,2,36106
SO77574,GAM_ACC-1004,27281,1,20251001,20251003,20251016,1366,2,683
SO77574,COM_DSK-1002,27281,1,20251001,20251003,20251016,46066,1,46066
SO77574,COM_LAP-1006,27281,1,20251001,20251003,20251016,75357,1,75357
SO77574,COM_LAP-1009,27281,1,20251001,20251003,20251016,54124,2,27062
SO77575,MOB_TAB-1006,24630,7,20251031,20251103,20251112,26400,3,8800
SO77576,COM_GPU-1002,23961,2,20251014,20251019,20251027,54118,1,54118
SO77576,COM_RAM-1005,23961,2,20251014,20251019,20251027,12624,3,4208
SO77577,COM_STR-1018,20563,3,20251004,20251008,20251024,22221,3,7407
SO77578,GAM_CON-1008,24176,5,20251001,20251011,20251020,18922,1,18922
SO77578,ACC_PWB-1003,24176,5,20251001,20251011,20251020,4618,2,2309
SO77579,ACC_CAB-1018,27166,4,20251012,20251020,20251029,1299,1,1299
SO77580,ACC_CHG-1011,25979,5,20251018,20251027,20251103,1309,1,0
SO77580,COM_DSK-1003,25979,5,20251018,20251027,20251103,67241,1,67241
SO77581,GAM_CTR-1011,24437,5,20251017,20251020,20251028,1580,1,1580
SO77581,GAM_CON-1019,,5,20251017,20251020,20251028,2472,2,1236
SO77582,GAM_CON-1012,25143,5,20251003,20251006,20251022,84951,3,28317
SO77583,GAM_ACC-1013,22236,2,20251015,20251020,20251029,1904,1,1904
SO77584,GAM_CON-1006,27039,3,20251024,20251027,20251110,26259,1,26259
SO77585,ACC_CAS-1014,22991,3,20251017,20251021,20251101,1947,3,649
SO77586,DIS_MON-1001,21145,7,20251004,20251006,20251020,26022,2,13011
SO77587,MOB_SMP-1002,24014,2,20251009,20251015,20251021,18981,1,18981
SO77588,GAM_CON-1003,23684,3,20251010,20251019,20251025,1337,1,1337
SO77589,ACC_PWB-1011,20422,2,20251029,20251103,20251118,2694,1,2694
SO77589,ACC_CAS-1015,20422,2,20251029,20251103,20251118,582,1,266
SO77590,GAM_CON-1020,23378,7,20251006,20251016,20251022,53614,2,26807
SO77591,ACC_PWB-1002,20291,1,20251012,20251017,20251025,659,1,659
SO77592,MOB_SMP-1011,26164,2,20251023,20251028,20251107,47868,2,23934
SO77593,GAM_CTR-1010,25850,6,20251003,20251009,20251020,1757,1,1757
SO77594,GAM_CON-1006,23825,1,20251026,20251103,20251112,84777,3,28259
SO77594,MOB_SWA-1005,23825,1,20251026,20251103,20251112,26178,2,13089
SO77595, GAM_CTR-1007,21398,2,20251009,20251011,20251022,3615,1,3615
SO77596,COM_DSK-1009,24065,7,20251019,20251022,20251031,2338,2,1169
SO77597,COM_STR-1017,25489,7,20251027,20251031,20251109,9256,1,9256
SO77598,GAM_CTR-1004,21049,6,20251019,20251025,20251103,8662,2,4331
SO77599,COM_DSK-1011,21890,4,20251002,20251008,20251021,37588,2,18794
SO77600,ACC_CAS-1010,23213,7,20251031,20251102,20251114,1212,3,404
SO77601,MOB_TAB-1010,23917,5,20251029,20251102,20251112,15230,1,15230
SO77601,MOB_SWA-1009,23917,5,20251029,20251102,20251112,21744,3,7248
SO77602,ACC_CHG-1001,21220,4,20251020,20251030,20251107,649,1,649
SO77602,DIS_TVS-1002,21220,4,20251020,20251030,20251107,37644,2,18822
SO77603, MOB_SWA-1013,20643,6,20251012,20251017,20251022,26612,2,13306
SO77603,MOB_TAB-1009,20643,6,20251012,20251017,20251022,30925,1,30925
SO77604,ACC_CAB-1002,21176,5,20251015,20251019,20251026,1195,1,1195
SO77605,MOB_SWA-1014,25556,5,20251017,20251026,20251104,13556,2,6778
SO77606,MOB_SMP-1003,21376,2,20251003,20251011,20251014,47704,2,23852
SO77606,MOB_SWA-1019,21376,2,20251003,20251011,20251014,11385,1,-11826
SO77607,ACC_CAS-1013,22805,1,20251009,20251013,20251027,363,1,0
SO77608,COM_DSK-1010,26808,4,20251022,20251031,20251103,3714,3,1238
SO77608,GAM_ACC-1008,26808,4,20251022,20251031,20251103,6056,2,3028
SO77608,COM_RAM-1007,26808,4,20251022,20251031,20251103,3042,1,3042
SO77609,COM_STR-1004,25098,3,20251029,20251107,20251117,3796,1,3796
SO77609,GAM_CTR-1003,25098,3,20251029,20251107,20251117,3262,1,3262
SO77610,ACC_CAS-1001,24575,6,20251007,20251012,20251026,203,1,203
SO77611,DIS_TVS-1008,26410,3,20251002,20251005,20251015,122086,2,61043
SO77611,DIS_MON-1012,26410,3,0,20251005,20251015,4224,1,4224
SO77611,COM_DSK-1008,26410,3,20251002,20251005,20251015,72267,1,72267
SO77611,GAM_ACC-1012,26410,3,20251002,20251005,20251015,2375,1,2375
SO77612,DIS_TVS-1009,23825,1,20251020,20251027,20251107,32958,2,16479
SO77613,COM_STR-1006,23351,2,20251010,20251020,20251028,16572,3,5524
SO77614,GAM_ACC-1011,20922,5,20251021,20251026,20251103,1557,1,1557
SO77615,ACC_CAS-1008,23037,4,20251009,20251013,20251026,377,1,377
SO77615,GAM_ACC-1001,23037,4,20251009,20251013,20251026,1632,1,1632
SO77616,COM_DSK-1011,26228,5,20251019,0,20251104,33954,2,16977
SO77617,ACC_CAS-1012,20170,3,20251015,20251025,20251104,2542,2,1271
SO77617,GAM_ACC-1002,20170,3,20251015,20251025,20251104,1158,1,1158
SO77617,GAM_CTR-1012,20170,3,20251015,20251025,20251104,2158,1,2158
SO77618,GAM_CON-1013,24149,5,20251007,20251015,20251018,59452,2,29726
SO77619,ACC_CAB-1008,25365,7,20251003,20251005,20251021,819,3,273
SO77620,COM_STR-1014,21400,1,20251003,20251005,20251020,17602,2,8801
SO77620,GAM_CON-1019,21400,1,0,20251005,20251020,1343,1,1343
SO77621,GAM_ACC-1005,24972,5,0,20251012,20251027,2638,2,1319
SO77622,MOB_SMP-1003,23640,7,20251020,20251023,20251031,23960,1,24365
SO77622,MOB_SMP-1005,23640,7,20251020,20251023,20251031,47379,1,0
SO77623,COM_LAP-1003,27091,6,20251011,20251021,20251023,103737,3,34579
SO77623,GAM_CON-1007,27091,6,20251011,20251021,20251023,66685,3,22286
SO77624,COM_STR-1014,21850,5,20251008,20251010,20251023,10005,1,10005
SO77625,COM_RAM-1007,22190,1,20251001,20251003,20251018,2938,1,2938
SO77626,DIS_TVS-1006,26558,5,20251025,20251104,20251113,117680,2,58840
SO77627,COM_LAP-1001,20813,5,20251017,20251021,20251030,55426,1,55426
SO77627,COM_DSK-1014,20813,5,20251017,20251021,20251030,66531,1,66531
SO77628,DIS_MON-1003,20407,3,20251011,20251017,20251030,12009,1,12009
SO77628,GAM_ACC-1004,20407,3,20251011,20251017,20251030,1384,2,692
SO77628,COM_LAP-1002,20407,3,20251011,20251017,20251030,186520,2,93260
SO77629,DIS_MON-1005,25631,2,20251002,20251007,20251015,39460,2,19730
SO77630,GAM_CON-1017,25040,6,20251006,20251013,20251025,33948,2,16974
SO77631,MOB_SWA-1013,22820,5,20251005,20251013,20251019,25884,2,12942
SO77631,COM_RAM-1012,22820,5,20251005,20251013,20251019,4715,1,4715
SO77632,COM_MTB-1006,24092,4,20251019,20251028,20251104,2592,1,2592
SO77632,MOB_SWA-1019,24092,4,20251019,20251028,20251104,23664,2,11832
SO77633,MOB_SWA-1009,25935,2,20251007,20251016,20251017,7656,1,7656
SO77634,GAM_CTR-1011,20525,3,20251028,20251107,20251116,1616,1,1616
SO77635,MOB_SWA-1004,21032,3,20251017,20251021,20251102,30048,2,15024
SO77636,GAM_CTR-1013,26556,6,20251027,20251104,20251108,2280,2,1140
SO77636,COM_LAP-1005,26556,6,20251027,20251104,20251108,199792,2,99896
SO77637,GAM_CON-1011,21767,2,20251012,20251021,20251028,21669,1,21669
SO77637,GAM_CON-1004,21767,2,20251012,20251021,20251028,89898,3,29966
SO77637,COM_RAM-1005,21767,2,20251012,20251021,20251028,4294,1,4294
SO77637,GAM_ACC-1010,21767,2,20251012,20251021,20251028,1650,1,0
SO77637,ACC_CAS-1002,21767,2,20251012,20251021,20251028,548,1,548
SO77637,MOB_SWA-1016,21767,2,20251012,20251021,20251028,3897,1,3897
SO77637,ACC_PWB-1001,21767,2,0,20251021,20251028,1733,1,1733
SO77638,COM_RAM-1013,27292,4,20251020,20251027,20251030,5094,3,1698
SO77639,MOB_TAB-1005,25292,4,20251020,20251029,20251104,50559,3,16853
SO77639,MOB_SWA-1017,25292,4,20251020,20251029,20251104,28122,2,14061
SO77640,DIS_TVS-1006,22103,6,20251017,20251026,20251030,63309,1,63309
SO77641,COM_RAM-1015,20835,2,20251016,20251020,20251105,6328,2,3164
SO77642,DIS_MON-1006,26466,2,0,20251027,20251029,63759,3,21253
SO77643,MOB_SWA-1002,24248,5,20251018,20251027,20251105,23202,2,11601
SO77643,COM_STR-1007,24248,5,20251018,20251027,20251105,23712,3,7904
SO77644,COM_LAP-1005,25337,7,20251022,20251029,20251106,95838,1,95838
SO77645,MOB_SWA-1014,24311,2,20251028,20251106,20251110,20268,3,6756
SO77646,ACC_PWB-1001,20540,5,20251021,20251023,20251108,,2,1617
SO77647,COM_GPU-1008,23981,4,20251006,20251012,20251024,41696,1,41696
SO77648,ACC_CAB-1010,21659,4,20251004,20251013,20251020,491,1,491
SO77649,MOB_TAB-1004,23858,7,20251009,20251011,20251021,11359,1,11359
SO77649,ACC_CAS-1012,23858,7,20251009,20251011,20251021,4005,3,1335
SO77650,GAM_CON-1003,23673,7,20251024,20251028,20251110,1205,1,1205
SO77651,ACC_CAB-1014,24863,6,20251014,20251023,20251027,624,2,312
SO77651,COM_MTB-1003,24863,6,20251014,20251023,20251027,8155,1,8155
SO77651,COM_DSK-1010,24863,6,20251014,20251023,20251027,2576,2,1288
SO77652,GAM_ACC-1007,25798,1,20251006,20251013,20251021,3509,1,3509
SO77653,COM_RAM-1006,23372,6,20251014,20251021,20251027,,1,1783
SO77653,GAM_ACC-1020,23372,6,20251014,20251021,20251027,4896,2,2448
SO77654,COM_STR-1017,26483,4,0,20251026,20251109,27894,3,9298
SO77654,COM_MTB-1007,26483,4,20251023,20251026,20251109,9804,3,3268
SO77655,GAM_CTR-1001,24520,6,20251016,20251024,20251102,3868,1,3868
SO77656,MOB_TAB-1011,22316,7,20251018,20251022,20251028,64656,3,21552
SO77656,ACC_CAB-1015,22316,7,20251018,20251022,20251028,429,1,429
SO77656,COM_RAM-1015,22316,7,20251018,20251022,20251028,6074,2,3037
SO77657,COM_MTB-1002,23724,7,20251011,20251015,20251030,8998,1,-8998
SO77657,COM_MTB-1003,23724,7,20251011,20251015,20251030,16380,2,8190
SO77658,GAM_ACC-1014,25622,2,20251029,20251106,20251118,665,1,665
SO77659,MOB_SMP-1007,21588,6,20251025,20251104,20251111,11076,1,11076
SO77660,COM_LAP-1003,23424,6,20251030,20251105,20251110,36654,1,0
SO77660,GAM_CTR-1013,23424,6,20251030,20251105,20251110,1066,1,1066
SO77660,MOB_TAB-1012,23424,6,20251030,20251105,20251110,39108,1,39108
SO77661,ACC_CAB-1008,24744,1,20251011,20251015,20251028,299,1,299
SO77662,MOB_SWA-1016,23192,4,20251023,20251030,20251112,8674,2,4337
SO77662,COM_MTB-1006,23192,4,20251023,20251030,20251112,2982,1,2982
SO77663,GAM_CON-1001,27087,1,20251025,20251103,20251107,26754,1,26754
SO77664,MOB_SWA-1013,27154,1,20251023,20251030,20251104,13440,1,13440
SO77664,ACC_CAB-1015,27154,1,20251023,20251030,20251104,451,1,451
SO77664,GAM_CON-1004,27154,1,20251023,20251030,20251104,31465,1,31465
SO77664,COM_RAM-1008,27154,1,20251023,20251030,20251104,8550,2,4275
SO77664,GAM_CTR-1004,27154,1,20251023,20251030,20251104,4435,1,0
SO77665,MOB_TAB-1006,27292,4,20251021,20251031,20251031,8679,1,-8679
SO77666,ACC_PWB-1005,20870,3,20251016,20251018,20251103,2634,3,878
SO77666,GAM_ACC-1013,20870,3,20251016,20251018,20251103,3630,2,1815
SO77667,COM_MTB-1003,24423,5,20251024,20251027,20251103,7977,1,7977
SO77667,DIS_TVS-1004,24423,5,20251024,20251027,20251103,61324,1,61324
SO77668,COM_GPU-1006,23199,3,20251023,20251029,20251110,71194,1,71194
SO77668,DIS_MON-1009,23199,3,0,20251029,20251110,13526,1,13526
SO77669,COM_DSK-1002,21645,3,20251011,20251014,20251024,98922,2,49461
SO77670,ACC_CHG-1013,24760,5,20251007,20251011,20251020,773,1,773
SO77671,COM_GPU-1009,21105,1,20251014,20251020,20251028,15455,1,15455
SO77672,GAM_CON-1010,26765,2,20251028,20251031,20251108,86751,3,28917
SO77672,ACC_CAS-1003,26765,2,20251028,20251031,20251108,598,1,598
SO77673,COM_RAM-1002,25254,4,20251018,20251021,20251101,7867,2,0
SO77674,ACC_CAB-1002,23438,2,20251017,20251025,20251030,3480,3,1160
SO77674,COM_GPU-1006,23438,2,20251017,20251025,20251030,72201,1,72201
SO77675,COM_DSK-1003,24762,6,20251021,20251028,20251106,77073,1,77073
SO77675,COM_MTB-1002,24762,6,20251021,20251028,20251106,17162,2,8581
SO77676,DIS_MON-1008,21993,7,20251010,20251018,20251026,74673,3,24891
SO77677,ACC_CHG-1010,22918,1,20251001,20251004,20251021,2382,3,794
SO77677,GAM_CON-1004,22918,1,20251001,20251004,20251021,28081,1,28081
SO77678,COM_DSK-1006,21656,1,20251005,20251012,20251023,109044,2,54522
SO77679,COM_RAM-1004,21052,3,20251013,20251020,20251030,11460,3,3820
SO77680,COM_DSK-1005,21567,5,20251001,20251005,20251013,36705,1,36705
SO77681,ACC_CAB-1012,23484,6,20251014,20251024,20251030,341,1,341
SO77682, MOB_SWA-1014,22840,5,20251014,20251017,20251024,21210,3,7070
SO77683,ACC_CHG-1011,20334,2,20251009,20251018,20251023,2322,2,1161
SO77683,ACC_CAB-1018,20334,2,20251009,20251018,20251023,3588,3,1196
SO77684,DIS_TVS-1010,25460,5,20251027,20251029,20251108,41657,1,41657
SO77685,COM_LAP-1001,23803,6,20251025,20251029,20251112,55637,1,55637
SO77685,ACC_PWB-1004,23803,6,20251025,20251029,20251112,5440,2,2720
SO77685,DIS_MON-1008,23803,6,20251025,20251029,20251112,45494,2,22747
SO77686,COM_DSK-1006,26294,2,20251023,20251029,20251110,105182,2,52591
SO77687,COM_GPU-1010,24422,2,20251019,20251022,20251104,132666,2,66333
SO77688,MOB_SWA-1005,20390,7,20251001,20251008,20251020,12683,1,12683
SO77689,GAM_CTR-1008,22080,4,20251006,20251015,20251022,2627,1,2627
SO77689,ACC_PWB-1004,22080,4,20251006,20251015,20251022,8604,3,2868
SO77690,GAM_CTR-1012,23456,5,20251024,20251101,20251108,2218,1,2218
SO77690,ACC_CAS-1014,23456,5,20251024,20251101,20251108,655,1,655
SO77691,MOB_TAB-1010,20257,4,20251024,20251027,20251106,29974,2,14987
SO77691,ACC_CHG-1007,20257,4,20251024,20251027,20251106,2254,2,1127
SO77692,COM_LAP-1005,22426,4,20251017,20251019,20251102,212336,2,106168
SO77693,ACC_PWB-1007,22976,7,20251002,20251004,20251012,2791,1,2791
SO77693,COM_STR-1008,22976,7,20251002,20251004,20251012,8190,2,4095
SO77694,ACC_CAB-1005,21613,1,20251014,20251019,20251026,235,1,235
SO77694,GAM_ACC-1015,21613,1,20251014,20251019,20251026,12315,3,4105
SO77694,COM_RAM-1003,21613,1,20251014,20251019,20251026,1565,1,1565
SO77694,DIS_TVS-1008,21613,1,20251014,20251019,20251026,136036,2,68018
SO77695,COM_STR-1009,21708,7,20251004,20251010,20251022,5809,1,5809
SO77695,DIS_TVS-1005,21708,7,20251004,20251010,20251022,86250,2,43125
SO77696,COM_DSK-1008,24470,3,0,20251013,20251029,67174,1,67174
SO77696,MOB_SWA-1019,24470,3,20251010,20251013,20251029,11728,1,11728
SO77697,ACC_PWB-1003,25121,2,20251003,20251013,20251020,2639,1,2639
SO77697,COM_STR-1011,25121,2,20251003,20251013,20251020,9052,1,9052
SO77697,COM_MTB-1004,25121,2,20251003,20251013,20251020,26522,2,13261
SO77698,COM_RAM-1012,26168,6,20251008,20251014,20251018,14514,3,4838
SO77699,COM_RAM-1011,21127,4,20251031,20251105,20251114,3874,2,1937
SO77700,GAM_CTR-1015,20015,3,20251014,20251019,20251029,9166,2,4583
SO77700,MOB_TAB-1002,20015,3,0,20251019,20251029,21034,1,21034
SO77701,COM_DSK-1008,24835,4,20251020,20251028,20251030,126142,2,63071
SO77702,ACC_CAB-1004,23623,6,20251011,20251017,20251024,144,1,144
SO77703,DIS_MON-1003,23911,5,20251028,20251103,20251114,22852,2,11426
SO77704,ACC_CAB-1012,26452,2,20251024,20251103,20251108,738,2,369
SO77704,ACC_PWB-1002,26452,2,20251024,20251103,20251108,593,1,593
SO77704,GAM_CON-1020,26452,2,20251024,20251103,20251108,30519,1,30519
SO77705,COM_MTB-1005,22005,1,20251010,20251016,20251026,8028,3,0
SO77705,GAM_CTR-1008,22005,1,20251010,20251016,20251026,2745,1,2745
SO77706,COM_STR-1016,26342,5,20251002,20251006,20251020,17883,3,5961
SO77706,ACC_CAS-1004,26342,5,20251002,20251006,20251020,1221,1,1221
SO77707,DIS_TVS-1009,27347,3,20251020,20251026,20251109,30131,2,14837
SO77707,MOB_SWA-1009,27347,3,20251020,20251026,20251109,22386,3,7462
SO77708,ACC_CHG-1007,21302,6,20251026,20251030,20251109,1184,1,1184
SO77708,COM_DSK-1006,21302,6,20251026,20251030,20251109,58197,1,58366
SO77709,COM_DSK-1003,27307,4,20251027,20251106,20251106,139538,2,69769
SO77709,COM_STR-1003,27307,4,20251027,20251106,20251106,8043,1,8043
SO77709,MOB_SWA-1004,27307,4,20251027,20251106,20251106,28296,2,14148
SO77710,COM_MTB-1003,25007,4,20251024,20251031,20251113,14278,2,7139
SO77711,COM_STR-1014,22841,3,20251017,20251024,20251028,17830,2,8915
SO77712,ACC_CAS-1004,20716,4,20251027,20251105,20251113,2642,2,1321
SO77713,GAM_CTR-1009,22482,6,20251025,20251103,20251106,5002,2,2501
SO77714,ACC_CHG-1008,27936,2,20251009,20251015,20251027,1003,1,1003
SO77715,ACC_CAB-1004,21332,1,20251020,20251023,20251106,,2,153
SO77716,GAM_CTR-1007,20579,4,20251009,20251017,20251025,3686,1,3686
SO77717,ACC_CAS-1009,20079,1,20251005,20251013,20251025,,1,613
SO77718,COM_STR-1004,23215,6,20251026,20251103,20251107,3810,1,3810
SO77718,GAM_CON-1006,23215,6,20251026,20251103,20251107,55072,2,27536
SO77718,COM_RAM-1012,23215,6,20251026,20251103,20251107,4145,1,4145
SO77719,GAM_CON-1014,25848,5,20251029,20251108,20251109,23968,2,11984
SO77719,DIS_MON-1008,25848,5,20251029,20251108,20251109,65469,3,21823
SO77719,MOB_TAB-1002,25848,5,20251029,20251108,20251109,20299,1,20299
SO77719,ACC_CAS-1011,25848,5,20251029,20251108,20251109,1893,3,631
SO77720,COM_LAP-1008,24142,5,20251030,20251103,20251113,82380,2,41190
SO77720,GAM_CON-1004,24142,5,20251030,20251103,20251113,32298,1,32298
SO77720,MOB_SMP-1007,24142,5,20251030,20251103,20251113,22136,2,11068
SO77720,COM_GPU-1004,24142,5,20251030,20251103,20251113,66100,2,33050
SO77721,COM_LAP-1003,25030,6,20251009,20251016,20251027,36320,1,36260
SO77721,COM_STR-1007,25030,6,20251009,20251016,20251027,7858,1,7858
SO77722,MOB_SMP-1008,20193,3,20251013,20251019,20251023,17022,1,17022
SO77723,COM_DSK-1003,20864,3,20251009,20251015,20251022,152448,2,76224
SO77724,COM_LAP-1003,21364,2,20251018,20251024,20251106,34214,1,34214
SO77725,ACC_PWB-1013,22332,4,20251021,20251028,20251103,621,1,621
SO77725,COM_STR-1009,22332,4,20251021,20251028,20251103,10130,2,5065
SO77725,GAM_CTR-1013,22332,4,20251021,20251028,20251103,1081,1,1081
SO77726,COM_MTB-1007,22763,4,20251012,20251017,20251027,3601,1,3601
SO77726,GAM_ACC-1017,22763,4,20251012,20251017,20251027,3639,1,3639
SO77727,GAM_ACC-1017,26495,7,20251013,20251017,20251031,7068,2,3534
SO77727,DIS_MON-1009,26495,7,0,0,20251031,26220,2,13110
SO77728,ACC_CAB-1011,24196,3,20251020,20251022,20251105,402,1,402
SO77729,MOB_SWA-1006,24602,7,20251018,20251024,20251031,13025,1,13025
SO77729,ACC_PWB-1005,24602,7,20251018,20251024,20251031,1698,2,849
SO77729,ACC_CAS-1015,24602,7,20251018,20251024,20251031,536,2,268
SO77729,MOB_SMP-1006,24602,7,20251018,20251024,20251031,1341,1,1341
SO77729,DIS_TVS-1013,24602,7,20251018,20251024,20251031,72730,2,36365
SO77730,GAM_CTR-1016,24884,7,20251029,20251031,20251110,3066,1,3066
SO77731,ACC_PWB-1012,20137,4,20251017,20251025,20251102,6149,3,2041
SO77731,MOB_TAB-1001,20137,4,20251017,20251025,20251102,36261,3,12087
SO77732,ACC_PWB-1011,21396,7,20251027,20251102,20251107,2764,1,2764
SO77732,DIS_MON-1012,21396,7,20251027,20251102,20251107,9014,2,4507
SO77732,ACC_CAS-1007,21396,7,20251027,20251102,20251107,855,3,285
SO77732,MOB_TAB-1012,21396,7,20251027,20251102,20251107,105381,3,35127
SO77732,ACC_PWB-1009,21396,7,20251027,20251102,20251107,655,1,655
SO77733,ACC_CAS-1012,26672,1,20251024,20251101,20251110,1315,1,1315
SO77733,COM_GPU-1010,26672,1,20251024,20251101,20251110,130882,2,65441
SO77733, COM_LAP-1006,26672,1,20251024,20251101,20251110,150036,2,75018
SO77734,ACC_CHG-1005,26702,2,20251025,20251029,20251106,2895,3,0
SO77735,COM_STR-1006,23440,5,20251020,20251030,20251030,4919,1,4919
SO77736,COM_GPU-1010,24059,6,20251006,20251009,20251021,67581,1,67581
SO77736,ACC_CAB-1014,24059,6,20251006,20251009,20251021,658,2,329
SO77736,DIS_MON-1001,24059,6,20251006,20251009,20251021,12653,1,12653
SO77737,MOB_SMP-1012,22151,6,20251005,20251007,20251016,3840,3,1280
SO77738,DIS_TVS-1001,20838,4,20251013,20251016,20251025,23006,2,11503
SO77738,MOB_SWA-1016,20838,4,20251013,20251016,20251025,8878,2,4439
SO77739,ACC_CHG-1003,24243,3,20251003,20251012,20251015,335,1,335
SO77740,COM_DSK-1004,23540,7,20251015,20251020,20251101,52406,2,26203
SO77740,GAM_ACC-1012,23540,7,20251015,20251020,20251101,6762,3,2254
SO77740,GAM_CON-1007,23540,7,20251015,20251020,20251101,43846,2,21923
SO77740,GAM_ACC-1012,23540,7,20251015,20251020,20251101,2428,1,2428
SO77741,GAM_CON-1020,20160,5,20251019,20251023,20251031,28844,1,28844
SO77741,COM_STR-1017,20160,5,20251019,20251023,20251031,9159,1,9159
SO77741,ACC_CAB-1005,20160,5,20251019,20251023,20251031,243,1,243
SO77742,COM_STR-1018,24361,6,20251007,20251009,20251023,19809,3,6603
SO77742,GAM_CON-1019,24361,6,20251007,20251009,20251023,2506,2,1253
SO77743,COM_GPU-1004,25981,4,20251020,20251027,20251103,,3,34063
SO77744,MOB_SWA-1012,24194,1,20251006,20251012,20251022,40026,3,13342
SO77744,COM_DSK-1001,24194,1,20251006,20251012,20251022,16541,1,16541
SO77744,GAM_CTR-1015,,1,20251006,20251012,20251022,14055,3,4685
SO77744,ACC_CHG-1003,24194,1,20251006,20251012,20251022,324,1,324
SO77745,MOB_TAB-1006,20740,5,20251013,20251023,20251102,25860,3,8620
SO77746,COM_LAP-1004,22406,3,20251015,20251024,20251103,194463,3,64821
SO77746,MOB_SWA-1012,22406,3,20251015,20251024,20251103,11695,1,11695
SO77747,GAM_ACC-1006,26265,1,20251028,20251104,20251111,6578,2,3289
SO77748,GAM_CTR-1008,26634,3,20251023,20251030,20251111,6028,2,3014
SO77748,GAM_ACC-1020,26634,3,20251023,20251030,20251111,4824,2,0
SO77749,ACC_CAB-1008,20483,4,20251021,20251023,20251105,552,2,276
SO77750,COM_DSK-1008,22832,4,20251025,20251028,20251107,139230,2,69615
SO77751,GAM_ACC-1010,24232,1,20251001,20251009,20251012,3482,2,1741
SO77752,ACC_CAB-1011,22670,2,20251016,20251025,20251027,786,2,393
SO77753,GAM_CTR-1016,22835,3,20251028,20251102,20251114,3042,1,3042
SO77754,COM_DSK-1001,20728,7,20251019,20251024,20251104,31644,2,15822
SO77754,GAM_CON-1010,20728,7,20251019,20251024,20251104,81672,3,0
SO77754,GAM_CTR-1009,20728,7,20251019,20251024,20251104,2516,1,0
SO77754,MOB_SMP-1005,20728,7,20251019,20251024,20251104,51902,1,51902
SO77755,GAM_CTR-1015,27077,6,20251020,20251026,20251106,9008,2,4504
SO77755,GAM_CON-1001,27077,6,20251020,20251026,20251106,60364,2,30182
SO77756,GAM_CTR-1005,23578,4,20251006,20251011,20251021,2101,1,2101
SO77757,COM_GPU-1003,25410,4,20251010,20251016,20251028,2348,2,1174
SO77758,COM_STR-1009,21981,2,20251006,20251012,20251022,5283,1,5283
SO77758,GAM_ACC-1015,21981,2,20251006,20251012,20251022,4562,1,4562
SO77758,GAM_CON-1006,21981,2,20251006,20251012,20251022,53634,2,26817
SO77758,DIS_MON-1008,21981,2,20251006,20251012,20251022,73938,3,24646
SO77758,MOB_SWA-1003,21981,2,20251006,20251012,20251022,,3,2436
SO77759,ACC_CAS-1005,24669,5,20251015,20251019,20251104,820,2,410
SO77760,GAM_CTR-1007,25949,7,20251012,20251021,20251101,3699,1,3699
SO77761,ACC_PWB-1004,24841,7,20251031,20251106,20251116,2619,1,2619
SO77762,MOB_SWA-1013,21924,5,20251005,20251009,20251017,23548,2,11774
SO77762,GAM_CON-1013,21924,5,20251005,20251009,20251017,52124,2,26062
SO77762,MOB_TAB-1002,21924,5,20251005,20251009,20251017,21247,1,21247
SO77763,COM_STR-1011,25298,5,20251025,20251101,20251107,9492,1,9492
SO77764,DIS_TVS-1009,21675,4,20251024,20251103,20251113,15942,1,15942
SO77764,ACC_PWB-1008,21675,4,20251024,20251103,20251113,3006,1,3006
SO77765, MOB_SMP-1004,21070,3,20251026,20251102,20251107,35092,2,17546
SO77765,MOB_SWA-1002,21070,3,20251026,20251102,20251107,23278,2,11639
SO77765,COM_GPU-1010,21070,3,20251026,20251102,20251107,68184,1,68319
SO77766,ACC_CAB-1011,22783,1,20251017,20251026,20251102,416,1,416
SO77766,ACC_CAS-1008,22783,1,20251017,20251026,20251102,362,1,362
SO77767,GAM_ACC-1007,24769,6,20251004,20251006,20251016,11916,3,3972
SO77768,COM_MTB-1006,20363,3,20251019,20251022,20251106,5922,2,2961
SO77768,COM_GPU-1003,20363,3,20251019,20251022,20251106,1195,1,1195
SO77769,ACC_CAS-1005,21557,4,20251009,20251019,20251019,940,2,470
SO77769,GAM_CON-1017,21557,4,20251009,20251019,20251019,16700,1,16700
SO77769,COM_STR-1002,21557,4,20251009,20251019,20251019,7407,1,7407
SO77770,MOB_SMP-1010,24721,1,20251015,20251020,20251104,4743,1,4743
SO77771,COM_DSK-1010,20692,4,20251031,20251106,20251118,1267,1,1267
SO77771,COM_STR-1009,20692,4,20251031,20251106,20251118,5285,1,5285
SO77772,GAM_ACC-1010,25125,5,20251015,20251020,20251030,1741,1,1741
SO77772,COM_RAM-1010,25125,5,20251015,20251020,20251030,2690,2,1345
SO77772,GAM_CON-1015,,5,20251015,0,20251030,28800,1,28800
SO77772,COM_GPU-1005,25125,5,20251015,20251020,20251030,29773,1,29773
SO77773,COM_GPU-1003,22147,7,20251031,20251109,20251110,1273,1,1273
SO77773,ACC_CAB-1007,22147,7,20251031,20251109,20251110,674,2,337
SO77774,MOB_TAB-1011,23689,4,20251018,20251020,20251104,42320,2,21160
SO77774,COM_DSK-1013,23689,4,20251018,20251020,20251104,2332,2,1166
SO77775,ACC_CAS-1005,20795,6,0,20251014,20251025,437,1,-437
SO77775,MOB_SWA-1005,20795,6,20251008,20251014,20251025,41802,3,13934
SO77776,GAM_CTR-1005,25769,6,20251008,20251016,20251027,2088,1,2088
SO77777,ACC_CAS-1008,23871,1,20251018,20251020,20251103,816,2,346
SO77778,COM_DSK-1009,23769,3,20251007,20251013,20251026,1269,1,1269
SO77779,COM_STR-1016,20600,3,20251011,20251019,20251030,5770,1,5770
SO77779,COM_GPU-1009,20600,3,20251011,20251019,20251030,49782,3,16594
SO77780,COM_GPU-1006,24092,3,20251009,20251012,20251020,149900,2,74950
SO77781,GAM_ACC-1002,22558,1,20251028,20251102,20251117,2356,2,1178
SO77782,ACC_CAB-1006,20524,2,20251016,0,20251030,275,1,275
SO77782,GAM_CON-1015,20524,2,20251016,20251019,20251030,50434,2,25217
SO77783,MOB_TAB-1002,20043,6,20251009,20251019,20251022,58863,3,19621
SO77784,DIS_MON-1005,26490,5,20251002,20251008,20251018,20825,1,20825
SO77784,COM_LAP-1007,26490,5,20251002,20251008,20251018,106069,1,106069
SO77784,MOB_SMP-1007,26490,5,20251002,20251008,20251018,10555,1,10555
SO77785,ACC_PWB-1008,20717,7,20251009,20251019,20251020,3076,1,3076
SO77786,COM_RAM-1001,20542,1,20251023,20251027,20251105,7648,2,3824
SO77787,ACC_CAS-1001,26921,5,20251019,20251021,20251030,380,2,190
SO77788,COM_GPU-1001,20378,1,20251029,20251107,20251117,40195,1,40195
SO77788,ACC_PWB-1011,20378,1,20251029,20251107,20251117,8889,3,2963
SO77788,ACC_PWB-1012,20378,1,20251029,20251107,20251117,2135,1,2135
SO77789,ACC_PWB-1001,20164,2,20251020,20251024,20251108,,1,1567
SO77790,MOB_SWA-1004,26323,2,20251011,20251013,20251028,14511,1,14511
SO77790,DIS_MON-1006,26323,2,20251011,20251013,20251028,22030,1,22030
SO77790,ACC_PWB-1008,26323,2,20251011,20251013,20251028,6190,2,3095
SO77791,GAM_CON-1017,20397,2,20251018,20251022,20251030,15671,1,15671
SO77792,COM_GPU-1012,20111,4,20251015,20251023,20251027,31859,1,31859
SO77793,ACC_CAS-1002,24484,4,20251007,20251012,20251023,1557,3,519
SO77794,COM_RAM-1007,26863,1,20251017,20251020,20251027,3240,1,3240
SO77795,MOB_SMP-1011,25162,2,20251023,20251029,20251104,50886,2,25443
SO77795,GAM_CTR-1012,25162,2,20251023,20251029,20251104,2218,1,2218
SO77795,GAM_CON-1009,25162,2,20251023,20251029,20251104,21561,1,21561
SO77795,COM_RAM-1008,25162,2,20251023,20251029,20251104,4099,1,4099
SO77796,COM_MTB-1006,22734,3,20251010,20251020,20251020,5656,2,2828
SO77796,COM_GPU-1003,22734,3,20251010,20251020,20251020,2614,2,1307
SO77797,GAM_ACC-1017,22593,2,20251020,20251027,20251030,3631,1,3631
SO77798,COM_GPU-1009,25599,7,20251013,20251023,20251102,16136,1,16136
SO77799,DIS_MON-1002,26455,4,20251019,20251026,20251105,16271,1,16271
SO77800,ACC_CAB-1005,24742,4,20251007,20251012,20251022,504,2,252
SO77801,COM_DSK-1008,24593,6,20251019,20251022,20251103,68991,1,68991
SO77802,ACC_CHG-1004,27300,1,20251031,20251109,20251115,1718,2,859
SO77803,ACC_PWB-1006,25012,2,20251029,20251105,20251116,5217,3,1739
SO77804,COM_RAM-1002,23046,2,20251014,20251021,20251101,7768,2,3884
SO77805,COM_GPU-1007,23747,6,20251006,20251009,20251025,2624,2,1312
SO77805,COM_RAM-1008,23747,6,20251006,20251009,20251025,3798,1,3798
SO77805,ACC_PWB-1009,23747,6,20251006,20251009,20251025,744,1,744
SO77805,GAM_ACC-1016,23747,6,20251006,0,20251025,3736,2,1868
SO77806,ACC_CHG-1002,21376,4,20251009,20251011,20251024,1548,3,516
SO77807,MOB_TAB-1009,27352,1,20251018,20251020,20251101,61658,2,30829
SO77808,COM_GPU-1008,25236,3,20251030,20251105,20251118,40352,1,40352
SO77808,COM_LAP-1009,25236,3,20251030,20251105,20251118,85620,3,28540
SO77809,ACC_CAB-1013,20532,3,20251024,20251028,20251104,1275,3,425
SO77810,COM_GPU-1011,23374,1,20251021,20251023,20251109,112464,3,37488
SO77811,ACC_CAB-1015,25604,7,20251006,20251008,20251016,1398,3,-466
SO77812,COM_RAM-1014,25454,3,20251012,20251017,20251023,3009,1,3009
SO77813,GAM_ACC-1005,20002,5,20251016,20251026,20251105,2484,2,1242
SO77814,GAM_CON-1007,21636,4,20251021,20251030,20251110,22266,1,22266
SO77815,ACC_CHG-1010,20352,4,20251012,20251019,20251022,1556,2,778
SO77815,MOB_SWA-1011,20352,4,20251012,20251019,20251022,4318,1,4318
SO77815,ACC_CHG-1009,20352,4,20251012,20251019,20251022,1536,2,768
SO77815,COM_LAP-1001,20352,4,20251012,20251019,20251022,116654,2,58327
SO77816,COM_LAP-1007,20560,1,20251001,20251003,20251016,224446,2,112223
SO77816,COM_DSK-1006,20560,1,20251001,20251003,20251016,51597,1,51597
SO77817,ACC_PWB-1001,24762,7,20251018,20251023,20251029,3162,2,1581
SO77817,COM_RAM-1001,24762,7,20251018,20251023,20251029,7876,2,3938
SO77817,DIS_TVS-1004,24762,7,20251018,20251023,20251029,105558,2,52779
SO77818,GAM_ACC-1011,22385,6,20251011,20251017,20251026,1645,1,1645
SO77819,COM_RAM-1010,27246,4,20251016,20251025,20251027,1316,1,1316
SO77820,GAM_CON-1007,25772,4,20251013,20251017,20251026,47450,2,23725
SO77821,GAM_CTR-1006,21266,2,20251031,20251106,20251114,4460,1,4460
SO77822,GAM_ACC-1010,23346,7,20251028,20251106,20251113,1658,1,1658
SO77823,COM_STR-1011,26604,1,20251025,20251030,20251106,8725,1,8725
SO77824,ACC_PWB-1012,26473,2,20251021,20251031,20251110,2240,1,2240
SO77825,GAM_CTR-1016,24294,3,20251012,20251018,20251029,3176,1,3176
SO77825,MOB_SWA-1005,24294,3,20251012,20251018,20251029,13308,1,13308
SO77826,COM_STR-1006,24848,3,20251024,20251029,20251112,5148,1,5148
SO77826,ACC_CAS-1003,24848,3,20251024,20251029,20251112,1370,2,685
SO77827,COM_DSK-1013,22738,1,20251021,20251025,20251110,3885,3,1295
SO77827,MOB_SWA-1010,22738,1,20251021,20251025,20251110,9973,1,9973
SO77828,DIS_TVS-1011,26608,1,20251025,20251102,20251114,177783,3,0
SO77828,COM_LAP-1006,26608,1,20251025,20251102,20251114,148050,2,74025
SO77829,ACC_CAB-1001,22090,1,20251027,20251106,20251106,241,1,241
SO77830,MOB_SMP-1008,21740,6,20251016,20251024,20251102,33468,2,16734
SO77831,COM_GPU-1004,23057,7,20251007,20251012,20251024,91263,3,30421
SO77832,MOB_SMP-1006,20823,1,20251008,20251010,20251027,1344,1,1344
SO77832,COM_DSK-1017,20823,1,20251008,20251010,20251027,70646,1,70646
SO77832,ACC_CAB-1018,20823,1,20251008,20251010,20251027,1199,1,1199
SO77833,GAM_CTR-1012,26200,5,20251027,20251029,20251112,2153,1,2153
SO77834,GAM_ACC-1015,21091,6,20251023,20251025,20251106,4583,1,-4583
SO77835,GAM_CON-1008,25581,1,20251026,20251029,20251109,36070,2,18035
SO77836,GAM_CTR-1009,23150,5,20251003,20251007,20251020,8247,3,2749
SO77836,ACC_CHG-1005,23150,5,20251003,20251007,20251020,954,1,954
SO77836,ACC_PWB-1005,23150,5,20251003,20251007,20251020,834,1,834
SO77836,COM_GPU-1012,23150,5,20251003,0,20251020,61902,2,30951
SO77836,COM_RAM-1010,23150,5,20251003,20251007,20251020,1359,1,1359
SO77836,GAM_CTR-1002,23150,5,20251003,20251007,20251020,1768,1,1768
SO77837,GAM_CON-1017,23093,3,20251001,20251008,20251014,32390,2,16195
SO77837,MOB_SWA-1008,23093,3,20251001,20251008,20251014,14858,1,14858
SO77838,COM_GPU-1004,20564,3,20251004,20251008,20251015,31305,1,31305
SO77839,MOB_TAB-1006,24625,7,20251009,20251019,20251027,7900,1,7900
SO77840,COM_STR-1007,23740,5,20251004,20251013,20251017,16246,2,8123
SO77840,MOB_TAB-1006,23740,5,20251004,20251013,20251017,16814,2,8407
SO77841,MOB_SWA-1017,25580,1,20251004,20251010,20251022,30222,2,15111
SO77841,ACC_PWB-1011,25580,1,20251004,20251010,20251022,2877,1,2877
SO77842,MOB_SWA-1015,24228,5,20251019,20251029,20251105,14166,1,14166
SO77843,COM_DSK-1008,20957,6,20251026,20251104,20251109,64556,1,64556
SO77844,GAM_CTR-1001,20377,1,20251004,20251008,20251020,7564,2,3782
SO77844,GAM_ACC-1004,20377,1,20251004,20251008,20251020,636,1,636
SO77845,MOB_TAB-1007,24454,1,20251030,20251104,20251114,14632,2,7316
SO77845,COM_STR-1017,24454,1,20251030,20251104,20251114,17560,2,8780
SO77846,GAM_CON-1009,20788,6,20251024,20251030,20251105,42828,2,21414
SO77847,ACC_CHG-1001,22640,1,0,20251020,20251030,1857,3,619
SO77848,ACC_CAS-1008,27296,5,20251010,20251018,20251026,1122,3,0
SO77849,GAM_CON-1019,24744,6,20251003,20251007,20251017,3945,3,1315
SO77849,COM_GPU-1003,24744,6,20251003,20251007,20251017,1268,1,1268
SO77849,MOB_SMP-1009,24744,6,20251003,20251007,20251017,47187,1,47187
SO77850,GAM_CON-1004,21254,7,20251002,20251011,20251019,59412,2,29706
SO77851,ACC_CAS-1005,23483,3,20251013,20251020,20251024,405,1,405
SO77851,GAM_CTR-1009,23483,3,20251013,20251020,20251024,2569,1,2569
SO77852,GAM_ACC-1003,20095,6,20251010,20251020,20251028,8670,3,2890
SO77853,MOB_TAB-1002,23347,5,20251016,20251020,20251101,21336,1,21336
SO77854,ACC_PWB-1001,22551,5,20251007,20251009,20251025,1585,1,1585
SO77855,COM_MTB-1001,25904,1,20251008,20251011,20251027,15060,2,7530
SO77855,ACC_CAB-1018,25904,1,20251008,20251011,20251027,3939,3,1313
SO77855,GAM_CON-1019,25904,1,20251008,20251011,20251027,3750,3,1250
SO77856,GAM_CON-1018,24701,3,20251026,20251103,20251109,12431,1,12431
SO77856,DIS_TVS-1006,24701,3,20251026,20251103,20251109,124652,2,62326
SO77856,GAM_CTR-1002,24701,3,20251026,20251103,20251109,3762,2,1881
SO77857,GAM_ACC-1003,24112,7,20251015,20251024,20251027,2973,1,2973
SO77858,COM_GPU-1012,22458,2,20251014,20251016,20251031,58232,2,29116
SO77859,GAM_CON-1007,26834,2,20251030,20251106,20251110,45342,2,22671
SO77860,COM_RAM-1005,25277,7,20251011,20251019,20251023,3996,1,3996
SO77860,DIS_TVS-1002,25277,7,20251011,20251019,20251023,37716,2,18858
SO77861, ACC_CHG-1011,21088,1,20251013,20251019,20251026,2472,2,1236
SO77861,COM_MTB-1003,21088,1,20251013,20251019,20251026,7467,1,7467
SO77862,MOB_SWA-1019,21413,1,20251016,20251021,20251029,22066,2,11033
SO77862,COM_STR-1013,21413,1,20251016,20251021,20251029,3417,1,3417
SO77863,GAM_ACC-1009,23222,5,20251006,20251011,20251017,5326,2,2663
SO77864,MOB_SWA-1013,22144,4,20251029,20251107,20251112,12345,1,12345
SO77865,COM_DSK-1014,24926,5,20251016,0,20251105,139006,2,69503
SO77866,COM_GPU-1002,22555,2,20251013,20251021,20251101,53022,1,53022
SO77867,MOB_TAB-1001,21903,5,20251028,20251106,20251116,12305,1,12305
SO77867,COM_DSK-1008,21903,5,20251028,20251106,20251116,67301,1,67301
SO77868,COM_STR-1010,21742,4,20251012,20251018,20251027,9919,1,9919
SO77868,COM_LAP-1009,21742,4,20251012,20251018,20251027,53026,2,26513
SO77869,DIS_TVS-1006,24718,7,20251022,20251025,20251101,135794,2,67897
SO77870,ACC_CHG-1012,22764,1,20251011,20251013,20251031,1528,2,764
SO77871,GAM_CON-1007,24851,4,20251016,20251024,20251030,21150,1,21150
SO77871,DIS_MON-1004,24851,4,20251016,20251024,20251030,11426,2,0
SO77872,MOB_SWA-1006,21618,5,20251022,20251030,20251107,27562,2,13781
SO77873,MOB_SMP-1004,21068,5,20251005,20251008,20251024,17450,1,17450
SO77874,ACC_CAB-1001,22404,5,20251018,20251026,20251103,241,1,241
SO77875,GAM_ACC-1003,22753,7,20251024,20251027,20251106,5926,2,2963
SO77876,COM_LAP-1010,24642,5,20251017,0,20251029,62334,1,62334
SO77877,ACC_CAB-1018,24224,6,20251020,20251023,20251109,1318,1,1318
SO77877,GAM_CTR-1004,24224,6,20251020,20251023,20251109,4558,1,4558
SO77877,MOB_TAB-1009,24224,6,20251020,20251023,20251109,56713,2,28394
SO77877,COM_GPU-1009,24224,6,20251020,20251023,20251109,45342,3,15114
SO77878,ACC_CAS-1002,20362,5,20251014,20251024,20251029,1560,3,520
SO77879,COM_DSK-1014,22533,5,20251006,20251013,20251019,127422,2,63711
SO77880,COM_STR-1002,25750,6,20251024,20251027,20251111,13572,2,6786
SO77880,GAM_ACC-1010,25750,6,20251024,20251027,20251111,1582,1,1582
SO77880,MOB_SMP-1003,25750,6,20251024,20251027,20251111,22621,1,22621
SO77881,DIS_TVS-1004,21928,2,20251014,20251022,20251101,55812,1,55812
SO77881,COM_LAP-1001,21928,2,20251014,20251022,20251101,57937,1,57937
SO77882,ACC_CAB-1014,21044,2,20251010,20251015,20251023,295,1,295
SO77883,COM_STR-1012,20334,2,20251005,20251008,20251021,27660,3,9220
SO77884,GAM_CON-1010,26026,6,20251014,20251023,20251103,51646,2,25823
SO77885,COM_MTB-1003,23326,2,20251020,20251023,20251106,15230,2,7615
SO77886,ACC_PWB-1006,23380,3,20251007,20251015,20251018,3462,2,0
SO77887,COM_LAP-1013,20257,3,20251023,20251031,20251103,81826,2,40913
SO77887,COM_DSK-1004,20257,3,20251023,20251031,20251103,78978,3,26326
SO77888,ACC_CAB-1010,21531,2,20251025,20251028,20251107,1353,3,451
SO77889,COM_GPU-1009,20846,3,20251021,20251025,20251110,14729,1,14729
SO77889,COM_STR-1003,20846,3,20251021,20251025,20251110,8146,1,8146
SO77890,ACC_PWB-1008,22292,6,20251009,20251015,20251027,3095,1,3095
SO77891,GAM_CTR-1011,20625,2,20251015,20251017,20251028,4365,3,1455
SO77892,GAM_CTR-1004,23348,1,20251022,20251026,20251110,4343,1,4343
SO77893,COM_STR-1006,27005,1,20251017,20251026,20251104,10460,2,5230
SO77893,COM_GPU-1009,27005,1,20251017,20251026,20251104,44325,3,14775
SO77894,COM_DSK-1007,25677,5,20251025,20251103,20251105,89390,2,44695
SO77895,MOB_SWA-1004,25467,5,20251017,20251026,20251103,28338,2,14169
SO77896,DIS_MON-1012,20594,1,20251031,20251105,20251113,4423,1,4423
SO77897,ACC_CAB-1017,26228,7,20251021,20251028,20251031,109,1,109
SO77897,ACC_CAS-1003,26228,7,20251021,20251028,20251031,1344,2,672
SO77898,MOB_SWA-1008,23312,6,20251022,20251028,20251103,40797,3,13599
SO77899,GAM_CTR-1004,25434,5,20251013,20251020,20251027,13218,3,4406
SO77899,DIS_MON-1002,25434,5,20251013,20251020,20251027,33102,2,16551
SO77900,ACC_CAS-1011,23602,1,20251021,20251027,20251107,1466,2,733
SO77901,GAM_CTR-1015,26039,4,20251009,20251017,20251025,8530,2,4265
SO77901,COM_RAM-1006,26039,4,20251009,20251017,20251025,3584,2,1792
SO77902,GAM_CTR-1007,26947,5,20251008,0,20251026,8342,2,4171
SO77902,COM_MTB-1004,26947,5,20251008,20251018,20251026,39732,3,13244
SO77902,MOB_SMP-1001,26947,5,20251008,20251018,20251026,46734,1,46734
SO77902,MOB_SMP-1001,26947,5,20251008,20251018,20251026,48850,1,48850
SO77903,GAM_ACC-1010,26656,7,20251006,20251013,20251019,3470,2,1735
SO77904,GAM_CTR-1009,20692,7,20251021,20251024,20251105,7209,3,2403
SO77904,GAM_ACC-1020,20692,7,20251021,20251024,20251105,7821,3,2607
SO77904,MOB_TAB-1006,20692,7,20251021,20251024,20251105,26172,3,8724
SO77905,COM_MTB-1004,24498,2,20251008,20251012,20251022,14775,1,14775
SO77906,GAM_ACC-1008,22210,4,20251009,20251019,20251029,3446,1,3446
SO77907,MOB_SWA-1007,26318,1,20251008,20251018,20251026,13606,2,6803
SO77908,ACC_PWB-1007,20528,5,20251003,0,20251017,2774,1,0
SO77909,COM_LAP-1003,20333,6,20251016,20251018,20251028,35421,1,35421
SO77910,MOB_SWA-1012,23804,4,20251006,20251014,20251020,24486,2,12243
SO77911,ACC_CAB-1006,22042,4,20251023,20251030,20251104,297,1,297
SO77912,DIS_TVS-1003,23689,5,20251009,20251014,20251028,15603,1,15603
SO77913,GAM_CON-1010,20393,2,20251031,20251104,20251115,54728,2,27364
SO77914,COM_RAM-1013,25982,7,20251021,20251023,20251110,3542,2,1771
SO77914,ACC_CAB-1011,25982,7,20251021,20251023,20251110,1230,3,410
SO77915,ACC_PWB-1013,21311,1,20251016,20251018,20251027,584,1,584
SO77916,MOB_SWA-1007,24071,1,20251006,20251014,20251024,6623,1,6623
SO77916,MOB_SMP-1001,24071,1,20251006,20251014,20251024,52177,1,52177
SO77916,MOB_SMP-1004,24071,1,20251006,20251014,20251024,16809,1,16809
SO77916,GAM_CTR-1016,24071,1,20251006,20251014,20251024,2992,1,2992
SO77916, COM_LAP-1001,24071,1,20251006,20251014,20251024,106752,2,53376
SO77916,ACC_CHG-1006,24071,1,20251006,20251014,20251024,933,1,933
SO77916,GAM_CTR-1005,24071,1,20251006,20251014,20251024,2127,1,2127
SO77917,COM_STR-1003,25141,6,20251014,20251023,20251029,15488,2,7744
SO77917,COM_MTB-1004,25141,6,20251014,20251023,20251029,28322,2,14161
SO77917,DIS_TVS-1003,25141,6,20251014,20251023,20251029,30852,2,15426
SO77918,ACC_CAS-1010,20134,7,20251017,20251025,20251031,774,2,387
SO77919,COM_RAM-1012,25301,6,20251021,20251025,20251103,4386,1,4386
SO77919,ACC_CHG-1008,25301,6,20251021,20251025,20251103,1960,2,980
SO77920,COM_GPU-1005,20119,2,20251016,20251025,20251027,87966,3,29322
SO77921,MOB_TAB-1005,21292,4,20251006,20251009,20251018,34143,2,16889
SO77921,MOB_TAB-1005,21292,4,20251006,20251009,20251018,16521,1,16521
SO77922,MOB_SWA-1008,24494,3,20251021,20251030,20251103,13738,1,13738
SO77923,GAM_ACC-1011,22860,4,20251009,20251012,20251021,3202,2,1601
SO77924,GAM_ACC-1002,25914,5,20251006,20251010,20251020,2402,2,1201
SO77924,ACC_CHG-1015,25914,5,20251006,20251010,20251020,1087,1,1087
SO77925,MOB_SMP-1006,23592,1,20251005,20251007,20251023,2482,2,1241
SO77926, ACC_CAS-1014,20851,4,20251003,20251012,20251018,697,1,697
SO77927,GAM_CTR-1004,24350,1,20251008,20251017,20251023,9072,2,4536
SO77927,ACC_CAS-1002,24350,1,20251008,20251017,20251023,488,1,488
SO77927,COM_MTB-1003,24350,1,20251008,20251017,20251023,15046,2,7523
SO77928,COM_STR-1001,25792,6,20251011,20251021,20251027,16132,2,8066
SO77929,GAM_ACC-1011,21529,6,20251008,20251016,20251025,1696,1,1696
SO77930,DIS_TVS-1009,,4,0,20251018,20251026,15093,1,15093
SO77931,COM_DSK-1014,25107,5,20251013,20251017,20251026,70943,1,70943
SO77932,DIS_MON-1010,22753,2,20251021,20251030,20251108,28148,2,14074
SO77933,MOB_SWA-1004,26481,1,20251031,20251104,20251114,31408,2,15704
SO77934,ACC_CHG-1014,21859,5,20251003,20251008,20251020,1323,3,0
SO77934,COM_GPU-1001,21859,5,20251003,20251008,20251020,73568,2,36784
SO77935,GAM_ACC-1003,21928,3,20251010,20251012,20251030,3193,1,3193
SO77935,GAM_CTR-1001,21928,3,20251010,20251012,20251030,3716,1,3716
SO77936,COM_LAP-1013,26920,4,20251029,20251105,20251115,41657,1,41657
SO77936,GAM_CTR-1005,26920,4,20251029,20251105,20251115,2286,1,2286
SO77937,MOB_TAB-1011,21363,5,20251013,20251019,20251030,68532,3,22844
SO77938,MOB_TAB-1011,22008,3,20251018,20251022,20251030,45018,2,22509
SO77939,COM_RAM-1005,21893,6,20251030,0,20251110,13419,3,4473
SO77939,ACC_CHG-1002,21893,6,20251030,20251105,20251110,1506,3,502
SO77939,MOB_TAB-1001,21893,6,20251030,20251105,20251110,11297,1,11297
SO77940,DIS_TVS-1004,22954,5,20251002,20251007,20251017,106538,2,53269
SO77940,ACC_CAS-1012,22954,5,20251002,20251007,20251017,2372,2,1186
SO77940,COM_MTB-1001,22954,5,20251002,20251007,20251017,7649,1,7649
SO77941,COM_LAP-1013,20669,1,20251024,20251026,20251103,81198,2,40457
SO77941,COM_RAM-1004,20669,1,20251024,20251026,20251103,3950,1,0
SO77942,MOB_TAB-1001,26458,4,20251019,20251021,20251030,25158,2,12579
SO77943,COM_LAP-1002,23694,2,20251017,20251026,20251102,103344,1,103344
SO77944,ACC_CAB-1014,22771,4,20251021,20251028,20251102,21,1,309
SO77944,COM_MTB-1001,22771,4,20251021,20251028,20251102,8449,1,8449
SO77944,GAM_CTR-1011,22771,4,20251021,20251028,20251102,1639,1,1639
SO77945,COM_STR-1018,24738,4,20251031,20251102,20251115,13434,2,6717
SO77945,COM_RAM-1015,24738,4,20251031,20251102,20251115,6152,2,3076
SO77946,COM_DSK-1010,26693,2,20251007,20251010,20251024,1248,1,1248
SO77947,COM_STR-1018,26374,1,0,20251011,20251024,7355,1,7355
SO77948,GAM_CON-1020,21718,7,20251024,20251103,20251109,28817,1,28817
SO77948,MOB_SWA-1001,21718,7,20251024,20251103,20251109,12326,1,12326
SO77949,COM_GPU-1002,27973,3,20251024,20251031,20251107,104004,2,52002
SO77950, COM_STR-1009,22694,1,20251012,20251015,20251029,5190,1,5190
SO77950,ACC_CAB-1012,22694,1,20251012,20251015,20251029,362,1,362
SO77950,MOB_TAB-1012,22694,1,20251012,20251015,20251029,36341,1,36341
SO77950,ACC_PWB-1011,22694,1,20251012,20251015,20251029,2776,1,2776
SO77950,COM_GPU-1012,22694,1,20251012,20251015,20251029,29858,1,29858
SO77950,COM_STR-1002,22694,1,20251012,20251015,20251029,14594,2,7297
SO77951,COM_RAM-1011,21173,6,20251015,20251019,20251028,6300,3,-2100
SO77952,COM_STR-1006,23664,6,20251025,20251102,20251109,5538,1,5538
SO77953,COM_RAM-1004,20053,5,20251031,20251104,20251120,3858,1,3858
SO77954,ACC_CAS-1015,25915,3,20251012,20251017,20251027,490,2,245
SO77955,ACC_CAS-1010,23790,6,20251015,20251022,20251104,818,2,409
SO77955,GAM_CTR-1015,23790,6,20251015,20251022,20251104,4232,1,4232
SO77955,COM_DSK-1018,23790,6,20251015,20251022,20251104,33983,1,33983
SO77955,COM_DSK-1011,23790,6,20251015,20251022,20251104,36618,2,18309
SO77956,GAM_ACC-1008,26517,6,20251012,20251016,20251025,3317,1,-3317
SO77957,ACC_PWB-1007,21637,4,20251030,20251105,20251119,5832,2,2916
SO77957, DIS_TVS-1011,21637,4,20251030,20251105,20251119,118342,2,59171
SO77958,MOB_SWA-1017,20715,7,20251031,20251109,20251111,13616,1,13616
SO77958,MOB_SWA-1001,20715,7,20251031,20251109,20251111,38301,3,12767
SO77959,GAM_CON-1020,20484,3,20251031,20251109,20251116,29462,1,29462
SO77959,GAM_CON-1020,20484,3,20251031,20251109,20251116,29683,1,29683
SO77959,COM_MTB-1004,20484,3,20251031,20251109,20251116,27542,2,13771
SO77960,COM_GPU-1006,25471,6,20251029,20251104,20251114,69273,1,69273
SO77961,MOB_SMP-1004,25713,1,20251002,20251011,20251019,17125,1,17125
SO77961,ACC_CHG-1008,25713,1,20251002,20251011,20251019,1982,2,991
SO77962,ACC_PWB-1010,22266,6,20251009,20251013,20251028,4980,2,2490
SO77963,ACC_CAS-1009,25334,5,20251003,20251005,20251018,1230,2,615
SO77963,MOB_SMP-1003,25334,5,20251003,20251005,20251018,,2,22008
SO77964,MOB_SMP-1012,22464,3,20251028,20251107,20251110,1253,1,1253
SO77965,COM_GPU-1002,21103,4,20251018,20251025,20251028,47454,1,47454
SO77966,MOB_SWA-1013,22048,4,20251018,20251027,20251102,36297,3,12099
SO77966,COM_STR-1015,22048,4,20251018,20251027,20251102,1425,1,1425
SO77967,GAM_ACC-1011,24360,5,20251024,20251029,20251103,1688,1,1688
SO77968,COM_STR-1009,26057,5,20251031,20251107,20251116,10828,2,5414
SO77969,COM_MTB-1005,25024,2,20251013,20251018,20251031,2383,1,2383
SO77970,GAM_CON-1006,21749,7,20251003,20251013,20251018,79425,3,26475
SO77971,COM_LAP-1004,22651,7,20251028,20251101,20251107,69601,1,69514
SO77971,COM_RAM-1009,22651,7,20251028,20251101,20251107,3345,1,3300
SO77972,MOB_SWA-1003,25485,3,20251012,20251021,20251027,2265,1,2265
SO77973,COM_STR-1007,26691,5,20251014,20251023,20251027,8646,1,8646
SO77974,ACC_CHG-1008,22584,6,0,20251021,20251026,931,1,931
SO77974,COM_DSK-1017,22584,6,20251012,20251021,20251026,69055,1,69055
SO77974,GAM_CTR-1009,22584,6,20251012,20251021,20251026,5372,2,2686
SO77975,DIS_TVS-1003,26962,3,20251017,20251027,20251031,33950,2,16975
SO77976,COM_RAM-1007,22969,2,20251016,20251024,20251105,3188,1,3188
SO77976,GAM_CTR-1015,22969,2,20251016,20251024,20251105,4412,1,4412
SO77976,MOB_SWA-1009,22969,2,20251016,20251024,20251105,8221,1,8221
SO77977,COM_STR-1016,24497,1,20251009,20251017,20251028,18342,3,6114
SO77977,MOB_SMP-1012,24497,1,20251009,20251017,20251028,1309,1,1309
SO77977,GAM_CTR-1005,24497,1,20251009,20251017,20251028,2173,1,2173
SO77977,GAM_CTR-1012,24497,1,20251009,20251017,20251028,2155,1,2155
SO77977,MOB_TAB-1005,24497,1,20251009,20251017,20251028,31588,2,15794
SO77978,COM_DSK-1018,23385,2,20251003,20251007,20251017,32552,1,32552
SO77978,MOB_SWA-1006,23385,2,20251003,20251007,20251017,13987,1,13987
SO77979,COM_DSK-1001,21219,5,20251003,20251012,20251015,15776,1,15776
SO77979,COM_STR-1001,21219,5,20251003,20251012,20251015,8194,1,8445
SO77979,COM_STR-1017,21219,5,20251003,20251012,20251015,25500,3,8500
SO77979,COM_STR-1015,21219,5,20251003,20251012,20251015,2738,2,1369
SO77979,COM_RAM-1011,21219,5,0,20251012,20251015,2095,1,2095
SO77980,ACC_CAS-1004,24493,7,20251016,20251019,20251102,1177,1,1177
SO77981, MOB_SWA-1002,26651,2,20251004,20251007,20251018,21920,2,10960
SO77982,COM_RAM-1005,24016,2,20251024,20251029,20251105,4234,1,4234
SO77983,MOB_SMP-1004,20253,2,20251024,20251030,20251103,52623,3,17541
SO77983,COM_LAP-1007,20253,2,20251024,20251030,20251103,98294,1,98294
SO77983,GAM_CTR-1014,20253,2,20251024,20251030,20251103,1220,1,1220
SO77983, COM_STR-1002,20253,2,20251024,20251030,20251103,21954,3,7318
SO77984,DIS_TVS-1007,22338,4,20251007,0,20251018,42286,2,21143
SO77985,MOB_SMP-1010,21220,7,20251011,20251021,20251026,9524,2,4762
SO77985, MOB_SMP-1001,21220,7,20251011,20251021,20251026,155799,3,51933
SO77986,DIS_TVS-1009,20970,4,20251002,20251010,20251014,32078,2,16039
SO77987, GAM_ACC-1015,22320,4,0,20251109,20251112,4294,1,4294
SO77988,COM_STR-1012,27091,2,20251006,20251009,20251019,19350,2,9675
SO77989,COM_LAP-1001,20287,5,20251029,20251108,20251110,111864,2,55932
SO77990,COM_STR-1015,20003,3,20251024,20251026,20251103,3076,2,1538
SO77990,ACC_CHG-1015,20003,3,20251024,20251026,20251103,961,1,961
SO77991,GAM_CTR-1014,20452,7,20251011,20251014,20251030,2560,2,1280
SO77992,COM_STR-1007,24663,1,20251012,20251022,20251031,7656,1,7656
SO77993,DIS_TVS-1010,24779,2,20251001,20251008,20251020,82316,2,41158
SO77994,COM_MTB-1003,24297,5,20251025,20251031,20251114,15524,2,7762
SO77995,COM_GPU-1011,26516,1,20251025,20251030,20251112,36431,1,36431
SO77996,GAM_ACC-1004,22406,2,20251011,20251014,20251021,630,1,630
SO77996,MOB_SWA-1007,22406,2,20251011,20251014,20251021,20175,3,6725
SO77996,ACC_CAB-1001,22406,2,20251011,20251014,20251021,510,2,255
SO77997,COM_LAP-1008,21686,6,20251010,20251015,20251026,39979,1,39979
SO77997,MOB_TAB-1006,21686,6,20251010,20251015,20251026,23592,3,7864
SO77997,GAM_CTR-1002,21686,6,20251010,20251015,20251026,1793,1,1793
SO77998,MOB_SMP-1003,20220,2,20251015,20251023,20251028,22694,1,22694
SO77998,ACC_CAS-1009,20220,2,20251015,20251023,20251028,2052,3,684
SO77999,COM_DSK-1012,23404,2,20251003,20251008,20251016,121724,2,60862
SO77999,ACC_CHG-1013,23404,2,20251003,20251008,20251016,770,1,770
SO78000,COM_RAM-1015,20326,4,20251011,20251019,20251026,6408,2,3204
SO78001,COM_LAP-1006,23923,5,20251031,20251104,20251120,78280,1,78280
SO78002,GAM_ACC-1009,23670,5,20251004,20251013,20251021,8199,3,2733
SO78002,GAM_CON-1007,23670,5,20251004,20251013,20251021,41476,2,20738
SO78002,COM_LAP-1010,23670,5,20251004,20251013,20251021,134990,2,67495
SO78003,ACC_PWB-1002,26185,3,20251019,20251027,20251108,653,1,653
SO78004,ACC_CHG-1007,21524,6,20251007,20251011,20251018,1165,1,1165
SO78005,DIS_TVS-1012,26633,1,20251022,20251031,20251103,177627,3,59209
SO78005,COM_LAP-1001,26633,1,20251022,20251031,20251103,55091,1,55091
SO78006,ACC_CAS-1006,24041,3,20251002,20251006,20251015,392,2,196
SO78006,COM_GPU-1002,24041,3,20251002,20251006,20251015,102608,2,51304
SO78007,MOB_SMP-1001,22123,5,20251002,20251007,20251012,51445,1,51445
SO78008,ACC_CAS-1004,25888,2,20251021,20251031,20251104,1181,1,1181
SO78009,COM_LAP-1010,24171,3,20251009,20251019,20251019,64551,1,64551
SO78010,ACC_CAB-1017,21113,5,20251024,20251031,20251113,110,1,110
SO78011,GAM_ACC-1003,23413,7,20251017,20251019,20251104,3096,1,3096
SO78011,COM_RAM-1001,23413,7,20251017,20251019,20251104,4316,1,3992
SO78011,COM_RAM-1008,23413,7,20251017,20251019,20251104,3745,1,3745
SO78012,GAM_CON-1013,,3,20251007,20251016,20251018,77058,3,25686
SO78012,COM_MTB-1005,21084,3,20251007,20251016,20251018,4986,2,2493
SO78013,GAM_CON-1009,22852,1,20251009,20251014,20251023,22235,1,22235
SO78013,MOB_SMP-1002,22852,1,20251009,20251014,20251023,37778,2,18889
SO78014,GAM_CTR-1014,22318,5,20251025,20251031,20251111,1304,1,1304
SO78015,COM_LAP-1005,20974,3,20251020,20251023,20251101,107468,1,107468
SO78016,COM_RAM-1003,21154,7,20251025,20251102,20251111,1495,1,1495
SO78016,COM_DSK-1015,21154,7,20251025,20251102,20251111,39435,1,39435
SO78017,GAM_ACC-1011,24261,2,20251001,20251011,20251011,1491,1,1491
SO78017,DIS_MON-1001,24261,2,20251001,20251011,20251011,14108,1,14108
SO78018,ACC_CAS-1014,25937,1,20251002,0,20251013,668,1,668
SO78019,DIS_TVS-1009,22759,4,20251018,20251024,20251029,15414,1,15414
SO78020,ACC_CAB-1010,25883,5,20251021,20251025,20251101,437,1,437
SO78020,COM_RAM-1006,25883,5,20251021,20251025,20251101,1953,1,1953
SO78021,MOB_SWA-1002,23867,6,20251019,20251021,20251102,23642,2,11821
SO78022,GAM_CON-1009,26347,4,20251027,20251030,20251113,20616,1,0
SO78022,DIS_TVS-1007,26347,4,20251027,20251030,20251113,39774,2,19887
SO78022,COM_RAM-1005,26347,4,20251027,20251030,20251113,8294,2,4147
SO78022,GAM_CON-1008,26347,4,20251027,0,20251113,38498,2,19249
SO78023,GAM_CON-1001,27120,1,20251013,20251022,20251023,54096,2,27048
SO78023,COM_DSK-1004,27120,1,20251013,20251022,20251023,25724,1,25724
SO78023,GAM_ACC-1009,27120,1,20251013,20251022,20251023,5498,2,2749
SO78024,ACC_PWB-1013,25509,5,20251005,20251012,20251018,605,1,-605
SO78025,GAM_ACC-1006,20124,2,20251004,20251014,20251018,3040,1,3040
SO78026,GAM_CON-1007,26811,1,20251017,20251021,20251106,22255,1,22255
SO78027,MOB_SWA-1005,20570,1,20251030,20251109,20251109,12281,1,12281
SO78028,ACC_CAS-1003,23608,6,20251005,20251007,20251022,627,1,627
SO78029,ACC_PWB-1007,21631,4,20251002,20251007,20251017,5830,2,2915
SO78030,DIS_TVS-1006,20387,4,20251014,20251020,20251102,134314,2,67157
SO78031,GAM_ACC-1010,27172,4,20251008,20251016,20251028,1707,1,1707
SO78031,ACC_PWB-1010,27172,4,20251008,20251016,20251028,2668,1,2668
SO78031,GAM_CTR-1005,27172,4,20251008,20251016,20251028,6849,3,2283
SO78032,ACC_CAB-1001,24255,7,20251009,20251019,20251028,490,2,245
SO78033,COM_DSK-1018,21364,3,20251010,20251012,20251027,70270,2,35135
SO78033,ACC_CAB-1008,21364,3,20251010,20251012,20251027,295,1,295
SO78034,DIS_TVS-1008,20381,1,20251028,20251101,20251108,207051,3,69017
SO78034,ACC_CAS-1003,20381,1,20251028,20251101,20251108,675,1,675
SO78035,MOB_SWA-1006,21799,1,20251014,20251022,20251102,25510,2,12755
SO78036,GAM_ACC-1008,22753,1,20251010,20251014,20251020,3290,1,3290
SO78037,MOB_TAB-1006,23720,5,20251023,20251101,20251111,8996,1,8996
SO78038,COM_GPU-1004,20983,4,20251007,20251016,20251020,33257,1,33257
SO78038,GAM_CON-1020,20983,4,20251007,20251016,20251020,57850,2,28925
SO78038,DIS_MON-1006,20983,4,20251007,20251016,20251020,20431,1,20431
SO78039,COM_STR-1016,24771,6,20251010,20251017,20251027,11090,2,0
SO78040,ACC_CAB-1008,23910,1,20251016,20251024,20251102,426,3,299
SO78041,ACC_CAS-1014,25145,6,20251027,20251103,20251110,604,1,604
SO78042, MOB_SWA-1015,27232,3,20251010,20251015,20251020,27476,2,13738
SO78042,GAM_ACC-1015,27232,3,20251010,20251015,20251020,8596,2,4298
SO78042,DIS_TVS-1006,27232,3,20251010,20251015,20251020,64725,1,64725
SO78042,GAM_CON-1015,27232,3,20251010,20251015,20251020,81738,3,27246
SO78043, GAM_CTR-1013,26339,4,20251025,20251031,20251104,1067,1,1067
SO78044,ACC_CAB-1018,21244,6,20251022,20251028,20251102,1247,1,1247
SO78044,COM_RAM-1009,21244,6,20251022,20251028,20251102,6384,2,3192
SO78045,MOB_SWA-1012,24129,4,20251010,20251015,20251028,11692,1,11692
SO78046,MOB_SWA-1013,25439,5,20251005,20251013,20251019,38829,3,12943
SO78046,ACC_CAS-1013,25439,5,20251005,20251013,20251019,810,2,0
SO78047,DIS_TVS-1013,23067,4,20251024,20251030,20251111,35889,1,35889
SO78048,ACC_PWB-1001,22122,2,20251030,20251101,20251113,1627,1,1627
SO78048,GAM_ACC-1001,22122,2,20251030,20251101,20251113,5097,3,1699
SO78048,COM_STR-1011,22122,2,20251030,20251101,20251113,8371,1,8773
SO78048,GAM_ACC-1020,22122,2,20251030,20251101,20251113,2499,1,2550
SO78049,COM_GPU-1002,26550,2,20251019,20251028,20251030,,1,48936
SO78050,ACC_CHG-1014,20689,7,20251025,20251101,20251105,1191,3,397
SO78051,ACC_CHG-1015,25184,1,20251012,20251015,20251024,1034,1,1034
SO78051,GAM_CON-1010,25184,1,20251012,20251015,20251024,27888,1,27888
SO78052,ACC_CHG-1004,26744,6,20251027,20251030,20251114,865,1,865
SO78052,MOB_SWA-1004,26744,6,20251027,20251030,20251114,27988,2,13994
SO78053,COM_RAM-1015,23766,5,0,20251011,20251025,5750,2,2875
SO78053,COM_DSK-1017,23766,5,0,20251011,20251025,148054,2,74027
SO78053,GAM_CTR-1003,23766,5,20251007,20251011,20251025,10659,3,3553
SO78053,COM_MTB-1001,23766,5,20251007,0,20251025,23250,3,7750
SO78054,ACC_PWB-1003,27349,4,20251018,20251024,20251101,7704,3,2568
SO78055,GAM_ACC-1013,24140,6,20251013,20251018,20251025,3812,2,1906
SO78056,COM_DSK-1006,27280,5,20251014,20251019,20251024,57273,1,0
SO78057,ACC_CAS-1010,,3,20251004,20251013,20251021,1131,3,377
SO78057,MOB_SMP-1008,,3,20251004,20251013,20251021,34194,2,17097
SO78058,COM_MTB-1003,22437,5,20251003,20251006,20251021,7418,1,7418
SO78058,COM_STR-1007,22437,5,20251003,20251006,20251021,7933,1,7933
SO78058,COM_DSK-1011,22437,5,20251003,0,20251021,38404,2,19202
SO78058,MOB_SWA-1019,22437,5,20251003,20251006,20251021,31446,3,10482
SO78059,GAM_CON-1009,23797,4,20251030,20251107,20251109,19589,1,19589
SO78060,ACC_PWB-1009,20437,4,20251013,20251015,20251026,737,1,737
SO78061, GAM_CON-1010,22481,7,20251030,20251109,20251115,55416,2,27708
SO78062,ACC_CAB-1005,20297,1,20251023,20251101,20251102,484,2,242
SO78063,COM_DSK-1016,22703,4,20251023,20251026,20251111,17276,1,17276
SO78063,MOB_SWA-1006,22703,4,20251023,20251026,20251111,27492,2,13746
SO78063,COM_STR-1002,22703,4,20251023,20251026,20251111,22431,3,7477
SO78063,MOB_SWA-1011,22703,4,20251023,20251026,20251111,4331,1,4331
SO78064,DIS_TVS-1003,22454,6,20251016,20251024,20251101,31514,2,15757
SO78065,GAM_CTR-1011,27666,6,20251022,20251028,20251105,2964,2,1482
SO78066,COM_DSK-1006,24039,3,20251020,20251030,20251104,108922,2,54374
SO78067,GAM_CON-1002,23981,4,20251014,20251016,20251031,48460,2,24230
SO78067, ACC_CHG-1005,23981,4,20251014,20251016,20251031,980,1,980
SO78068,ACC_CAB-1005,20064,5,20251002,20251004,20251022,255,1,255
SO78069,GAM_CON-1013,20085,5,20251002,20251009,20251014,29784,1,29760
SO78070,COM_STR-1010,22098,3,20251021,20251027,20251101,17550,2,8775
SO78071,COM_RAM-1010,20127,6,20251031,20251110,20251110,1398,1,1398
SO78072,ACC_PWB-1005,25894,3,20251009,20251018,20251025,1656,2,828
SO78073,COM_DSK-1017,24023,2,20251006,20251008,20251020,70401,1,70401
SO78074,DIS_TVS-1008,25729,3,20251021,20251028,20251106,68004,1,68004
SO78075,GAM_CTR-1008,20795,4,20251015,20251023,20251103,8703,3,2901
SO78075,GAM_CTR-1006,20795,4,20251015,20251023,20251103,9528,2,4764
SO78076,COM_STR-1009,21347,3,20251002,20251012,20251018,9988,2,4994
SO78077,COM_STR-1016,22753,2,20251005,20251010,20251025,5574,1,5574
SO78078,GAM_ACC-1010,24357,4,20251026,20251029,20251110,3252,2,1626
SO78079,COM_LAP-1004,23570,5,20251026,20251102,20251112,66753,1,66753
SO78079,GAM_CON-1019,23570,5,20251026,20251102,20251112,2676,2,1338
SO78079,MOB_SWA-1018,23570,5,20251026,20251102,20251112,11160,1,11160
SO78080,GAM_ACC-1008,25832,6,20251025,20251027,20251110,6080,2,3040
SO78081,MOB_TAB-1007,27151,3,20251027,20251104,20251109,14654,2,7327
SO78082,MOB_TAB-1009,24704,1,20251014,20251017,20251027,27947,1,27947
SO78082,COM_LAP-1004,24704,1,20251014,20251017,20251027,201870,3,67290
SO78082,GAM_CTR-1004,24704,1,20251014,20251017,20251027,4232,1,4232
SO78082,GAM_ACC-1004,24704,1,20251014,20251017,20251027,695,1,695
SO78082,COM_STR-1011,24704,1,20251014,20251017,20251027,8568,1,8568
SO78083,MOB_SWA-1010,24271,7,20251028,20251103,20251112,9924,1,9924
SO78083,COM_STR-1007,24271,7,20251028,20251103,20251112,16378,2,8189
SO78083,DIS_MON-1005,24271,7,20251028,20251103,20251112,21144,1,21144
SO78084,ACC_CAS-1006,25161,2,20251005,20251013,20251021,412,2,206
SO78084,GAM_CON-1016,25161,2,20251005,20251013,20251021,33987,3,11329
SO78085,COM_RAM-1013,20157,7,20251006,20251014,20251016,1601,1,1601
SO78086,MOB_SMP-1007,23266,3,20251025,20251029,20251114,11349,1,11349
SO78086,ACC_CHG-1014,23266,3,20251025,20251029,20251114,428,1,428
SO78087,COM_LAP-1013,20648,1,20251004,20251008,20251024,44984,1,44984
SO78088,DIS_MON-1006,22872,3,20251020,20251030,20251031,40046,2,20023
SO78089,ACC_CHG-1008,26869,7,20251012,20251015,20251101,2811,3,937
SO78090,MOB_SWA-1003,23772,3,20251012,20251019,20251027,4398,2,0
SO78090,ACC_CHG-1002,23772,3,20251012,0,20251027,1082,2,541
SO78090,COM_LAP-1004,23772,3,20251012,20251019,20251027,123490,2,61676
SO78090,MOB_TAB-1004,23772,3,20251012,20251019,20251027,11127,1,11217
SO78091,MOB_TAB-1004,21495,2,20251016,20251020,20251028,11822,1,11822
SO78092,ACC_CHG-1001,25011,6,20251031,20251104,20251112,559,1,559
SO78093,GAM_ACC-1003,24959,7,20251011,20251020,20251025,6394,2,3197
SO78093,ACC_CAS-1009,24959,7,20251011,20251020,20251025,662,1,662
SO78094,COM_RAM-1013,24475,7,20251030,20251102,20251117,3444,2,1722
SO78095,COM_STR-1010,26458,7,20251030,20251107,20251109,10144,1,10144
SO78095,COM_MTB-1006,26458,7,20251030,20251107,20251109,2566,1,2566
SO78095,MOB_TAB-1006,26458,7,20251030,20251107,20251109,9112,1,9112
SO78095,ACC_CAB-1014,26458,7,20251030,20251107,20251109,897,3,299
SO78095,MOB_SMP-1010,26458,7,20251030,20251107,20251109,12918,3,4306
SO78096,COM_DSK-1011,22619,4,20251030,20251108,20251118,34924,2,17462
SO78096,COM_GPU-1006,22619,4,20251030,20251108,20251118,68582,1,68582
SO78097,GAM_CON-1010,22196,3,20251019,20251023,20251104,28829,1,28829
SO78098,MOB_SWA-1013,21194,5,20251030,20251108,20251110,40623,3,13541
SO78098,DIS_TVS-1008,21194,5,20251030,20251108,20251110,68322,1,68322
SO78098,ACC_CAS-1001,21194,5,20251030,20251108,20251110,384,2,192
SO78099,COM_LAP-1011,22484,4,20251002,20251006,20251015,100710,2,50355
SO78099,ACC_CAB-1018,22484,4,20251002,20251006,20251015,3780,3,1260
SO78099,COM_GPU-1007,22484,4,20251002,20251006,20251015,3492,3,1164
SO78099,ACC_CAB-1011,22484,4,20251002,20251006,20251015,742,2,371
SO78099,ACC_CAB-1008,22484,4,20251002,20251006,20251015,546,2,273
SO78100,ACC_CHG-1002,26079,4,20251016,20251024,20251027,1677,3,559
SO78101,MOB_SWA-1012,24275,6,20251029,20251031,20251111,23280,2,11640
SO78102,COM_LAP-1012,23244,3,20251001,20251007,20251013,73533,1,73533
SO78102,ACC_PWB-1012,23244,3,20251001,20251007,20251013,4644,2,2322
SO78103,ACC_CAS-1007,23028,4,20251020,20251028,20251102,532,2,266
SO78103,ACC_CAS-1015,23028,4,20251020,20251028,20251102,522,2,261
SO78103,MOB_SWA-1003,23028,4,20251020,20251028,20251102,2377,1,2377
SO78104,MOB_SMP-1002,25420,1,20251023,20251028,20251103,17684,1,17684
SO78104,DIS_MON-1008,25420,1,20251023,20251028,20251103,23670,1,23670
SO78105,COM_LAP-1013,23579,5,0,20251022,20251102,90688,2,45344
SO78105,COM_LAP-1005,23579,5,20251019,20251022,20251102,93662,1,93662
SO78105,MOB_SWA-1015,23579,5,20251019,20251022,20251102,13501,1,13501
SO78106,COM_GPU-1010,23092,5,20251024,20251029,20251107,74349,1,74349
SO78107,DIS_TVS-1002,23077,2,20251009,20251018,20251024,39698,2,19849
SO78107,COM_STR-1010,23077,2,20251009,20251018,20251024,,1,9841
SO78108,COM_STR-1009,22158,3,20251007,20251012,20251026,10780,2,5390
SO78109,MOB_TAB-1010,20608,5,20251005,20251014,20251015,15495,1,15495
SO78110,COM_RAM-1013,25545,2,20251028,20251106,20251113,1685,1,1685
SO78110,GAM_CTR-1001,25545,2,20251028,20251106,20251113,7756,2,3878
SO78110,ACC_CHG-1006,25545,2,20251028,20251106,20251113,845,1,845
SO78111,GAM_CON-1020,20588,7,20251018,20251024,20251029,54186,2,27093
SO78112, COM_STR-1009,26583,2,20251001,20251009,20251020,5556,1,5556
SO78113,MOB_TAB-1010,22290,1,20251005,20251015,20251023,47061,3,15687
SO78114,COM_MTB-1003,26948,2,20251019,20251025,20251104,7948,1,7948
SO78114,MOB_TAB-1008,26948,2,20251019,20251025,20251104,20675,1,20675
SO78115,COM_RAM-1009,27027,1,20251031,20251109,20251115,3640,1,3640
SO78115,COM_GPU-1010,27027,1,20251031,20251109,20251115,150514,2,75257
SO78116,COM_DSK-1016,24283,3,20251024,20251101,20251104,16733,1,16733
SO78117,COM_DSK-1014,23404,5,20251013,20251015,20251025,129598,2,64799
SO78117,COM_MTB-1005,23404,5,20251013,20251015,20251025,2463,1,2463
SO78118,DIS_MON-1012,23391,5,20251028,20251105,20251114,4339,1,4339
SO78119,GAM_ACC-1005,24305,2,20251001,20251005,20251011,1308,1,1308
SO78120,ACC_PWB-1006,20176,6,20251010,20251012,20251020,5304,3,1768
SO78121,GAM_CTR-1004,25010,4,20251022,20251027,20251103,9292,2,4646
SO78122,GAM_ACC-1012,20770,2,20251020,20251028,20251109,6258,3,2086
SO78122,ACC_CAB-1018,20770,2,20251020,20251028,20251109,1340,1,1340
SO78123,ACC_CHG-1007,21305,6,20251005,20251014,20251015,2206,2,1103
SO78124,DIS_TVS-1001,26148,7,20251004,20251011,20251016,21876,2,10938
SO78124,MOB_SWA-1006,26148,7,20251004,20251011,20251016,27728,2,13864
SO78125,DIS_TVS-1002,27335,3,20251019,20251021,20251107,18556,1,18556
SO78125,COM_RAM-1015,27335,3,20251019,20251021,20251107,3161,1,3161
SO78126, MOB_SMP-1006,20178,7,20251005,20251008,20251016,3714,3,1238
SO78127,MOB_TAB-1004,26924,5,20251023,20251031,20251111,34029,3,11343
SO78128,COM_LAP-1005,25840,7,20251005,20251009,20251020,213734,2,107033
SO78129,ACC_CAB-1011,24016,6,20251010,20251015,20251022,395,1,395
SO78129,ACC_CAB-1017,24016,6,20251010,20251015,20251022,336,3,112
SO78129,DIS_TVS-1010,24016,6,20251010,20251015,20251022,37990,1,37990
SO78130,GAM_ACC-1011,22122,4,20251016,20251021,20251103,1649,1,1649
SO78131,MOB_SWA-1002,21245,5,20251009,20251012,20251026,23096,2,11548
SO78132,COM_GPU-1005,27003,3,20251026,20251104,20251113,56738,2,28369
SO78133,MOB_SMP-1012,21096,3,20251002,20251008,20251015,1204,1,1204
SO78134,COM_GPU-1008,20899,3,20251024,20251030,20251112,132459,3,44153
SO78135,ACC_PWB-1011,21334,5,20251009,20251014,20251028,8361,3,2787
SO78136,DIS_MON-1011,22768,3,20251007,20251011,20251019,28614,2,14307
SO78136,COM_STR-1010,22768,3,20251007,20251011,20251019,9011,1,9011
SO78136,GAM_CON-1008,22768,3,20251007,20251011,20251019,18808,1,18808
SO78137,ACC_CHG-1004,22174,3,20251010,20251012,20251020,796,1,796
SO78137,ACC_PWB-1011,22174,3,20251010,20251012,20251020,2867,1,2867
SO78138,ACC_CHG-1001,25761,7,20251028,20251106,20251116,567,1,567
SO78139,COM_LAP-1008,20663,4,20251014,20251023,20251025,41606,1,41606
SO78139, COM_LAP-1004,20663,4,20251014,20251023,20251025,135742,2,68033
SO78140,COM_GPU-1002,23876,5,20251010,20251017,20251020,46701,1,46701
SO78141,MOB_SWA-1003,21730,7,20251028,20251030,20251116,4496,2,2248
SO78141,GAM_CON-1019,21730,7,20251028,20251030,20251116,1295,1,1295
SO78142,MOB_SWA-1013,24358,3,20251020,20251025,20251104,37557,3,12519
SO78143,ACC_CAB-1001,,7,20251018,20251020,20251030,256,1,256
SO78144,ACC_CHG-1010,23648,3,20251021,20251025,20251103,819,1,819
SO78144,COM_GPU-1005,23648,3,20251021,20251025,20251103,29985,1,29985
SO78144,GAM_CON-1008,23648,3,20251021,20251025,20251103,56733,3,18911
SO78145,ACC_CHG-1001,21124,7,20251014,20251024,20251029,621,1,621
SO78145,COM_RAM-1014,21124,7,20251014,20251024,20251029,6278,2,3139
SO78145,DIS_MON-1004,21124,7,20251014,20251024,20251029,6149,1,6149
SO78145,DIS_TVS-1007,21124,7,20251014,20251024,20251029,20860,1,0
SO78145,GAM_CTR-1012,21124,7,20251014,20251024,20251029,4636,2,2318
SO78146,ACC_CAB-1003,26268,1,20251018,20251021,20251031,912,2,456
SO78147,ACC_CAS-1005,20339,5,20251018,20251027,20251102,406,1,406
SO78148,COM_STR-1018,21437,1,20251010,20251014,20251028,12946,2,6473
SO78148,MOB_TAB-1004,21437,1,20251010,20251014,20251028,21694,2,10847
SO78148,ACC_CHG-1003,21437,1,20251010,20251014,20251028,312,1,312
SO78149,COM_GPU-1012,26104,7,20251027,20251101,20251111,31614,1,31614
SO78150,COM_DSK-1008,23456,6,20251029,20251102,20251109,131414,2,65707
SO78150,GAM_ACC-1017,23456,6,20251029,20251102,20251109,3473,1,3473
SO78150,COM_DSK-1001,23456,6,20251029,20251102,20251109,45045,3,0
SO78150,GAM_CON-1013,23456,6,20251029,20251102,20251109,28773,1,28431
SO78151,COM_LAP-1003,22518,5,20251005,20251010,20251024,70530,2,35265
SO78152,ACC_CHG-1004,25227,7,20251030,20251109,20251109,875,1,875
SO78152,GAM_ACC-1007,25227,7,20251030,20251109,20251109,6888,2,3444
SO78153,ACC_PWB-1003,25339,7,20251015,20251024,20251025,2569,1,2569
SO78154,ACC_CHG-1015,23970,2,20251010,20251020,20251021,1866,2,933
SO78155,ACC_CAB-1013,24892,4,20251004,20251014,20251017,392,1,392
SO78156,GAM_CON-1009,23492,5,20251009,20251012,20251019,40818,2,20409
SO78157,ACC_PWB-1005,20761,1,20251004,20251007,20251016,1804,2,902
SO78157,ACC_CHG-1011,20761,1,20251004,20251007,20251016,1250,1,1250
SO78158,DIS_TVS-1008,21973,5,0,20251101,20251104,63107,1,63107
SO78158,GAM_CTR-1009,21973,5,20251022,20251101,20251104,2520,1,2520
SO78158,COM_LAP-1001,21973,5,20251022,20251101,20251104,58923,1,58923
SO78159,COM_LAP-1010,22797,4,20251006,20251013,20251023,67053,1,67053
SO78160,COM_STR-1016,22425,2,20251001,20251004,20251011,17736,3,0
SO78161,ACC_CAB-1004,26690,1,20251012,20251015,20251023,324,2,162
SO78161,COM_DSK-1017,26690,1,20251012,20251015,20251023,144910,2,-72455
SO78161,GAM_CON-1004,26690,1,20251012,20251015,20251023,59970,2,29985
SO78161,COM_LAP-1004,26690,1,20251012,20251015,20251023,124162,2,62081
SO78161,GAM_CTR-1004,26690,1,20251012,20251015,20251023,4436,1,-4436
SO78162,MOB_SMP-1011,20247,4,20251019,20251023,20251101,25311,1,25311
SO78163,ACC_PWB-1007,21611,6,20251019,20251028,20251108,2822,1,2822
SO78164,ACC_CAS-1011,20073,5,20251028,20251101,20251107,1890,3,630
SO78164,GAM_CON-1012,20073,5,20251028,20251101,20251107,29719,1,0
SO78164,ACC_CAB-1001,20073,5,20251028,20251101,20251107,512,2,256
SO78165,COM_GPU-1003,24549,1,20251004,20251010,20251022,1323,1,1323
SO78166,DIS_TVS-1003,24940,7,20251002,20251011,20251021,45513,3,15171
SO78167,ACC_CHG-1012,23247,5,20251016,20251022,20251101,778,1,778
SO78168,ACC_CAS-1007,23947,3,20251009,20251014,20251022,290,1,290
SO78169,GAM_CTR-1005,21495,7,20251023,20251102,20251103,6240,3,2080
SO78169,ACC_CAS-1007,21495,7,20251023,20251102,20251103,293,1,293
SO78169,ACC_CAS-1011,21495,7,20251023,20251102,20251103,660,1,660
SO78170,MOB_SWA-1003,25056,2,20251006,20251010,20251019,2335,1,0
SO78171,COM_RAM-1002,20208,2,20251029,20251102,20251111,12735,3,4245
SO78172,COM_RAM-1012,22156,4,20251021,20251028,20251105,8730,2,4365
SO78172,ACC_CAS-1010,22156,4,20251021,20251028,20251105,395,1,392
SO78172,MOB_SMP-1002,22156,4,20251021,20251028,20251105,18494,1,18494
SO78172,GAM_CTR-1016,22156,4,20251021,20251028,20251105,9285,3,0
SO78172,GAM_CTR-1017,22156,4,20251021,20251028,20251105,4740,3,1580
SO78172,MOB_SMP-1010,22156,4,20251021,20251028,20251105,8896,2,4448
SO78173,COM_STR-1011,26533,6,20251003,20251011,20251015,16254,2,8127
SO78174,ACC_CHG-1001,25953,6,20251028,20251104,20251114,1884,3,628
SO78174,ACC_CAS-1012,25953,6,20251028,20251104,20251114,1324,1,1324
SO78174,COM_GPU-1003,25953,6,20251028,20251104,20251114,1253,1,1253
SO78175,DIS_MON-1006,27353,1,20251002,20251004,20251021,20863,1,20863
SO78176,COM_RAM-1008,25650,3,20251029,20251108,20251115,3966,1,3966
SO78176,ACC_CHG-1011,25650,3,20251029,20251108,20251115,1344,1,1152
SO78177,GAM_CTR-1012,25443,6,20251006,20251015,20251021,2008,1,2008
SO78177,COM_RAM-1006,25443,6,20251006,20251015,20251021,5886,3,1962
SO78177,COM_RAM-1010,25443,6,20251006,20251015,20251021,1252,1,1252
SO78178,DIS_TVS-1010,24988,7,20251005,20251010,20251022,79440,2,39720
SO78179,COM_RAM-1009,23380,4,20251027,20251031,20251109,6322,2,3161
SO78179,ACC_PWB-1004,23380,4,20251027,20251031,20251109,2669,1,2669
SO78180,GAM_CTR-1008,25512,5,20251010,20251017,20251020,2939,1,2939
SO78180,ACC_CHG-1005,25512,5,20251010,20251017,20251020,2048,2,1024
SO78181,DIS_TVS-1005,20136,7,20251019,20251021,20251107,43181,1,43181
SO78181,COM_STR-1011,20136,7,20251019,20251021,20251107,17588,2,8794
SO78181,GAM_CTR-1001,20136,7,20251019,20251021,20251107,3963,1,3963
SO78182,MOB_SWA-1012,24671,7,20251028,20251103,20251107,11510,1,11510
SO78183,ACC_CHG-1008,20079,5,20251028,20251107,20251115,1882,2,941
SO78184,ACC_CAS-1008,25062,2,20251007,20251017,20251018,339,1,339
SO78184,DIS_TVS-1011,25062,2,20251007,20251017,20251018,51189,1,51189
SO78184,DIS_TVS-1013,25062,2,20251007,20251017,20251018,35205,1,35205
SO78185,MOB_SWA-1005,25963,4,20251015,20251018,20251103,24728,2,12364
SO78185,GAM_CON-1020,25963,4,20251015,0,20251103,27368,1,27368
SO78185,MOB_SWA-1008,25963,4,20251015,20251018,20251103,13048,1,13048
SO78185,COM_STR-1008,25963,4,20251015,20251018,20251103,4236,1,4236
SO78185,GAM_CON-1018,25963,4,20251015,20251018,20251103,35589,3,0
SO78185,GAM_CON-1013,25963,4,20251015,20251018,20251103,28310,1,28310
SO78186,COM_LAP-1006,25422,5,20251005,20251014,20251016,71311,1,71311
SO78186,GAM_CTR-1006,25422,5,20251005,20251014,20251016,4345,1,4345
SO78187,GAM_CTR-1012,24569,3,20251021,20251025,20251031,2298,1,2298
SO78188,COM_DSK-1015,20058,6,20251028,20251105,20251108,115230,3,38410
SO78188,DIS_TVS-1012,20058,6,20251028,20251105,20251108,167432,3,55838
SO78189,ACC_CHG-1005,21222,5,20251015,20251021,20251104,2781,3,927
SO78189,COM_LAP-1010,21222,5,20251015,20251021,20251104,67121,1,67121
SO78190,MOB_SWA-1006,20810,1,20251028,20251107,20251115,23862,2,11931
SO78191,MOB_SWA-1004,22515,5,20251006,20251010,20251020,30714,2,15357
SO78192,MOB_SMP-1007,,3,20251005,20251009,20251020,23194,2,11597
SO78192,COM_LAP-1006,24018,3,20251005,20251009,20251020,75854,1,75854
SO78193,COM_RAM-1014,23600,7,20251016,20251024,20251026,8388,3,2796
SO78194,COM_LAP-1001,25506,2,20251012,20251016,20251024,113790,2,56895
SO78195,COM_DSK-1001,22998,3,20251012,20251018,20251023,15195,1,15195
SO78195,MOB_SMP-1002,22998,3,20251012,20251018,20251023,34134,2,17067
SO78195,DIS_TVS-1007,22998,3,20251012,20251018,20251023,21455,1,21455
SO78196,MOB_SWA-1004,22047,5,20251004,20251013,20251018,27734,2,13867
SO78196,GAM_CTR-1016,22047,5,20251004,20251013,20251018,9045,3,0
SO78196,ACC_CAS-1009,22047,5,20251004,20251013,20251018,1290,2,645
SO78197,ACC_CAS-1013,26572,2,20251026,20251029,20251115,1170,3,390
SO78198,GAM_CON-1003,20301,1,20251022,20251028,20251106,2380,2,-1190
SO78198,COM_DSK-1011,20301,1,20251022,20251028,20251106,18711,1,18711
SO78198,ACC_CHG-1002,20301,1,20251022,20251028,20251106,1680,3,560
SO78198,MOB_SMP-1007,20301,1,20251022,20251028,20251106,33795,3,11265
SO78199,COM_RAM-1003,26398,7,20251025,20251027,20251111,4398,3,1466
SO78200,GAM_CTR-1013,21386,2,20251011,20251013,20251029,1127,1,1127
SO78200,COM_DSK-1004,21386,2,20251011,20251013,20251029,28457,1,28457
SO78200,GAM_ACC-1016,21386,2,20251011,20251013,20251029,3684,2,1842
SO78201, MOB_SWA-1006,27271,4,20251005,20251009,20251019,13141,1,13141
SO78202,ACC_PWB-1010,25304,6,20251025,20251104,20251107,7842,3,2614
SO78203,GAM_CON-1018,22100,1,20251001,20251008,20251015,12126,1,12299
SO78204,COM_LAP-1008,20809,7,20251017,20251022,20251031,38491,1,38491
SO78205,GAM_ACC-1013,24559,5,20251020,20251026,20251104,3676,2,1838
SO78206,ACC_CHG-1005,23491,2,20251005,20251014,20251023,969,1,969
SO78206,ACC_PWB-1008,23491,2,20251005,20251014,20251023,5922,2,2961
SO78206,COM_STR-1007,23491,2,20251005,20251014,20251023,7900,1,7900
SO78206,COM_GPU-1003,23491,2,20251005,20251014,20251023,1207,1,1207
SO78206,MOB_SWA-1004,23491,2,20251005,20251014,20251023,42273,3,14091
SO78206,ACC_PWB-1012,23491,2,20251005,20251014,20251023,2091,1,2091
SO78206,COM_RAM-1015,23491,2,20251005,20251014,20251023,3153,1,3153
SO78207,ACC_CAS-1001,25117,3,20251012,20251015,20251025,416,2,208
SO78208,COM_RAM-1010,20349,4,20251031,20251103,20251116,3783,3,1261
SO78209,COM_GPU-1005,20173,7,20251008,20251016,20251018,27049,1,27468
SO78210,GAM_CTR-1012,24458,6,20251008,20251016,20251027,2034,1,2034
SO78211,MOB_SMP-1003,27368,5,20251013,20251018,20251024,44930,2,22465
SO78211,COM_GPU-1012,27368,5,20251013,20251018,20251024,86838,3,28946
SO78211,COM_MTB-1005,27368,5,20251013,20251018,20251024,2660,1,2660
SO78212,MOB_SMP-1006,23980,1,20251004,20251014,20251021,2452,2,1226
SO78212,ACC_CAS-1010,23980,1,20251004,20251014,20251021,780,2,390
SO78212,COM_DSK-1012,23980,1,20251004,20251014,20251021,126548,2,63274
SO78212,GAM_ACC-1008,23980,1,20251004,20251014,20251021,3326,1,3326
SO78213,ACC_CAB-1003,21715,7,20251014,20251020,20251103,457,1,457
SO78214,MOB_TAB-1007,24546,7,20251013,20251022,20251030,7624,1,7624
SO78214,ACC_CAS-1013,24546,7,20251013,20251022,20251030,401,1,401
SO78215,COM_MTB-1004,21945,5,20251007,20251012,20251021,28956,2,14478
SO78216, ACC_CAB-1016,21206,7,20251021,20251029,20251031,384,3,128
SO78217,GAM_ACC-1008,21517,3,20251020,20251026,20251109,5992,2,2996
SO78218,COM_LAP-1013,23145,2,20251003,20251007,20251016,131526,3,43842
SO78218,COM_GPU-1004,23145,2,20251003,20251007,20251016,29889,1,29889
SO78218,GAM_CTR-1008,23145,2,20251003,20251007,20251016,2694,1,2694
SO78219,COM_LAP-1003,24493,1,20251010,20251019,20251025,37947,1,37947
SO78219,COM_GPU-1002,24493,1,20251010,20251019,20251025,53158,1,53158
SO78220,COM_RAM-1004,21515,5,20251008,20251013,20251022,8190,2,4095
SO78221,COM_MTB-1003,20272,5,20251016,20251019,20251104,24331,3,8050
SO78222,MOB_SMP-1012,22460,4,20251023,20251029,20251108,1285,1,1285
SO78222,ACC_CAB-1005,22460,4,20251023,20251029,20251108,234,1,234
SO78223,ACC_CAB-1002,23446,4,20251020,20251024,20251101,2326,2,1163
SO78224,DIS_TVS-1002,23782,4,20251031,20251105,20251110,57798,3,19266
SO78225,ACC_CHG-1001,24256,2,20251012,20251017,20251031,1881,3,627
SO78226,DIS_MON-1008,25838,4,20251015,20251021,20251029,70764,3,23588
SO78227,DIS_TVS-1002,22569,1,20251020,20251029,20251105,20661,1,20661
SO78228,COM_GPU-1006,21988,5,20251028,20251103,20251107,133862,2,66931
SO78229,ACC_PWB-1005,20613,3,20251022,20251028,20251110,836,1,836
SO78230,MOB_SWA-1011,25092,2,20251009,20251019,20251029,12900,3,4300
SO78231,ACC_PWB-1001,26446,1,20251002,20251009,20251014,3182,2,1591
SO78232,DIS_TVS-1009,24999,6,20251021,20251029,20251104,33668,2,16834
SO78232,DIS_MON-1009,24999,6,20251021,20251029,20251104,41172,3,13724
SO78233,COM_LAP-1009,22137,3,20251007,20251010,20251019,27104,1,0
SO78234,COM_MTB-1007,23822,1,20251020,20251023,20251106,3478,1,3478
SO78234,COM_GPU-1010,23822,1,20251020,20251023,20251106,70497,1,70497
SO78235,MOB_TAB-1012,22499,3,20251021,20251031,20251109,35864,1,35864
SO78235,COM_RAM-1011,22499,3,20251021,20251031,20251109,1983,1,1983
SO78236,DIS_TVS-1001,24066,4,20251003,20251012,20251016,19906,2,9953
SO78237,GAM_CTR-1016,27396,5,20251023,20251029,20251102,3109,1,3109
SO78238,ACC_CAB-1005,20607,3,20251013,20251019,20251031,458,2,229
SO78238,COM_MTB-1005,20607,3,20251013,20251019,20251031,7437,3,2479
SO78238,ACC_CHG-1004,20607,3,20251013,20251019,20251031,1582,2,791
SO78239,COM_GPU-1006,20852,6,20251027,20251030,20251110,64721,1,64721
SO78239,ACC_CAS-1005,20852,6,20251027,20251030,20251110,810,2,405
SO78240,ACC_PWB-1012,25010,7,20251026,20251030,20251114,6597,3,2199
SO78241, MOB_SWA-1015,25499,7,20251016,20251020,20251029,29048,2,14524
SO78241,COM_GPU-1001,25499,7,20251016,20251020,20251029,38061,1,38061
SO78242,GAM_CTR-1007,27125,6,20251004,20251006,20251023,3950,1,3950
SO78242,MOB_SMP-1008,27125,6,20251004,20251006,20251023,46374,3,15458
SO78242,GAM_CTR-1003,27125,6,20251004,20251006,20251023,3144,1,3144
SO78243,ACC_CAS-1015,24909,1,0,20251020,20251101,496,2,248
SO78244, ACC_CHG-1008,25556,2,20251026,20251028,20251113,960,1,960
SO78244,ACC_CAS-1011,25556,2,20251026,20251028,20251113,1340,2,670
SO78245,ACC_CAS-1010,20178,2,20251011,20251015,20251023,750,2,375
SO78246,COM_STR-1015,24420,4,20251019,20251028,20251029,3142,2,1571
SO78246,ACC_PWB-1011,24420,4,20251019,20251028,20251029,5652,2,2826
SO78246,ACC_CHG-1007,24420,4,20251019,20251028,20251029,1102,1,1102
SO78246,GAM_CTR-1014,24420,4,20251019,20251028,20251029,2606,2,1303
SO78246,COM_GPU-1010,24420,4,20251019,20251028,20251029,68199,1,68199
SO78247,GAM_CON-1008,26974,5,20251007,20251010,20251026,17763,1,17763
SO78248,ACC_CAB-1005,20520,5,20251028,20251105,20251117,235,1,235
SO78249,MOB_SMP-1001,25519,6,20251013,20251016,20251031,44659,1,44659
SO78250,MOB_SMP-1008,,1,20251006,20251009,20251026,15283,1,15283
SO78251,GAM_ACC-1011,22136,2,20251014,20251024,20251030,2056,1,1640
SO78251,GAM_CON-1008,22136,2,20251014,20251024,20251030,19658,1,19658
SO78251,DIS_MON-1003,22136,2,20251014,20251024,20251030,13159,1,13159
SO78251,COM_GPU-1010,22136,2,20251014,20251024,20251030,198153,3,66051
SO78252,COM_DSK-1012,24520,1,20251014,20251021,20251024,188820,3,62940
SO78252,COM_GPU-1003,24520,1,20251014,20251021,20251024,2366,2,1183
SO78253,ACC_PWB-1007,22551,5,20251029,0,20251109,2669,1,2669
SO78254,ACC_CAB-1016,25176,6,20251013,0,20251028,258,2,129
SO78255,ACC_CAB-1016,25533,2,20251007,20251009,20251020,282,2,141
SO78256,COM_MTB-1006,20747,7,20251027,20251030,20251111,2636,1,2636
SO78257,MOB_SWA-1014,25267,3,20251002,20251009,20251016,6700,1,6700
SO78257,GAM_ACC-1002,25267,3,20251002,20251009,20251016,1255,1,1255
SO78257,GAM_CON-1016,25267,3,20251002,20251009,20251016,22466,2,11233
SO78257,GAM_CTR-1006,25267,3,20251002,20251009,20251016,13803,3,4601
SO78257,MOB_SMP-1007,25267,3,20251002,20251009,20251016,11339,1,11339
SO78257,ACC_CAS-1003,25267,3,20251002,20251009,20251016,1358,2,679
SO78257,DIS_MON-1009,25267,3,20251002,20251009,20251016,26790,2,13395
SO78257,MOB_SWA-1019,25267,3,20251002,20251009,20251016,31704,3,10568
SO78258,MOB_TAB-1003,26650,4,20251018,20251022,20251107,18868,1,18868
SO78259,COM_STR-1008,22045,7,20251028,20251031,20251107,12960,3,4320
SO78260,COM_RAM-1008,20681,3,20251009,20251016,20251022,4087,1,4087
SO78261,GAM_ACC-1015,22191,4,20251003,20251007,20251015,4306,1,4306
SO78262,GAM_CTR-1008,26061,3,20251016,20251018,20251103,8376,3,2792
SO78262,COM_LAP-1007,26061,3,20251016,20251018,20251103,108989,1,108989
SO78262,GAM_CON-1005,26061,3,20251016,20251018,20251103,28571,1,28571
SO78263,DIS_MON-1011,25049,7,20251003,20251013,20251013,16247,1,16247
SO78264,COM_STR-1007,24150,4,20251001,20251005,20251015,8085,1,8085
SO78264,ACC_CHG-1008,24150,4,20251001,20251005,20251015,953,1,953
SO78264,MOB_SWA-1002,24150,4,20251001,20251005,20251015,22712,2,11356
SO78265,GAM_ACC-1020,25274,1,20251024,20251031,20251111,2677,1,2677
SO78266,COM_LAP-1013,21697,3,20251024,20251103,20251103,45018,1,45018
SO78267,ACC_CAB-1006,26433,6,20251013,20251019,20251030,592,2,296
SO78268,MOB_SWA-1014,24560,3,20251019,20251024,20251105,14412,2,7206
SO78268,DIS_MON-1001,24560,3,20251019,20251024,20251105,40845,3,13615
SO78269,ACC_CAB-1010,24320,7,20251019,20251028,20251102,464,1,464
SO78269,COM_RAM-1015,24320,7,20251019,20251028,20251102,8910,3,2970
SO78270,ACC_CAS-1001,26705,6,20251010,20251015,20251024,639,3,213
SO78271,COM_LAP-1009,26094,6,20251004,20251014,20251020,79353,3,26451
SO78271,ACC_CAB-1014,26094,6,20251004,20251014,20251020,293,1,293
SO78272,MOB_SWA-1008,26681,3,20251013,20251020,20251023,27578,2,13789
SO78273,GAM_CON-1013,26291,4,20251028,20251105,20251110,53070,2,26535
SO78274,COM_DSK-1012,20097,3,20251013,20251022,20251029,120296,2,60148
SO78275, ACC_CAB-1001,25986,4,20251016,20251018,20251030,506,2,253
SO78276, GAM_ACC-1004,24732,5,20251024,20251028,20251108,2061,3,687
SO78276,COM_DSK-1016,24732,5,20251024,0,20251108,16283,1,16283
SO78276,GAM_ACC-1007,24732,5,20251024,20251028,20251108,3519,1,3519
SO78277,ACC_CHG-1007,22805,4,20251012,20251020,20251025,1223,1,1223
SO78278,COM_DSK-1004,26553,3,20251006,20251010,20251021,57374,2,28687
SO78279,COM_RAM-1010,21024,4,20251026,20251103,20251115,1284,1,1284
SO78280,GAM_CON-1016,21123,5,20251021,20251027,20251105,34725,3,11575
SO78281,ACC_CAS-1010,26348,3,20251003,20251010,20251015,1236,3,412
SO78282,GAM_CON-1003,21561,7,20251007,20251011,20251027,1304,1,1304
SO78283,DIS_TVS-1005,21958,1,20251028,20251030,20251111,140094,3,46698
SO78284,DIS_TVS-1006,26835,1,20251029,20251102,20251114,66329,1,66329
SO78284,GAM_ACC-1017,26835,1,20251029,20251102,20251114,11016,3,3672
SO78285,COM_RAM-1010,26643,6,20251005,20251007,20251022,,2,1221
SO78285,GAM_CON-1003,26643,6,20251005,20251007,20251022,1309,1,1309
SO78285,ACC_CAS-1008,26643,6,20251005,20251007,20251022,366,1,366
SO78286,COM_DSK-1010,26082,3,20251020,20251026,20251108,1152,1,1152
SO78287,GAM_CON-1020,20912,5,20251026,20251029,20251108,26700,1,26700
SO78288,ACC_CAB-1017,20262,6,20251031,20251108,20251119,125,1,125
SO78289,MOB_TAB-1001,23040,1,20251024,20251101,20251106,23758,2,11879
SO78290,MOB_TAB-1006,20007,4,20251031,20251103,20251116,26829,3,8943
SO78291,MOB_TAB-1001,25872,1,20251010,20251014,20251023,24862,2,12431
SO78292,ACC_CAS-1013,24842,2,20251030,20251109,20251118,371,1,371
SO78292,ACC_CHG-1015,24842,2,20251030,20251109,20251118,958,1,958
SO78293,COM_DSK-1005,23481,2,20251004,20251007,20251020,41148,1,41148
SO78294,COM_GPU-1009,24553,4,20251016,20251026,20251031,43950,3,14650
SO78295,GAM_CON-1015,25840,4,20251027,20251102,20251116,56640,2,28320
SO78296,COM_DSK-1007,26571,7,20251027,20251103,20251112,46527,1,46527
SO78296,GAM_CON-1001,26571,7,20251027,20251103,20251112,55128,2,27564
SO78297,MOB_SWA-1002,20117,7,20251018,20251022,20251105,10081,1,10081
SO78298,COM_RAM-1010,23474,7,20251014,20251017,20251030,1239,1,1239
SO78299,COM_GPU-1012,25469,7,20251002,20251010,20251021,27707,1,27707
SO78300,MOB_TAB-1011,25960,6,20251028,20251102,20251107,44038,2,22019
SO78300,DIS_TVS-1009,25960,6,20251028,20251102,20251107,45720,3,15240
SO78301,MOB_SWA-1014,24939,5,20251005,20251008,20251017,22095,3,7365
SO78301,COM_DSK-1012,24939,5,20251005,20251008,20251017,55865,1,55865
SO78302,GAM_CON-1019,25309,7,20251001,20251004,20251015,1206,1,1206
SO78303,MOB_SMP-1011,23496,3,20251016,20251020,20251102,24568,1,24568
SO78303,ACC_CAB-1014,23496,3,20251016,20251020,20251102,638,2,319
SO78304,ACC_CAB-1006,23048,3,20251030,20251104,20251112,825,3,275
SO78304,GAM_CON-1002,23048,3,20251030,20251104,20251112,24553,1,24553
SO78305,GAM_ACC-1010,26686,5,20251012,20251016,20251029,3334,2,1667
SO78306,DIS_TVS-1003,20919,5,20251031,20251104,20251113,33710,2,16855
SO78307,MOB_SWA-1018,23286,6,20251003,20251007,20251020,36276,3,12092
SO78307,DIS_TVS-1001,23286,6,20251003,20251007,20251020,22598,2,11299
SO78307,COM_GPU-1001,23286,6,20251003,20251007,20251020,84170,2,42085
SO78308,DIS_MON-1001,24219,4,20251031,20251103,20251118,28336,2,14168
SO78309,GAM_ACC-1003,22644,7,20251021,20251030,20251108,6216,2,3108
SO78310,COM_RAM-1012,22291,3,20251009,20251011,20251024,4503,1,4503
SO78311,GAM_ACC-1012,22096,4,20251014,20251023,20251101,4294,2,2147
SO78312,MOB_SWA-1016,22639,1,20251030,20251109,20251111,11895,3,-3965
SO78313,ACC_CAB-1006,26311,4,20251031,20251109,20251116,873,3,291
SO78313,GAM_CON-1011,26311,4,20251031,20251109,20251116,19538,1,19538
SO78314,GAM_CON-1020,26435,7,20251026,20251029,20251113,27348,1,27348
SO78315,ACC_CHG-1009,25523,4,20251011,20251018,20251028,1472,2,736
SO78315,COM_STR-1004,25523,4,20251011,20251018,20251028,11799,3,3786
SO78316,COM_DSK-1011,24911,5,20251027,20251104,20251113,18456,1,18456
SO78316,COM_MTB-1003,24911,5,20251027,20251104,20251113,8107,1,8107
SO78316,ACC_CAB-1008,24911,5,20251027,20251104,20251113,282,1,0
SO78317,DIS_TVS-1013,24879,4,20251006,20251015,20251022,70392,2,35196
SO78318,GAM_CTR-1016,20767,7,20251008,20251017,20251025,9438,3,3146
SO78319,GAM_CON-1013,26530,6,20251020,20251030,20251031,52888,2,26444
SO78319,ACC_CAB-1004,26530,6,20251020,20251030,20251031,480,3,160
SO78320,COM_LAP-1009,20608,6,20251008,20251010,20251027,57530,2,28765
SO78321,DIS_MON-1006,26204,5,20251027,20251105,20251110,21070,1,21070
SO78322,COM_LAP-1010,25086,7,20251016,20251019,20251029,65609,1,65609
SO78323,GAM_ACC-1016,21521,7,20251030,20251107,20251112,1775,1,1775
SO78324,DIS_MON-1009,25189,2,20251015,20251025,20251101,12982,1,13053
SO78324, ACC_PWB-1011,25189,2,20251015,20251025,20251101,8214,3,2738
SO78325,COM_STR-1017,26764,6,20251005,20251008,20251019,24987,3,8329
SO78326,MOB_TAB-1009,24045,7,20251010,20251019,20251022,29259,1,29259
SO78327,DIS_MON-1006,24084,3,20251028,20251101,20251114,42622,2,21311
SO78327,ACC_CHG-1001,24084,3,20251028,20251101,20251114,1172,2,586
SO78327,ACC_CAB-1017,24084,3,20251028,20251101,20251114,121,1,121
SO78328,COM_MTB-1005,25600,3,20251030,20251103,20251112,4770,2,2385
SO78328,MOB_SMP-1006,25600,3,20251030,20251103,20251112,1181,1,1181
SO78329,COM_STR-1006,22988,4,20251003,20251012,20251022,5076,1,5076
SO78329,GAM_CON-1013,22988,4,20251003,20251012,20251022,27456,1,27456
SO78330, GAM_CON-1007,26415,3,20251002,20251006,20251022,22936,1,22936
SO78331,GAM_CTR-1004,27058,3,0,20251019,20251026,8918,2,4459
SO78331,DIS_MON-1002,27058,3,20251009,20251019,20251026,30078,2,15039
SO78332,ACC_PWB-1003,23381,6,20251019,20251028,20251029,5150,2,2575
SO78333,MOB_SWA-1013,26714,5,20251018,20251021,20251103,26650,2,13325
SO78334,GAM_CTR-1009,26698,3,20251003,20251008,20251015,2558,1,2558
SO78334,MOB_SWA-1019,26698,3,20251003,20251008,20251015,10760,1,10760
SO78334,MOB_TAB-1005,26698,3,20251003,20251008,20251015,16951,1,16951
SO78335,MOB_SWA-1011,26849,2,20251018,20251025,20251031,8208,2,4104
SO78336,ACC_CAS-1005,24497,6,20251021,20251028,20251109,1362,3,454
SO78337,COM_LAP-1001,27287,5,20251013,20251015,20251023,109526,2,54763
SO78337,ACC_CAB-1010,27287,5,20251013,20251015,20251023,890,2,445
SO78338,COM_STR-1008,25738,6,20251028,20251103,20251108,4103,1,4103
SO78339,DIS_TVS-1001,23070,7,20251024,0,20251106,11046,1,11046
SO78340,MOB_TAB-1011,24436,7,20251022,20251028,20251105,42206,2,21103
SO78341,MOB_SMP-1011,25226,3,20251015,0,20251027,22579,1,22579
SO78341,GAM_CTR-1009,25226,3,20251015,20251023,20251027,,1,2722
SO78341,GAM_ACC-1003,25226,3,20251015,20251023,20251027,2980,1,2980
SO78342,DIS_TVS-1006,24941,5,20251025,20251101,20251109,135494,2,67747
SO78343,COM_LAP-1010,21326,2,20251019,20251026,20251105,70391,1,70391
SO78344,GAM_CON-1020,21024,7,20251019,0,20251031,30399,1,30399
SO78344,ACC_CAB-1017,21024,7,20251019,20251027,20251031,48,2,112
SO78344,DIS_TVS-1008,21024,7,20251019,20251027,20251031,67663,1,67663
SO78345,COM_DSK-1006,21562,3,20251025,20251028,20251112,115950,2,57975
SO78345,GAM_CTR-1014,21562,3,20251025,20251028,20251112,2646,2,1323
SO78345,ACC_CAB-1002,21562,3,20251025,20251028,20251112,1239,1,1239
SO78346,ACC_CAB-1010,22271,3,20251026,20251029,20251110,1004,2,502
SO78347,COM_GPU-1001,26396,4,20251016,20251024,20251029,38372,1,38372
SO78348,ACC_CAB-1012,25950,2,20251003,20251008,20251018,345,1,345
SO78349,GAM_CON-1008,21344,4,20251001,20251010,20251021,55014,3,18338
SO78350,COM_MTB-1001,22549,6,20251024,20251101,20251113,24504,3,8168
SO78351,GAM_ACC-1012,26967,3,20251031,20251106,20251115,4378,2,2189
SO78351,DIS_MON-1002,26967,3,20251031,20251106,20251115,44028,3,14676
SO78352,ACC_CAB-1008,27223,5,20251017,20251027,20251029,538,2,269
SO78353,DIS_TVS-1003,20176,6,20251002,20251011,20251022,49371,3,16457
SO78354,ACC_CHG-1014,22076,3,20251025,20251029,20251104,1227,3,409
SO78354,COM_STR-1012,22076,3,20251025,0,20251104,9030,1,9030
SO78355,GAM_CON-1001,26986,6,20251018,20251026,20251107,29064,1,29064
SO78356,COM_LAP-1005,22526,1,20251007,20251013,20251017,108065,1,108065
SO78356,ACC_CAB-1006,22526,1,20251007,20251013,20251017,590,2,295
SO78357,GAM_ACC-1007,22252,2,20251013,20251018,20251024,3921,1,3921
SO78357,GAM_CON-1020,22252,2,20251013,20251018,20251024,27658,1,27658
SO78358,MOB_SWA-1007,,1,20251004,20251011,20251020,12646,2,6323
SO78359,COM_LAP-1002,20564,2,20251012,20251016,20251022,98761,1,98761
SO78360,COM_RAM-1014,26352,6,20251021,20251026,20251109,8274,3,2758
SO78361,GAM_ACC-1020,26612,5,20251009,20251018,20251019,5404,2,2702
SO78362,COM_GPU-1007,22782,4,20251006,20251010,20251020,1191,1,1191
SO78363,DIS_MON-1007,21702,5,20251010,20251018,20251029,23628,2,11814
SO78364,MOB_TAB-1004,22125,4,20251014,20251019,20251028,12020,1,12020
SO78365,COM_RAM-1006,23887,2,20251025,20251028,20251107,2019,1,2019
SO78366,GAM_CTR-1004,21175,7,20251015,20251018,20251025,9406,2,4703
SO78367,COM_RAM-1004,22773,5,20251004,20251006,20251016,4104,1,4104
SO78368,GAM_ACC-1002,22883,3,20251019,20251026,20251105,2628,2,1314
SO78369,ACC_CHG-1012,21770,3,20251028,20251101,20251111,703,1,0
SO78370,MOB_SWA-1001,20139,2,20251008,20251017,20251028,27176,2,13588
SO78371,COM_DSK-1010,24115,4,20251021,20251029,20251105,3702,3,1234
SO78372,ACC_CHG-1004,22232,3,20251031,0,20251116,1594,2,797
SO78373,ACC_PWB-1005,26141,1,0,20251018,20251030,1818,2,909
SO78374,GAM_ACC-1015,23792,6,20251004,20251014,20251018,12942,3,4314
SO78375,ACC_CAB-1014,25906,4,20251009,20251014,20251019,323,1,323
SO78375,MOB_SMP-1007,25906,4,20251009,0,20251019,20436,2,10218
SO78376,ACC_CAS-1007,25543,2,20251008,20251018,20251023,921,3,307
SO78376, COM_LAP-1012,25543,2,20251008,20251018,20251023,75308,1,75308
SO78377,COM_DSK-1016,22000,1,20251002,20251009,20251022,15199,1,15199
SO78378,ACC_PWB-1009,24598,4,20251004,20251012,20251021,1410,2,705
SO78379,COM_STR-1009,21699,6,20251016,20251025,20251026,16734,3,5578
SO78380,GAM_CON-1007,26884,1,20251012,20251020,20251024,43318,2,21659
SO78380,COM_GPU-1003,26884,1,20251012,20251020,20251024,3495,3,1165
SO78381,COM_DSK-1016,23863,5,20251031,20251107,20251115,15318,1,15318
SO78381,COM_RAM-1013,23863,5,20251031,20251107,20251115,3548,2,0
SO78382,ACC_PWB-1004,23814,6,20251012,20251021,20251031,8220,3,2740
SO78383,GAM_CON-1015,21150,5,20251008,20251018,20251028,28961,1,28961
SO78383,DIS_TVS-1010,21150,5,20251008,20251018,20251028,42013,1,42013
SO78384,MOB_SWA-1015,25065,3,20251005,20251009,20251018,37257,3,12419
SO78385,GAM_ACC-1008,25665,4,20251001,20251006,20251012,6052,2,3026
SO78386,GAM_ACC-1011,21867,1,20251011,20251018,20251025,1626,1,1626
SO78386,ACC_CHG-1013,21867,1,20251011,20251018,20251025,728,1,728
SO78386,COM_GPU-1009,21867,1,20251011,20251018,20251025,14772,1,14772
SO78387,COM_RAM-1007,23505,7,20251016,20251019,20251031,6262,2,3131
SO78387,COM_DSK-1001,23505,7,20251016,20251019,20251031,15310,1,15310
SO78388,MOB_TAB-1011,20255,7,20251003,20251013,20251017,40714,2,20357
SO78388,COM_STR-1003,20255,7,0,20251013,20251017,15528,2,7764
SO78389,COM_LAP-1009,24767,2,20251009,20251018,20251029,52378,2,26189
SO78390,COM_DSK-1003,25284,2,20251030,20251102,20251116,69283,1,0
SO78391,GAM_CON-1012,25434,1,20251026,20251028,20251115,53717,2,26774
SO78391,DIS_TVS-1003,25434,1,20251026,20251028,20251115,32134,2,16067
SO78392,COM_STR-1013,22702,4,20251024,20251031,20251109,5962,2,2981
SO78392,GAM_ACC-1004,22702,4,20251024,20251031,20251109,2639,3,719
SO78393,GAM_CON-1018,21623,4,20251013,20251016,20251029,12922,1,12922
SO78393,COM_DSK-1011,21623,4,20251013,20251016,20251029,18172,1,18172
SO78394,MOB_SWA-1001,25230,1,20251023,20251030,20251106,25326,2,12663
SO78395,COM_GPU-1004,20147,3,20251008,20251017,20251024,31702,1,31702
SO78396,ACC_CHG-1004,20621,4,20251013,20251016,20251027,1610,2,805
SO78397,GAM_CTR-1009,22190,5,20251015,20251020,20251025,2387,1,2387
SO78397,ACC_CHG-1009,22190,5,20251015,20251020,20251025,1556,2,778
SO78398,COM_DSK-1013,22668,6,20251006,20251010,20251016,2488,2,1244
SO78399,COM_MTB-1007,21132,2,20251001,20251008,20251013,9501,3,3167
SO78399,GAM_CTR-1004,21132,2,20251001,20251008,20251013,4918,1,4918
SO78400,GAM_CON-1012,25076,5,20251028,20251101,20251107,27428,1,27428
SO78401,GAM_CON-1004,26506,2,20251020,20251024,20251106,29634,1,29391
SO78401,COM_GPU-1009,26506,2,20251020,20251024,20251106,32068,2,16034
SO78402,GAM_CTR-1006,20313,4,20251029,20251103,20251115,9036,2,4518
SO78403,COM_LAP-1003,23364,5,20251011,20251013,20251025,111930,3,37310
SO78403,COM_DSK-1004,23364,5,20251011,20251013,20251025,27058,1,27058
SO78404,GAM_CTR-1016,26066,4,20251008,20251018,20251022,5958,2,2979
SO78405,ACC_PWB-1004,22650,2,20251011,20251015,20251028,2476,1,2476
SO78406,ACC_CHG-1014,24561,2,20251020,20251024,20251103,386,1,386
SO78407,COM_GPU-1009,24183,2,20251025,20251029,20251107,14880,1,14880
SO78408,ACC_CHG-1010,25135,2,20251009,20251016,20251019,774,1,774
SO78409,COM_DSK-1015,21081,1,20251028,20251031,20251110,81814,2,40907
SO78409,COM_STR-1016,21081,1,20251028,20251031,20251110,17991,3,5997
SO78410,MOB_SWA-1001,21163,2,20251028,20251106,20251107,14107,1,14107
SO78411,GAM_ACC-1003,24013,3,20251002,20251011,20251017,8505,3,2835
SO78412,ACC_CAB-1003,26072,7,20251024,20251031,20251112,916,2,458
SO78412,COM_STR-1010,26072,7,20251024,20251031,20251112,18752,2,9376
SO78413,COM_STR-1006,22269,6,20251003,20251012,20251016,4917,1,4917
SO78414,MOB_SWA-1009,23838,1,0,20251004,20251022,21483,3,7164
SO78415,COM_DSK-1008,21374,5,20251006,20251011,20251024,63933,1,63933
SO78415,GAM_CON-1007,21374,5,20251006,20251011,20251024,45432,2,22716
SO78416,DIS_MON-1003,22012,1,20251002,20251011,20251021,,1,11678
SO78416,ACC_CHG-1008,22012,1,0,20251011,20251021,3027,3,1009
SO78416,ACC_CAB-1011,22012,1,20251002,20251011,20251021,822,2,411
SO78417,DIS_MON-1011,26644,1,20251029,20251102,20251108,45822,3,15274
SO78418,GAM_CTR-1017,23810,3,20251028,20251107,20251110,4317,3,1439
SO78419,MOB_SMP-1003,26835,3,20251014,20251017,20251027,22013,1,22013
SO78419,GAM_CTR-1003,26835,3,20251014,20251017,20251027,3310,1,3310
SO78420,GAM_CON-1013,20258,3,20251028,20251107,20251111,55762,2,27881
SO78421,MOB_SWA-1019,22845,7,20251009,20251019,20251028,11527,1,11527
SO78421,ACC_CAB-1003,22845,7,20251009,20251019,20251028,1368,3,456
SO78421,MOB_SMP-1009,22845,7,20251009,20251019,20251028,46335,1,0
SO78421,COM_STR-1013,22845,7,20251009,20251019,20251028,6912,2,3456
SO78422,MOB_SWA-1017,24171,5,0,20251101,20251107,26926,2,13463
SO78422,ACC_CAS-1002,24171,5,20251027,20251101,20251107,968,2,484
SO78423,GAM_CON-1004,26469,3,20251014,20251024,20251028,84402,3,28134
SO78423,GAM_CTR-1004,26469,3,20251014,20251024,20251028,9122,2,4561
SO78423,GAM_ACC-1001,26469,3,20251014,20251024,20251028,1827,1,0
SO78424,COM_STR-1005,22082,1,20251028,20251104,20251112,5580,1,5580
SO78424,COM_MTB-1004,22082,1,20251028,20251104,20251112,14230,1,14230
SO78425,GAM_CTR-1005,25084,2,20251029,20251102,20251118,2320,1,2320
SO78425, ACC_CAS-1005,25084,2,20251029,20251102,20251118,406,1,406
SO78426,ACC_CAB-1003,21526,3,20251006,20251008,20251016,980,2,490
SO78427,ACC_CAB-1002,25189,2,20251021,20251023,20251031,2438,2,1219
SO78427,MOB_SMP-1005,25189,2,20251021,20251023,20251031,47125,1,47125
SO78428,DIS_MON-1002,20431,4,20251019,20251024,20251104,28660,2,14330
SO78428,COM_DSK-1008,20431,4,20251019,20251024,20251104,69582,1,69582
SO78429,DIS_TVS-1008,21864,1,20251013,20251018,20251030,135148,2,67574
SO78430,GAM_CON-1016,26079,1,20251025,20251101,20251107,11598,1,11598
SO78431,MOB_TAB-1005,26897,1,20251027,20251029,20251108,31490,2,15745
SO78431,ACC_CAB-1009,26897,1,20251027,20251029,20251108,221,1,221
SO78432,COM_RAM-1009,24671,3,20251017,20251022,20251102,7278,2,3639
SO78433,ACC_PWB-1010,22857,1,20251003,20251012,20251020,5574,2,2787
SO78434,ACC_CAB-1005,27033,4,20251025,20251103,20251108,225,1,225
SO78434,ACC_CAB-1009,27033,4,20251025,20251103,20251108,198,1,198
SO78434,DIS_MON-1005,27033,4,20251025,20251103,20251108,37090,2,18545
SO78434,GAM_CTR-1002,27033,4,20251025,20251103,20251108,3316,2,1658
SO78435,COM_DSK-1001,25672,7,20251012,20251019,20251031,31764,2,15882
SO78436,ACC_CAB-1005,20380,3,20251011,20251021,20251030,248,1,248
SO78436,GAM_ACC-1002,20380,3,20251011,20251021,20251030,2540,2,1270
SO78436,ACC_CHG-1010,20380,3,20251011,20251021,20251030,807,1,0
SO78436,GAM_ACC-1009,20380,3,20251011,20251021,20251030,8166,3,2722
SO78436,MOB_SWA-1011,20380,3,20251011,20251021,20251030,4271,1,4271
SO78437,GAM_CON-1008,23112,1,20251015,20251023,20251027,35398,2,17699
SO78437,GAM_CTR-1006,23112,1,20251015,20251023,20251027,5088,1,5088
SO78438,GAM_CON-1013,23204,6,20251005,20251010,20251020,89247,3,29749
SO78439,GAM_CON-1004,20083,3,20251016,20251021,20251030,31836,1,31836
SO78439,GAM_ACC-1017,20083,3,20251016,20251021,20251030,3551,1,3551
SO78439,GAM_ACC-1005,20083,3,20251016,0,20251030,3780,3,1260
SO78440,MOB_SMP-1003,26826,6,20251021,20251023,20251110,21575,1,21575
SO78440,GAM_CON-1018,26826,6,20251021,20251023,20251110,26360,2,13180
SO78440,COM_GPU-1009,26826,6,20251021,20251023,20251110,50025,3,16675
SO78441,COM_RAM-1015,24228,7,20251028,20251107,20251108,9135,3,3045
SO78442,GAM_CON-1007,22363,6,20251020,0,20251109,43898,2,21949
SO78443,GAM_ACC-1004,23698,6,20251008,20251013,20251026,1298,2,649
SO78444,MOB_SMP-1007,23704,5,20251003,20251006,20251020,20464,2,10232
SO78445,ACC_PWB-1012,20568,1,20251015,20251021,20251030,2089,1,2089
SO78446,DIS_TVS-1003,22821,5,20251028,20251101,20251111,16436,1,16436
SO78447,COM_DSK-1004,20953,2,20251016,20251025,20251102,26934,1,26934
SO78447,ACC_CAB-1013,20953,2,20251016,20251025,20251102,826,2,413
SO78447,COM_GPU-1004,20953,2,20251016,20251025,20251102,64152,2,32076
SO78448,MOB_SMP-1002,25310,6,20251025,20251027,20251107,37410,2,18705
SO78449,DIS_TVS-1003,25677,4,20251003,20251011,20251014,14646,1,14646
SO78449,ACC_CAB-1001,25677,4,20251003,20251011,20251014,242,1,242
SO78450,GAM_CON-1018,27048,5,20251021,0,20251102,12656,1,12656
SO78451,GAM_ACC-1014,23744,1,20251015,20251025,20251031,722,1,722
SO78452,DIS_TVS-1009,24332,1,20251016,20251026,20251028,14866,1,14866
SO78453, COM_LAP-1003,20216,2,20251012,20251016,20251024,100740,3,33580
SO78453,GAM_ACC-1009,20216,2,20251012,20251016,20251024,5308,2,2654
SO78453,ACC_PWB-1005,20216,2,20251012,20251016,20251024,930,1,930
SO78454,GAM_ACC-1006,23947,1,20251027,20251106,20251112,3449,1,3041
SO78455,COM_GPU-1004,21275,1,20251012,20251015,20251028,33460,1,33460
SO78456,COM_DSK-1003,24684,6,20251028,20251107,20251115,69382,1,69382
SO78457,GAM_ACC-1008,26309,4,20251005,20251015,20251025,3012,1,3012
SO78457,COM_STR-1004,26309,4,20251005,20251015,20251025,3909,1,3909
SO78458,COM_GPU-1009,23570,2,20251025,20251031,20251112,45981,3,0
SO78459,COM_GPU-1002,24286,3,20251027,0,20251110,94864,2,47432
SO78460, DIS_TVS-1013,25387,5,20251005,20251011,20251015,35867,1,35867
SO78460,ACC_CAS-1004,25387,5,20251005,20251011,20251015,,1,1220
SO78461,COM_RAM-1003,25758,6,20251024,20251028,20251105,2842,2,1421
SO78462,COM_DSK-1015,24058,7,20251013,20251015,20251026,40809,1,40809
SO78463,DIS_TVS-1008,22687,3,20251017,20251023,20251101,124172,2,62086
SO78464,COM_MTB-1002,22407,3,20251009,20251017,20251022,9377,1,9420
SO78464, COM_MTB-1005,22407,3,20251009,20251017,20251022,7062,3,2354
SO78465,ACC_CAS-1003,23333,4,20251001,20251008,20251011,1234,2,617
SO78466,ACC_CAS-1013,23895,5,20251007,20251017,20251024,388,1,388
SO78466,DIS_TVS-1006,23895,5,20251007,20251017,20251024,181464,3,60488
SO78466,GAM_CON-1006,23895,5,20251007,20251017,20251024,28410,1,28410
SO78466,COM_STR-1014,23895,5,20251007,20251017,20251024,26682,3,8894
SO78467,COM_RAM-1005,27084,4,20251021,20251023,20251101,4332,1,4332
SO78467,GAM_ACC-1013,27084,4,20251021,20251023,20251101,5205,3,1735
SO78468,ACC_CHG-1015,25919,2,20251006,20251009,20251024,2132,2,1066
SO78468,COM_GPU-1010,25919,2,20251006,20251009,20251024,133112,2,66556
SO78468,MOB_SMP-1008,25919,2,20251006,20251009,20251024,30768,2,15384
SO78468,COM_STR-1013,25919,2,20251006,20251009,20251024,10230,3,3410
SO78468,DIS_TVS-1006,25919,2,20251006,20251009,20251024,180399,3,60133
SO78468,COM_GPU-1008,25919,2,20251006,20251009,20251024,84344,2,42172
SO78469,COM_RAM-1005,24239,1,20251025,20251031,20251109,12327,3,4109
SO78470,GAM_ACC-1002,26878,6,20251009,20251017,20251028,1289,1,1289
SO78471,MOB_SMP-1010,21779,6,20251005,20251013,20251025,4170,1,4170
SO78472,ACC_PWB-1009,26334,5,20251025,20251031,20251107,676,1,676
SO78472,GAM_CON-1005,26334,5,20251025,20251031,20251107,55128,2,27564
SO78473,MOB_SWA-1015,26059,5,20251027,20251105,20251110,13132,1,13132
SO78474,MOB_SWA-1010,20001,2,20251009,20251018,20251026,10412,1,10412
SO78475,MOB_SMP-1011,26168,1,20251027,20251029,20251113,24721,1,24721
SO78475,ACC_CHG-1011,26168,1,20251027,20251029,20251113,2594,2,1297
SO78476,GAM_CON-1008,27076,2,20251026,20251028,20251114,59469,3,19823
SO78476,GAM_CTR-1010,27076,2,20251026,20251028,20251114,1540,1,1540
SO78477,COM_DSK-1009,21887,7,20251018,20251027,20251104,1269,1,1269
SO78478,MOB_TAB-1004,26831,1,20251008,20251012,20251018,11366,1,11366
SO78478,MOB_TAB-1006,26831,1,20251008,20251012,20251018,26868,3,8956
SO78479,COM_STR-1014,25310,1,20251031,20251106,20251117,19492,2,9746
SO78480,GAM_CON-1002,24267,7,20251015,20251023,20251026,22205,1,22205
SO78481,MOB_TAB-1007,21558,2,20251012,20251018,20251029,8196,1,0
SO78482,GAM_CTR-1014,23486,4,20251026,20251028,20251114,1235,1,1235
SO78483,COM_STR-1006,26700,4,20251021,20251028,20251101,15834,3,5278
SO78483,MOB_TAB-1005,26700,4,20251021,20251028,20251101,15387,1,15387
SO78484,MOB_TAB-1002,27318,1,20251008,20251016,20251024,20624,1,20624
SO78485,GAM_ACC-1015,26030,2,20251001,20251006,20251019,13314,3,4438
SO78485,GAM_CTR-1006,26030,2,20251001,20251006,20251019,4629,1,4629
SO78486,COM_DSK-1001,23800,4,20251016,20251020,20251026,14667,1,14667
SO78487,ACC_CAS-1007,24516,3,20251003,20251006,20251014,534,2,267
SO78487,COM_DSK-1017,24516,3,20251003,20251006,20251014,75295,1,75295
SO78487,ACC_CAB-1006,24516,3,20251003,20251006,20251014,885,3,295
SO78487,MOB_SWA-1003,24516,3,20251003,20251006,20251014,5100,2,2550
SO78488,ACC_PWB-1003,21497,3,20251002,20251010,20251012,7686,3,2562
SO78489,ACC_CAS-1006,26731,3,20251020,20251027,20251102,606,3,202
SO78490,MOB_TAB-1010,20628,5,20251022,20251028,20251108,32000,2,16000
SO78491,ACC_CAS-1009,20541,3,20251011,20251021,20251031,590,1,590
SO78492,ACC_CAS-1011,23099,6,20251013,20251021,20251030,635,1,635
SO78493,COM_STR-1018,26874,6,20251017,20251024,20251029,6728,1,6728
SO78493,ACC_PWB-1004,26874,6,20251017,20251024,20251029,2828,1,2828
SO78494,COM_STR-1010,24240,2,20251024,20251028,20251108,28638,3,9546
SO78495,DIS_TVS-1011,24852,3,20251013,20251015,20251028,55253,1,55253
SO78496,MOB_TAB-1011,21731,7,20251005,20251007,20251023,20603,1,20603
SO78497,COM_RAM-1015,26616,6,20251016,20251022,20251101,5720,2,2860
SO78497,GAM_CTR-1008,26616,6,20251016,20251022,20251101,8157,3,2719
SO78497,GAM_ACC-1020,26616,6,20251016,20251022,20251101,7215,3,2405
SO78497,ACC_CAS-1015,26616,6,20251016,20251022,20251101,238,1,238
SO78498,GAM_CON-1009,24616,5,20251017,20251021,20251030,38864,2,19432
SO78499,ACC_CAB-1009,27365,3,20251006,20251009,20251023,400,2,200
SO78500,COM_DSK-1006,23976,2,20251019,20251025,20251107,51601,1,51601
SO78501,MOB_TAB-1003,24744,4,20251001,20251006,20251021,35740,2,17870
SO78501,GAM_ACC-1013,24744,4,20251001,20251006,20251021,4983,3,1661
SO78502,ACC_CAB-1015,24363,4,20251011,20251018,20251023,448,1,448
SO78503,ACC_CAS-1008,26857,6,20251021,20251030,20251031,1077,3,359
SO78504,ACC_CHG-1002,21878,6,20251028,20251031,20251108,1074,2,537
SO78505,ACC_CHG-1009,20220,3,20251022,20251024,20251111,788,1,788
SO78505,GAM_CON-1004,20220,3,20251022,20251024,20251111,32160,1,32160
SO78506,GAM_CTR-1001,23028,5,20251006,20251011,20251024,3598,1,3598
SO78506,MOB_SWA-1013,23028,5,20251006,20251011,20251024,12304,1,12304
SO78507,ACC_CHG-1001,26293,3,20251008,20251016,20251022,560,1,560
SO78507,COM_LAP-1007,26293,3,20251008,20251016,20251022,111092,1,111322
SO78508,MOB_SMP-1005,26398,1,20251006,20251015,20251017,92894,2,46447
SO78509,GAM_CTR-1003,22355,5,20251024,20251031,20251109,9645,3,3215
SO78509,GAM_ACC-1016,22355,5,20251024,20251031,20251109,1809,1,1809
SO78510,ACC_CAS-1005,22918,5,20251011,20251020,20251027,926,2,463
SO78511,ACC_PWB-1012,20095,6,20251030,20251109,20251116,2243,1,2243
SO78512,ACC_CAB-1010,21123,6,20251010,20251015,20251029,932,2,0
SO78512,COM_LAP-1010,21123,6,20251010,0,20251029,129752,2,64876
SO78512,GAM_CTR-1002,21123,6,20251010,20251015,20251029,1853,1,1853
SO78512,ACC_CAB-1017,21123,6,20251010,20251015,20251029,-266,1,118
SO78512,COM_DSK-1018,21123,6,20251010,20251015,20251029,104478,3,0
SO78513,COM_LAP-1005,23157,4,20251001,20251004,20251019,189476,2,94738
SO78514,GAM_CTR-1005,20976,3,20251022,20251024,20251105,2256,1,2256
SO78515, MOB_SWA-1002,27033,1,20251025,20251104,20251111,21746,2,10873
SO78516,COM_DSK-1015,23985,7,20251017,20251026,20251105,37630,1,37630
SO78517,MOB_SWA-1014,25350,3,20251028,20251101,20251108,7071,1,7071
SO78517,COM_RAM-1011,25350,3,20251028,20251101,20251108,2569,1,2152
SO78517,COM_RAM-1015,25350,3,20251028,20251101,20251108,8571,3,2857
SO78518,COM_STR-1014,24934,4,20251020,20251024,20251031,,1,9564
SO78519,ACC_CAS-1012,25599,3,20251021,20251023,20251108,3657,3,1219
SO78520,DIS_TVS-1010,20943,1,20251030,0,20251119,39078,1,39078
SO78521,COM_DSK-1008,23979,2,20251021,20251028,20251108,213681,3,71227
SO78522,COM_GPU-1005,24690,6,20251027,20251105,20251114,27450,1,27450
SO78522,COM_STR-1002,24690,6,20251027,20251105,20251114,7822,1,7822
SO78523,COM_DSK-1007,23166,2,20251030,20251107,20251110,49171,1,49171
SO78524,GAM_ACC-1013,27076,3,20251027,20251101,20251106,1873,1,1873
SO78524,DIS_MON-1007,27076,3,20251027,20251101,20251106,21974,2,10987
SO78525,GAM_ACC-1004,26310,4,20251002,20251005,20251022,705,1,705
SO78526, COM_STR-1009,26323,6,20251004,20251010,20251017,5450,1,5450
SO78527,ACC_CHG-1004,24297,2,20251012,20251014,20251022,1612,2,806
SO78527,GAM_ACC-1009,24297,2,20251012,20251014,20251022,5298,2,2649
SO78528, GAM_ACC-1001,20324,6,20251029,20251104,20251114,5502,3,1834
SO78529,GAM_CTR-1010,27078,1,20251015,20251018,20251030,1633,1,1633
SO78529,GAM_CON-1017,27078,1,20251015,20251018,20251030,47883,3,15961
SO78530,COM_LAP-1013,21863,7,20251010,20251019,20251026,39807,1,39807
SO78531,MOB_SWA-1009,21681,7,20251029,20251104,20251117,7475,1,7475
SO78532,DIS_TVS-1005,22338,5,20251015,20251023,20251103,95236,2,0
SO78533,ACC_PWB-1009,25236,2,20251018,20251020,20251030,700,1,0
SO78534,ACC_CAS-1003,20289,7,20251009,20251019,20251026,1869,3,623
SO78535,COM_RAM-1001,26355,2,20251011,20251015,20251026,3955,1,3955
SO78536,GAM_ACC-1016,22248,3,20251004,20251006,20251024,3576,2,1788
SO78536,ACC_CAS-1002,22248,3,20251004,20251006,20251024,549,1,549
SO78536,MOB_SWA-1009,22248,3,20251004,20251006,20251024,7512,1,7512
SO78537,COM_DSK-1011,23179,6,20251012,20251015,20251029,53400,3,17800
SO78538,ACC_PWB-1004,26568,7,20251024,20251026,20251111,4908,2,2454
SO78538,COM_STR-1003,26568,7,20251024,20251026,20251111,7676,1,8091
SO78539,MOB_SWA-1004,24709,3,20251003,20251011,20251015,13801,1,13801
SO78540, GAM_CON-1003,21362,1,20251025,20251027,20251114,1311,1,1311
SO78540,DIS_MON-1001,21362,1,20251025,20251027,20251114,39147,3,13049
SO78541,GAM_CON-1012,24404,4,20251026,20251030,20251111,27670,1,27670
SO78542,ACC_PWB-1008,26639,2,20251002,20251007,20251013,5668,2,2834
SO78543,ACC_CAS-1011,23738,5,20251028,20251107,20251107,2193,3,731
SO78543,COM_RAM-1005,23738,5,20251028,20251107,20251107,13107,3,4369
SO78543,MOB_SMP-1004,23738,5,0,20251107,20251107,17749,1,17749
SO78543,DIS_MON-1002,23738,5,20251028,20251107,20251107,,1,14329
SO78544,GAM_CON-1001,22674,1,20251003,20251005,20251021,56842,2,28421
SO78544,GAM_ACC-1013,22674,1,20251003,20251005,20251021,1804,1,1804
SO78545,COM_MTB-1003,25169,1,20251017,20251022,20251029,7278,1,7278
SO78546,COM_RAM-1004,21043,7,20251008,20251018,20251027,8658,2,4329
SO78546,ACC_PWB-1004,21043,7,20251008,20251018,20251027,7755,3,2585
SO78546,DIS_TVS-1009,21043,7,20251008,20251018,20251027,15846,1,15846
SO78547,DIS_MON-1006,24183,5,20251021,20251030,20251108,,3,22444
SO78548,COM_DSK-1004,22216,4,20251019,20251028,20251102,83124,3,27708
SO78549,MOB_TAB-1003,21637,3,20251021,20251023,20251107,40330,2,-20165
SO78550,COM_RAM-1006,24198,7,20251009,20251011,20251019,3746,2,1873
SO78551,COM_RAM-1010,23407,5,20251017,20251024,20251105,1275,1,1275
SO78552,ACC_CAS-1012,26529,7,20251015,20251024,20251031,2410,2,1205
SO78552,GAM_ACC-1016,26529,7,20251015,20251024,20251031,3582,2,1791
SO78553,COM_GPU-1003,24108,6,20251005,20251010,20251021,2854,2,1258
SO78554,MOB_SWA-1004,23667,2,20251015,20251019,20251101,31458,2,15729
SO78555,COM_LAP-1002,25943,3,20251014,20251023,20251027,94892,1,94892
SO78556,MOB_TAB-1012,25615,7,20251021,20251025,20251108,105645,3,35215
SO78557,COM_RAM-1003,24812,1,20251007,20251016,20251018,1514,1,1514
SO78558,ACC_CAB-1016,27100,4,0,20251029,20251104,135,1,135
SO78559,COM_DSK-1010,21807,1,20251026,20251029,20251108,2328,2,1164
SO78560,GAM_CTR-1011,26700,4,20251025,20251101,20251106,1599,1,1599
SO78561,COM_RAM-1004,22777,7,20251012,20251017,20251022,11898,3,3966
SO78562,COM_DSK-1008,21782,1,20251029,20251102,20251112,66251,1,66251
SO78563,GAM_CTR-1009,27392,2,20251024,20251027,20251103,2706,1,2706
SO78564,DIS_TVS-1011,21882,1,20251004,20251006,20251018,54398,1,54398
SO78564,GAM_CTR-1012,21882,1,20251004,20251006,20251018,2194,1,2194
SO78564,GAM_CTR-1015,21882,1,20251004,20251006,20251018,8468,2,0
SO78564,MOB_SWA-1001,21882,1,20251004,20251006,20251018,12434,1,12434
SO78564,COM_RAM-1002,21882,1,20251004,20251006,20251018,7778,2,3889
SO78564,ACC_CHG-1007,21882,1,20251004,20251006,20251018,1178,1,1178
SO78565,ACC_PWB-1012,25420,1,20251027,20251105,20251108,4654,2,2327
SO78565,GAM_ACC-1010,25420,1,20251027,20251105,20251108,3438,2,1719
SO78565,ACC_PWB-1009,25420,1,20251027,20251105,20251108,742,1,742
SO78566,DIS_MON-1010,21420,5,20251008,20251010,20251021,14599,1,14599
SO78566,MOB_SWA-1004,21420,5,20251008,20251010,20251021,15467,1,15467
SO78567,COM_STR-1013,21434,1,20251021,20251026,20251104,6958,2,3479
SO78568,ACC_CHG-1012,21762,4,20251017,20251020,20251028,736,1,736
SO78569,GAM_ACC-1007,24302,6,20251019,20251027,20251031,6990,2,3495
SO78569,GAM_CON-1014,24302,6,20251019,20251027,20251031,24100,2,12050
SO78569,MOB_SWA-1002,24302,6,20251019,20251027,20251031,34383,3,11461
SO78570,GAM_CON-1009,22938,4,20251031,20251105,20251113,38390,2,19195
SO78570,MOB_SWA-1011,22938,4,20251031,20251105,20251113,12723,3,4241
SO78571,GAM_ACC-1016,21517,3,20251016,20251021,20251027,1862,1,0
SO78572,COM_STR-1012,20172,3,20251029,20251107,20251114,10317,1,10099
SO78573,MOB_SMP-1009,20687,1,20251014,20251019,20251030,99770,2,49885
SO78573,MOB_SWA-1007,20687,1,20251014,20251019,20251030,6723,1,6723
SO78573,COM_DSK-1018,20687,1,20251014,20251019,20251030,99525,3,33175
SO78573,COM_STR-1006,20687,1,20251014,20251019,20251030,9668,2,4834
SO78573,COM_LAP-1012,20687,1,20251014,20251019,20251030,74329,1,74329
SO78574,MOB_SMP-1011,23024,5,20251031,20251110,20251114,23913,1,23913
SO78575,ACC_PWB-1007,22695,2,20251027,20251104,20251111,2853,1,2853
SO78576,DIS_MON-1010,23138,6,20251030,20251106,20251112,48822,3,16274
SO78576,DIS_TVS-1006,23138,6,20251030,20251106,20251112,65721,1,65721
SO78577,ACC_CAB-1002,25877,6,20251028,20251103,20251117,2350,2,1175
SO78577,MOB_SMP-1006,25877,6,20251028,20251103,20251117,1257,1,1257
SO78578,GAM_ACC-1004,25079,3,20251021,20251031,20251109,662,1,662
SO78578,COM_LAP-1004,25079,3,20251021,20251031,20251109,70068,1,70068
SO78579,COM_DSK-1003,24922,1,20251009,20251018,20251020,77276,1,77276
SO78580,GAM_ACC-1007,26711,4,20251008,20251015,20251020,10593,3,3531
SO78581,GAM_CON-1013,25355,7,20251009,20251013,20251025,80634,3,26878
SO78582,GAM_CON-1006,27292,1,20251013,20251022,20251023,27282,1,-27282
SO78582,COM_MTB-1002,27292,1,20251013,20251022,20251023,9222,1,9222
SO78582,COM_LAP-1010,27292,1,20251013,20251022,20251023,131792,2,65896
SO78583,MOB_SMP-1003,22038,1,20251017,20251025,20251103,21612,1,21612
SO78583,COM_STR-1017,22038,1,20251017,20251025,20251103,28563,3,9367
SO78584,MOB_SMP-1003,23407,3,20251001,20251006,20251019,45336,2,22668
SO78584,ACC_CAS-1012,23407,3,20251001,20251006,20251019,2460,2,1230
SO78584,MOB_SWA-1015,23407,3,20251001,20251006,20251019,25682,2,12841
SO78585,COM_DSK-1016,22382,5,20251003,20251005,20251017,15728,1,15728
SO78586,DIS_MON-1002,21918,3,20251024,20251026,20251111,16478,1,16478
SO78587,ACC_CAS-1004,25364,7,20251017,20251023,20251106,1301,1,1301
SO78587,COM_RAM-1012,25364,7,20251017,20251023,20251106,4314,1,4314
SO78588,MOB_SMP-1001,20432,6,20251030,20251103,20251117,89884,2,44942
SO78589,DIS_TVS-1008,25619,6,20251002,20251006,20251014,60699,1,60699
SO78590,COM_STR-1012,20568,1,20251019,20251022,20251107,18084,2,9042
SO78590,DIS_TVS-1010,20568,1,20251019,20251022,20251107,39940,1,39940
SO78591,ACC_CAS-1002,21352,3,20251013,20251021,20251027,1458,3,486
SO78592,COM_DSK-1015,27666,5,20251015,20251022,20251026,105396,3,35132
SO78592,COM_LAP-1007,27666,5,20251015,20251022,20251026,197820,2,98910
SO78593,DIS_MON-1003,23595,4,20251013,20251022,20251102,26114,2,13057
SO78594,COM_STR-1015,20263,6,20251001,20251009,20251014,4140,3,1380
SO78595,MOB_SWA-1005,20729,2,20251002,0,20251018,12688,1,12688
SO78596,GAM_CTR-1016,24300,6,20251007,20251011,20251027,3406,1,3406
SO78596,COM_DSK-1006,24300,6,20251007,20251011,20251027,53684,1,53684
SO78596,MOB_TAB-1010,24300,6,20251007,20251011,20251027,14540,1,14540
SO78597,MOB_TAB-1010,24544,7,20251022,20251027,20251111,14719,1,14825
SO78598,GAM_CTR-1009,20882,3,20251020,20251027,20251105,2470,1,2470
SO78599,DIS_MON-1012,21155,7,20251011,20251013,20251028,8942,2,0
SO78599,COM_LAP-1009,21155,7,20251011,20251013,20251028,55878,2,27939
SO78599,GAM_CTR-1002,21155,7,20251011,20251013,20251028,5274,3,1758
SO78600,COM_DSK-1012,21507,6,20251020,20251027,20251030,183285,3,61095
SO78601,MOB_TAB-1003,23929,2,20251025,20251104,20251114,17723,1,17723
SO78601, COM_RAM-1007,23929,2,20251025,20251104,20251114,3052,1,3052
SO78601,MOB_SWA-1008,23929,2,20251025,20251104,20251114,14834,1,14834
SO78601,ACC_CAB-1015,23929,2,20251025,20251104,20251114,842,2,-421
SO78602,COM_LAP-1013,21898,1,20251010,20251015,20251021,79114,2,39557
SO78603,DIS_MON-1009,22743,6,20251005,20251009,20251023,36141,3,12047
SO78604,MOB_SMP-1010,23035,1,20251022,20251030,20251101,13308,3,4436
SO78605,ACC_CAB-1008,25334,2,20251015,20251020,20251027,267,1,267
SO78606,COM_STR-1003,23508,7,20251021,20251024,20251101,8145,1,8145
SO78606,GAM_CTR-1002,23508,7,20251021,20251024,20251101,5175,3,1725
SO78606,COM_DSK-1007,23508,7,20251021,20251024,20251101,142866,3,47622
SO78607,ACC_CAB-1004,24496,5,20251001,20251003,20251014,308,2,154
SO78608,GAM_ACC-1011,25590,6,20251027,20251104,20251107,1470,1,-1470
SO78609,COM_LAP-1004,22088,6,20251010,20251019,20251029,68607,1,68607
SO78610,GAM_ACC-1015,21872,2,20251025,20251030,20251108,4348,1,4348
SO78610,MOB_SMP-1011,21872,2,20251025,20251030,20251108,24829,1,0
SO78611,ACC_CAB-1002,24190,6,20251011,20251020,20251025,3756,3,1252
SO78612,GAM_CON-1003,26891,3,20251005,20251010,20251022,2616,2,1308
SO78613,DIS_TVS-1004,21180,5,20251018,20251028,20251028,108404,2,54202
SO78613,GAM_ACC-1005,21180,5,20251018,0,20251028,1204,1,1204
SO78614,MOB_SWA-1006,25156,6,20251008,20251013,20251018,24732,2,12366
SO78614,ACC_CAS-1001,25156,6,20251008,20251013,20251018,606,3,202
SO78615,MOB_TAB-1003,24300,1,20251008,20251016,20251021,55338,3,18446
SO78616,ACC_PWB-1007,23313,5,20251025,20251027,20251111,5452,2,2726
SO78616, GAM_ACC-1010,23313,5,20251025,20251027,20251111,3198,2,1599
SO78617,GAM_CTR-1016,27024,2,20251016,20251020,20251104,3225,1,3225
SO78617,GAM_CON-1015,27024,2,20251016,20251020,20251104,28990,1,28990
SO78618,ACC_CAB-1007,25821,7,20251018,20251025,20251029,744,2,372
SO78618,COM_RAM-1013,25821,7,20251018,20251025,20251029,1730,1,1730
SO78618,GAM_ACC-1017,25821,7,20251018,20251025,20251029,3955,1,3955
SO78619,ACC_CHG-1013,22948,4,20251012,20251020,20251022,749,1,749
SO78620,ACC_PWB-1004,21782,4,20251025,20251031,20251111,2450,1,2450
SO78620,MOB_SMP-1011,21782,4,20251025,20251031,20251111,45624,2,22812
SO78620,DIS_TVS-1002,21782,4,0,20251031,20251111,20025,1,20025
SO78621,COM_DSK-1017,20033,3,20251019,20251025,20251105,71342,1,71342
SO78622,MOB_SWA-1016,23650,6,20251001,20251006,20251015,8060,2,4030
SO78623,ACC_PWB-1013,22007,3,20251023,20251026,20251102,1704,3,568
SO78623,GAM_CTR-1017,22007,3,20251023,20251026,20251102,2988,2,1494
SO78623,GAM_CON-1017,22007,3,20251023,20251026,20251102,16257,1,16257
SO78624,COM_MTB-1007,26404,1,20251016,20251023,20251029,7330,2,3665
SO78625,COM_LAP-1002,22066,3,20251002,20251005,20251022,214524,2,107262
SO78626,MOB_TAB-1007,26985,4,20251021,20251026,20251108,7733,1,7949
SO78627,COM_DSK-1012,21480,1,20251023,20251102,20251112,60686,1,60686
SO78628,ACC_PWB-1003,21701,1,20251026,20251104,20251110,4550,2,2275
SO78629,GAM_CON-1017,21262,5,20251028,20251031,20251116,29714,2,14857
SO78630,COM_DSK-1005,22835,6,20251019,20251025,20251031,113487,3,37829
SO78631,ACC_CHG-1003,27114,6,20251023,20251026,20251111,584,2,292
SO78632,GAM_ACC-1004,24202,2,20251008,20251012,20251021,1258,2,629
SO78633,ACC_CHG-1015,20764,7,20251018,20251028,20251104,1000,1,1000
SO78634,COM_STR-1017,22018,5,20251028,20251102,20251108,18088,2,9044
SO78634,GAM_CON-1016,22018,5,20251028,20251102,20251108,11255,1,11255
SO78634,COM_LAP-1001,22018,5,20251028,20251102,20251108,109282,2,54641
SO78635,ACC_CAB-1016,24495,5,20251018,20251027,20251103,262,2,131
SO78636,GAM_ACC-1005,22725,3,20251030,20251102,20251113,1207,1,1207
SO78637,GAM_CON-1018,25948,1,20251002,20251004,20251014,12632,1,12632
SO78637,MOB_SMP-1006,25948,1,20251002,20251004,20251014,1361,1,1193
SO78638,GAM_ACC-1008,26640,2,20251021,20251029,20251102,6252,2,3126
SO78638,ACC_CAS-1005,26640,2,20251021,20251029,20251102,884,2,442
SO78638, COM_DSK-1006,26640,2,20251021,20251029,20251102,110212,2,55106
SO78639,GAM_CON-1001,22195,3,20251018,20251022,20251105,30173,1,30173
SO78640,ACC_CAS-1014,26537,2,20251015,20251020,20251027,680,1,680
SO78641,COM_LAP-1004,23761,3,20251028,20251030,20251109,134074,2,67037
SO78642,COM_DSK-1013,22323,1,20251025,20251031,20251114,2466,2,1233
SO78643,COM_DSK-1015,24925,7,20251018,20251024,20251107,106335,3,35445
SO78643,GAM_CON-1001,24925,7,20251018,20251024,20251107,30098,1,30098
SO78644,GAM_ACC-1005,24212,4,20251014,20251021,20251028,1222,1,1222
SO78645,MOB_TAB-1005,22173,6,20251029,20251104,20251117,15178,1,15178
SO78645,COM_RAM-1012,22173,6,20251029,20251104,20251117,4831,1,4831
SO78645,COM_MTB-1007,22173,6,20251029,20251104,20251117,3667,1,3667
SO78646,GAM_CTR-1012,24716,5,20251019,20251027,20251105,2170,1,2170
SO78647,ACC_CAS-1013,21529,2,20251018,20251021,20251102,382,1,382
SO78648,DIS_MON-1006,21963,5,20251025,20251101,20251114,21714,1,21714
SO78649,ACC_PWB-1006,26096,2,20251016,20251025,20251104,1692,1,1692
SO78650,COM_DSK-1011,23781,7,20251016,20251025,20251031,16992,1,16992
SO78651,COM_MTB-1006,25091,1,20251019,20251026,20251104,2967,1,2808
SO78651,ACC_PWB-1011,25091,1,20251019,20251026,20251104,2975,1,2975
SO78651,COM_RAM-1003,25091,1,20251019,20251026,20251104,1583,1,1583
SO78652,GAM_ACC-1008,22911,4,20251024,20251026,20251109,9600,3,3200
SO78653,COM_RAM-1006,22830,1,20251006,20251009,20251026,3580,2,1790
SO78653,COM_DSK-1007,22830,1,20251006,20251009,20251026,98890,2,49445
SO78654,MOB_SWA-1017,26432,6,20251003,20251009,20251023,14606,1,14606
SO78654,GAM_CON-1013,26432,6,20251003,20251009,20251023,86232,3,28744
SO78654,COM_RAM-1004,26432,6,20251003,20251009,20251023,4194,1,4194
SO78654,MOB_SWA-1016,26432,6,20251003,0,20251023,8898,2,4449
SO78655,MOB_SWA-1009,21122,1,20251010,20251013,20251024,15984,2,7992
SO78655,MOB_SWA-1007,21122,1,20251010,20251013,20251024,7234,1,7234
SO78655,GAM_CON-1014,21122,1,20251010,20251013,20251024,11385,1,11385
SO78656,ACC_CAS-1014,22675,2,20251012,20251014,20251024,1350,2,675
SO78656,DIS_TVS-1013,22675,2,20251012,20251014,20251024,77862,2,38931
SO78657,GAM_ACC-1015,26869,7,20251008,20251016,20251028,8330,2,4165
SO78657,COM_STR-1008,26869,7,20251008,20251016,20251028,4509,1,4509
SO78658,COM_DSK-1006,22658,6,20251018,20251028,20251029,56335,1,56335
SO78659,ACC_PWB-1007,20462,3,20251019,20251029,20251030,5810,2,2905
SO78659,GAM_CON-1017,20462,3,20251019,20251029,20251030,16366,1,16366
SO78659,COM_LAP-1003,20462,3,20251019,20251029,20251030,37569,1,37569
SO78659,COM_GPU-1012,20462,3,20251019,20251029,20251030,58708,2,29354
SO78660,DIS_MON-1007,20014,6,20251028,20251107,20251116,11059,1,11059
SO78661,ACC_PWB-1002,23037,3,20251025,20251027,20251111,617,1,617
SO78661,COM_GPU-1011,23037,3,20251025,20251027,20251111,39631,1,39631
SO78662,MOB_SWA-1013,20422,3,20251020,20251025,20251030,38457,3,12819
SO78662,COM_LAP-1008,20422,3,20251020,20251025,20251030,36307,1,36307
SO78662,COM_RAM-1001,20422,3,20251020,20251025,20251030,7670,2,3835
SO78663,GAM_CON-1018,23143,5,20251006,20251013,20251017,25268,2,12634
SO78663,ACC_CHG-1006,23143,5,20251006,20251013,20251017,873,1,873
SO78664,COM_GPU-1004,24563,5,20251011,20251015,20251030,33379,1,33379
SO78665,ACC_PWB-1008,27027,5,20251029,20251103,20251115,8841,3,2947
SO78666,COM_STR-1011,23678,1,20251004,20251008,20251024,8709,1,8709
SO78667,COM_GPU-1001,23452,2,20251020,20251027,20251109,75598,2,37799
SO78668,COM_LAP-1010,20173,4,20251008,20251015,20251023,144406,2,72203
SO78668,DIS_MON-1006,20173,4,20251008,20251015,20251023,42894,2,21447
SO78668,DIS_MON-1008,20173,4,20251008,20251015,20251023,43588,2,21794
SO78668,ACC_CAS-1015,20173,4,20251008,20251015,20251023,236,1,-236
SO78669,COM_STR-1006,25769,4,20251031,20251107,20251115,11028,2,5514
SO78669,DIS_MON-1007,25769,4,0,20251107,20251115,22588,2,11294
SO78670,GAM_ACC-1009,25007,3,20251027,20251104,20251109,2627,1,2627
SO78671,GAM_CTR-1004,27027,1,20251008,20251014,20251020,4891,1,4891
SO78671,ACC_PWB-1001,27027,1,20251008,20251014,20251020,4992,3,1664
SO78672,MOB_SWA-1008,26715,7,20251009,20251017,20251025,13785,1,13785
SO78672,COM_STR-1014,26715,7,20251009,20251017,20251025,27927,3,9309
SO78673,GAM_ACC-1014,23723,7,20251011,20251018,20251027,1392,2,696
SO78674,DIS_MON-1011,25452,4,20251015,0,20251029,15294,1,15294
SO78674,COM_STR-1002,25452,4,20251015,20251018,20251029,22395,3,7465
SO78674,DIS_MON-1009,25452,4,20251015,20251018,20251029,39843,3,13281
SO78675,MOB_SWA-1015,26820,6,20251006,20251016,20251019,26922,2,13461
SO78676,COM_DSK-1017,26232,2,20251026,20251031,20251106,67312,1,67312
SO78677,COM_DSK-1015,25152,2,20251017,20251027,20251102,40293,1,40293
SO78678,COM_RAM-1012,23014,5,20251024,20251026,20251103,4309,1,4309
SO78678,COM_RAM-1002,23014,5,20251024,20251026,20251103,4059,1,4059
SO78679,COM_DSK-1008,24554,7,20251009,20251016,20251025,65243,1,65243
SO78680,DIS_TVS-1001,21967,7,20251006,20251014,20251025,33183,3,11061
SO78681,DIS_TVS-1001,21164,5,0,20251006,20251016,11442,1,11442
SO78682,GAM_CTR-1002,25390,7,20251011,20251018,20251028,3562,2,1781
SO78683,GAM_CTR-1017,21338,7,20251014,20251024,20251025,1523,1,1523
SO78684,COM_DSK-1007,24844,7,20251016,20251023,20251030,48616,1,48616
SO78685,ACC_CAS-1004,24195,2,20251012,20251020,20251026,1347,1,1347
SO78686,COM_GPU-1008,26016,1,20251010,20251020,20251020,40599,1,40599
SO78686,GAM_CON-1010,26016,1,20251010,20251020,20251020,78681,3,26227
SO78687,MOB_SWA-1013,24331,1,20251012,20251021,20251023,13242,1,13242
SO78687,MOB_TAB-1009,24331,1,20251012,20251021,20251023,29824,1,29824
SO78688,DIS_MON-1007,22442,6,20251021,20251023,20251108,11204,1,11204
SO78688,GAM_ACC-1010,22442,6,20251021,20251023,20251108,1587,1,1587
SO78689,COM_MTB-1006,26498,5,20251008,20251014,20251027,2663,1,2663
SO78690,COM_RAM-1001,21716,7,20251009,20251012,20251023,4362,1,4362
SO78690,DIS_TVS-1008,21716,7,20251009,20251012,20251023,128802,2,64401
SO78691,ACC_CAB-1010,20063,2,20251013,20251018,20251029,461,1,461
SO78692,MOB_SMP-1003,25804,2,20251008,20251017,20251018,21909,1,21909
SO78693,ACC_CAS-1003,21392,3,20251018,20251024,20251104,1290,2,645
SO78694,GAM_ACC-1017,24524,6,20251015,20251024,20251027,7324,2,3662
SO78694,DIS_TVS-1009,24524,6,20251015,20251024,20251027,48393,3,16131
SO78695,GAM_CON-1016,26322,4,20251015,0,20251031,34848,3,11616
SO78695,MOB_SWA-1015,26322,4,20251015,20251017,20251031,25286,2,12643
SO78696,COM_LAP-1013,23603,6,20251027,20251102,20251106,44629,1,44629
SO78696,GAM_CTR-1016,23603,6,20251027,20251102,20251106,9222,3,3074
SO78696,COM_DSK-1017,23603,6,20251027,20251102,20251106,71229,1,71229
SO78696,COM_RAM-1004,23603,6,20251027,20251102,20251106,3884,1,3884
SO78697,COM_GPU-1002,22668,1,20251008,20251014,20251025,151950,3,50650
SO78697,GAM_ACC-1004,22668,1,20251008,20251014,20251025,1968,3,656
SO78698,ACC_CHG-1002,25681,6,20251031,20251107,20251115,562,1,562
SO78698,GAM_CTR-1005,25681,6,20251031,20251107,20251115,2280,1,2280
SO78699,ACC_CAB-1002,21005,7,20251007,20251017,20251019,2354,2,1177
SO78699,GAM_ACC-1013,21005,7,20251007,20251017,20251019,3636,2,1818
SO78699,ACC_CHG-1001,21005,7,20251007,20251017,20251019,598,1,598
SO78700,MOB_SWA-1007,26441,7,20251028,20251101,20251115,13630,2,6815
SO78700,COM_MTB-1005,26441,7,20251028,20251101,20251115,5262,2,2631
SO78700,GAM_CTR-1003,26441,7,20251028,20251101,20251115,6776,2,3388
SO78700,MOB_SMP-1003,26441,7,20251028,20251101,20251115,24311,1,24311
SO78700,COM_STR-1008,26441,7,20251028,20251101,20251115,11880,3,3960
SO78701,COM_DSK-1006,24756,3,20251010,20251013,20251024,59965,1,59965
SO78701,GAM_CON-1019,24756,3,20251010,20251013,20251024,1228,1,1228
SO78702,ACC_CAS-1013,22986,2,20251020,20251024,20251108,818,2,409
SO78702,MOB_SMP-1003,22986,2,20251020,20251024,20251108,65563,3,21858
SO78703,MOB_SMP-1011,22434,4,20251014,20251016,20251102,46950,2,23475
SO78704,COM_DSK-1013,25339,3,20251013,20251016,20251027,3747,3,1249
SO78705,MOB_SMP-1001,22858,5,20251030,20251103,20251115,50423,1,50423
SO78705, COM_STR-1018,22858,5,20251030,20251103,20251115,12960,2,6480
SO78705,COM_STR-1005,22858,5,20251030,20251103,20251115,15639,3,5213
SO78706,MOB_SMP-1001,24745,1,20251030,20251106,20251118,47165,1,47165
SO78707,COM_LAP-1007,25019,1,20251019,20251028,20251031,105185,1,105185
SO78708,MOB_SWA-1013,24190,5,20251006,20251014,20251019,24251,2,12108
SO78709,COM_RAM-1006,26193,6,20251002,20251009,20251017,5496,3,1832
SO78710,GAM_CTR-1004,23253,3,20251001,20251010,20251011,9174,2,4587
SO78711,COM_LAP-1006,24565,1,20251004,20251010,20251020,74565,1,74565
SO78711,ACC_CHG-1010,24565,1,20251004,20251010,20251020,1089,1,833
SO78712,COM_MTB-1006,26505,2,20251027,20251103,20251112,8379,3,2793
SO78713,GAM_ACC-1005,22920,6,20251021,20251031,20251106,1254,1,1254
SO78713,COM_RAM-1014,22920,6,20251021,20251031,20251106,5548,2,2774
SO78713,ACC_CAB-1003,22920,6,20251021,20251031,20251106,469,1,469
SO78713,COM_STR-1012,22920,6,20251021,20251031,20251106,9832,1,9832
SO78713,MOB_SWA-1009,22920,6,20251021,20251031,20251106,7905,1,7905
SO78714,GAM_CTR-1002,22482,1,20251022,20251024,20251109,3308,2,1654
SO78715,GAM_ACC-1020,24085,2,20251004,20251012,20251017,2642,1,2642
SO78715,GAM_CTR-1004,24085,2,20251004,20251012,20251017,4475,1,4475
SO78716,ACC_CAS-1007,23939,2,20251023,20251101,20251102,564,2,282
SO78716,GAM_ACC-1007,23939,2,20251023,20251101,20251102,3568,1,3568
SO78716,COM_STR-1006,23939,2,20251023,20251101,20251102,9660,2,4871
SO78717,COM_GPU-1012,23143,6,20251006,20251013,20251024,62532,2,31266
SO78717,DIS_TVS-1013,23143,6,20251006,20251013,20251024,38964,1,38964
SO78717,MOB_SWA-1019,23143,6,20251006,20251013,20251024,10794,1,10794
SO78717,ACC_CHG-1001,23143,6,20251006,20251013,20251024,645,1,645
SO78718,DIS_MON-1002,21914,5,20251014,20251023,20251029,28628,2,14314
SO78719,COM_DSK-1008,24419,1,20251010,20251016,20251027,65755,1,65755
SO78720,GAM_CON-1018,24924,4,20251006,20251010,20251018,11797,1,11797
SO78721,GAM_CON-1011,25138,3,20251028,20251107,20251110,21334,1,21334
SO78722,ACC_CHG-1006,26542,1,20251008,20251011,20251025,1926,2,963
SO78722,ACC_CAB-1001,26542,1,20251008,20251011,20251025,268,1,268
SO78723,MOB_SMP-1003,20033,1,20251019,20251025,20251030,46378,2,23189
SO78723,COM_DSK-1010,20033,1,20251019,20251025,20251030,3960,3,1320
SO78723, MOB_SMP-1008,20033,1,20251019,20251025,20251030,47184,3,15728
SO78724,MOB_SWA-1009,21234,6,20251005,20251008,20251025,16768,2,8384
SO78725,DIS_TVS-1004,25362,3,20251003,20251012,20251016,53592,1,53592
SO78726,MOB_SWA-1018,22930,1,20251027,20251031,20251112,11057,1,11057
SO78726,ACC_CHG-1007,22930,1,20251027,20251031,20251112,2460,2,1230
SO78726,GAM_CON-1020,22930,1,20251027,20251031,20251112,29937,1,29937
SO78726,DIS_MON-1005,22930,1,20251027,20251031,20251112,18352,1,18352
SO78726,GAM_CON-1001,22930,1,20251027,20251031,20251112,27872,1,27872
SO78727,DIS_TVS-1006,23664,5,20251022,20251101,20251109,62758,1,62758
SO78728,DIS_TVS-1001,23872,5,20251010,20251014,20251028,11236,1,11236
SO78729,DIS_TVS-1005,27219,4,20251006,20251009,20251024,86700,2,43350
SO78730,ACC_PWB-1012,27145,1,20251030,20251108,20251111,4174,2,2087
SO78731,COM_STR-1007,25253,2,20251031,20251102,20251120,17486,2,8743
SO78731,COM_GPU-1005,25253,2,20251031,20251102,20251120,88605,3,29535
SO78732,ACC_CAS-1010,20792,4,20251025,20251031,20251106,816,2,408
SO78733,DIS_TVS-1011,24741,3,20251003,20251012,20251014,55696,1,55696
SO78733,COM_GPU-1012,,3,20251003,20251012,20251014,94614,3,31538
SO78733,MOB_SWA-1007,24741,3,20251003,20251012,20251014,14352,2,0
SO78734,MOB_SMP-1008,24921,7,20251020,20251024,20251030,30846,2,15423
SO78735,COM_DSK-1017,26662,1,20251022,20251025,20251105,77823,1,77823
SO78735,COM_STR-1012,26662,1,20251022,20251025,20251105,28857,3,9619
SO78735,GAM_CTR-1013,26662,1,20251022,20251025,20251105,2214,2,1107
SO78736,GAM_CON-1004,25053,3,20251001,20251003,20251011,62624,2,31312
SO78737,COM_RAM-1005,21554,2,20251005,20251014,20251025,3993,1,3993
SO78738,GAM_ACC-1013,26809,4,20251010,20251012,20251030,1692,1,1692
SO78739,MOB_TAB-1007,21288,1,20251008,20251014,20251026,8323,1,8323
SO78740,COM_GPU-1003,25557,1,20251001,20251010,20251014,1295,1,1295
SO78741,ACC_CHG-1015,21343,1,20251014,20251019,20251028,956,1,956
SO78742,ACC_PWB-1002,23249,2,20251004,20251013,20251017,1989,3,663
SO78742,COM_DSK-1006,23249,2,20251004,20251013,20251017,53866,1,53866
SO78742,ACC_PWB-1009,23249,2,20251004,20251013,20251017,1398,2,699
SO78742,ACC_CAS-1002,23249,2,20251004,20251013,20251017,503,1,503
SO78743,DIS_MON-1007,21539,7,20251010,20251014,20251022,22962,2,11481
SO78744,COM_DSK-1009,25646,5,20251027,20251101,20251113,2484,2,1242
SO78744,MOB_TAB-1002,25646,5,20251027,20251101,20251113,39622,2,19811
SO78744,DIS_TVS-1009,25646,5,20251027,20251101,20251113,47106,3,15702
SO78745,ACC_CAB-1014,25154,5,20251005,20251011,20251016,658,2,329
SO78745,ACC_CAB-1013,25154,5,20251005,20251011,20251016,431,1,431
SO78745,ACC_PWB-1007,25154,5,20251005,20251011,20251016,2868,1,2868
SO78745,MOB_SWA-1006,25154,5,20251005,20251011,20251016,25624,2,12812
SO78746,COM_RAM-1003,24929,4,20251022,20251025,20251101,1483,1,1483
SO78747,GAM_CON-1012,22041,1,20251031,20251102,20251114,92031,3,30677
SO78748,COM_RAM-1014,23329,6,20251014,20251023,20251031,8682,3,2894
SO78749,COM_MTB-1001,21518,1,20251017,20251027,20251104,16996,2,8498
SO78749,COM_RAM-1004,21518,1,20251017,20251027,20251104,8876,2,4438
SO78749,COM_LAP-1003,21518,1,20251017,20251027,20251104,101943,3,33981
SO78750,COM_LAP-1013,23599,2,20251024,20251027,20251105,82380,2,41190
SO78751,COM_RAM-1008,26730,3,20251002,20251009,20251022,3880,1,3802
SO78752,DIS_MON-1012,21039,6,20251002,20251011,20251012,4043,1,4043
SO78752,ACC_CAS-1005,21039,6,20251002,20251011,20251012,876,2,438
SO78753,DIS_TVS-1004,22824,1,20251013,20251016,20251025,55534,1,55534
SO78754,COM_DSK-1017,26910,2,20251025,20251104,20251106,66501,1,66501
SO78754,GAM_CTR-1015,26910,2,20251025,20251104,20251106,14427,3,4809
SO78755,COM_MTB-1003,21073,6,20251003,20251011,20251017,7808,1,7808
SO78756,COM_GPU-1003,20108,2,20251003,20251011,20251014,3981,3,1327
SO78757,COM_STR-1017,23743,5,20251013,20251019,20251031,8663,1,8663
SO78757,GAM_ACC-1017,23743,5,20251013,20251019,20251031,7704,2,3852
SO78758,MOB_TAB-1008,23128,6,20251019,20251028,20251101,40468,2,20234
SO78758,COM_MTB-1003,23128,6,20251019,20251028,20251101,7098,1,7098
SO78759,GAM_CTR-1014,26642,5,20251013,20251021,20251024,2314,2,1157
SO78760,GAM_CTR-1003,22477,1,20251006,20251012,20251019,3384,1,3384
SO78760,MOB_TAB-1004,22477,1,20251006,20251012,20251019,21874,2,10937
SO78761,COM_LAP-1005,26091,3,20251004,20251014,20251018,95304,1,95304
SO78762,GAM_CTR-1005,25844,1,20251021,20251029,20251108,4360,2,2180
SO78762,MOB_SMP-1002,25844,1,20251021,20251029,20251108,34097,2,0
SO78763,MOB_SMP-1003,25030,2,20251027,20251105,20251111,44216,2,22108
SO78764,COM_MTB-1006,20245,1,20251015,20251023,20251029,5876,2,2938
SO78764,COM_MTB-1002,20245,1,20251015,20251023,20251029,27363,3,9121
SO78765,GAM_CON-1005,22584,3,20251011,20251019,20251025,60838,2,30419
SO78765, ACC_CHG-1010,22584,3,20251011,20251019,20251025,2604,3,868
SO78766,DIS_TVS-1009,21609,2,20251016,20251022,20251101,30412,2,15206
SO78767,GAM_CTR-1012,20710,5,20251003,20251010,20251017,2306,1,2306
SO78767,COM_GPU-1006,20710,5,20251003,20251010,20251017,72318,1,72318
SO78767,COM_LAP-1007,20710,5,20251003,20251010,20251017,328146,3,0
SO78768,ACC_CAB-1012,26208,7,20251024,20251026,20251104,1399,3,375
SO78768,GAM_CON-1014,26208,7,20251024,20251026,20251104,10743,1,10743
SO78769,ACC_CAB-1011,23539,4,20251015,20251020,20251031,836,2,418
SO78770,ACC_CAB-1015,26742,3,20251010,20251013,20251026,868,2,434
SO78770,GAM_CTR-1014,26742,3,20251010,20251013,20251026,1184,1,1184
SO78770,MOB_TAB-1001,26742,3,20251010,20251013,20251026,38313,3,12771
SO78770,GAM_ACC-1005,26742,3,20251010,20251013,20251026,2340,2,1170
SO78771,GAM_CTR-1010,27361,7,20251010,20251012,20251023,3384,2,1692
SO78772,COM_RAM-1002,20809,7,20251012,20251019,20251024,7580,2,3790
SO78773,DIS_TVS-1008,25071,7,20251017,20251026,20251102,64004,1,64004
SO78774,COM_DSK-1008,26084,3,20251017,20251020,20251106,62376,1,62376
SO78775,GAM_CON-1005,24572,1,20251005,20251007,20251017,60984,2,30492
SO78775,COM_DSK-1002,24572,1,20251005,20251007,20251017,88688,2,44344
SO78775,ACC_PWB-1010,24572,1,20251005,20251007,20251017,2781,1,2781
SO78775,ACC_CAS-1001,24572,1,20251005,20251007,20251017,410,2,-205
SO78776,COM_MTB-1006,27042,1,20251013,20251015,20251024,8040,3,2680
SO78777,GAM_ACC-1016,20260,6,20251005,20251007,20251025,3894,2,1947
SO78777,COM_MTB-1003,20260,6,20251005,20251007,20251025,14058,2,7029
SO78778,ACC_CAB-1010,22558,2,20251002,20251012,20251018,902,2,451
SO78779,GAM_ACC-1012,26930,7,20251006,20251016,20251018,4274,2,2137
SO78779,COM_DSK-1017,26930,7,20251006,20251016,20251018,71337,1,71337
SO78779,GAM_ACC-1020,26930,7,20251006,20251016,20251018,2369,1,2369
SO78779,DIS_MON-1006,26930,7,20251006,20251016,20251018,60321,3,20107
SO78780,MOB_SWA-1005,25897,4,20251021,20251031,20251102,38661,3,0
SO78781,COM_STR-1008,25501,1,20251015,20251025,20251026,4270,1,4270
SO78782,GAM_CON-1005,24075,3,20251022,20251031,20251103,59440,2,29720
SO78783,MOB_SWA-1010,24353,4,20251014,20251024,20251103,10538,1,10538
SO78784,GAM_ACC-1002,20069,3,20251014,20251018,20251102,1300,1,1300
SO78785,MOB_SMP-1012,27399,5,20251009,20251019,20251023,2494,2,-1247
SO78785,ACC_CHG-1006,27399,5,20251009,20251019,20251023,1690,2,845
SO78786,ACC_CAS-1015,27082,1,20251027,20251029,20251109,771,3,257
SO78787,COM_STR-1016,25216,4,20251024,20251030,20251106,17538,3,5846
SO78787,COM_GPU-1004,25216,4,20251024,20251030,20251106,65240,2,32620
SO78787,COM_MTB-1006,25216,4,20251024,20251030,20251106,2587,1,2587
SO78787, MOB_SWA-1012,25216,4,20251024,20251030,20251106,12194,1,12194
SO78787,MOB_SWA-1016,25216,4,20251024,20251030,20251106,4095,1,4095
SO78788,GAM_CTR-1002,25031,1,20251018,20251024,20251101,1704,1,1704
SO78789, GAM_CTR-1017,21348,7,20251017,20251023,20251106,1537,1,1537
